ID,Description,variationId,behaviorJudgeId,ezStateBehaviorType_old,refType,refId,sfxVariationId,stamina,mp,category,heroPoint
0,"テスト用",0,0,0,0,0,-1,0,0,0,0
1,"PC_自動テスト用攻撃",0,0,0,1,1,-1,0,0,5,0
10,"PC_共通_卵攻撃",0,0,0,0,10,-1,20,0,5,0
100,"PC_共通_落下",0,0,0,0,100,-1,0,0,0,0
400,"共通攻撃【落下】_攻撃防具",0,0,0,0,200,0,0,0,9,0
401,"共通攻撃【着地】_攻撃防具",0,0,0,0,201,0,0,0,9,0
402,"共通攻撃【ドスン着地】_攻撃防具",0,0,0,0,202,0,0,0,9,0
403,"共通攻撃【転倒着地】_攻撃防具",0,0,0,0,203,0,0,0,9,0
404,"共通攻撃【ローリング】_攻撃防具",0,0,0,0,204,0,0,0,5,0
405,"共通攻撃【召喚】_攻撃防具",0,0,0,0,205,0,0,0,5,0
406,"共通攻撃【仰向け落下】_攻撃防具",0,0,0,0,206,0,0,0,5,0
407,"共通攻撃【特定敵崩し効果】_攻撃防具",0,0,0,0,307,0,0,0,5,0
410,"共通攻撃【プッシュ】_攻撃防具",0,0,0,0,210,0,0,0,5,0
411,"共通攻撃【後へ吹っ飛ぶ】_攻撃防具",0,0,0,0,211,0,0,0,5,0
412,"共通攻撃【前に吹っ飛び】_攻撃防具",0,0,0,0,212,0,0,0,5,0
413,"共通攻撃【プッシュ後】_攻撃防具",0,0,0,0,213,0,0,0,5,0
420,"共通攻撃【投げ】_攻撃防具",0,0,0,0,220,0,0,0,5,0
421,"共通攻撃【強投げ】_攻撃防具",0,0,0,0,221,0,0,0,5,0
422,"共通攻撃【パリィ叩きつけ】_攻撃防具",0,0,0,0,222,0,0,0,5,0
442,"共通攻撃【ハシゴ_滑り降り】攻撃防具",0,0,0,0,44,0,0,0,5,0
500,"共通攻撃【落下】",0,0,0,0,300,0,0,0,9,0
501,"共通攻撃【着地】",0,0,0,0,301,0,0,0,9,0
502,"共通攻撃【ドスン着地】",0,0,0,0,302,0,0,0,9,0
503,"共通攻撃【転倒着地】",0,0,0,0,303,0,0,0,9,0
504,"共通攻撃【ローリング】",0,0,0,0,304,0,0,0,5,0
505,"共通攻撃【召喚】",0,0,0,0,305,0,0,0,5,0
506,"共通攻撃【仰向け落下】",0,0,0,0,306,0,0,0,5,0
507,"共通攻撃【特定敵崩し効果】",0,0,0,0,307,0,0,0,5,0
510,"共通攻撃【プッシュ】",0,0,0,0,310,0,0,0,5,0
511,"共通攻撃【後へ吹っ飛ぶ】",0,0,0,0,311,0,0,0,5,0
512,"共通攻撃【前に吹っ飛び】",0,0,0,0,312,0,0,0,5,0
513,"共通攻撃【プッシュ後】",0,0,0,0,313,0,0,0,5,0
520,"共通攻撃【投げ】",0,0,0,0,320,0,0,0,5,0
521,"共通攻撃【強投げ】",0,0,0,0,321,0,0,0,5,0
522,"共通攻撃【パリィ叩きつけ】",0,0,0,0,322,0,0,0,5,0
530,"共通攻撃【ハシゴ_右パンチ】",0,0,0,0,40,0,20,0,5,0
531,"共通攻撃【ハシゴ_右キック】",0,0,0,0,41,0,20,0,9,0
540,"共通攻撃【ハシゴ_左パンチ】",0,0,0,0,42,0,20,0,5,0
541,"共通攻撃【ハシゴ_左キック】",0,0,0,0,43,0,20,0,9,0
542,"共通攻撃【ハシゴ_滑り降り】",0,0,0,0,44,0,0,0,5,0
600,"落下　半径1ｍ",0,0,0,0,200,0,0,0,5,0
601,"吹っ飛び（弱）　半径1ｍ",0,0,0,0,201,0,0,0,5,0
602,"吹っ飛び（強）　半径1ｍ",0,0,0,0,202,0,0,0,5,0
1000,"因果応報_爆発",0,0,0,1,12000,0,0,0,4,0
100080830,"投げ用仮想武器_共通_一段目+0",80,830,1,0,80830,0,20,0,1,0
100080831,"投げ用仮想武器_共通_一段目+1",80,831,1,0,80831,0,20,0,1,0
100080832,"投げ用仮想武器_共通_一段目+2",80,832,1,0,80832,0,20,0,1,0
100080833,"投げ用仮想武器_共通_一段目+3",80,833,1,0,80833,0,20,0,1,0
100080834,"投げ用仮想武器_共通_一段目+4",80,834,1,0,80834,0,20,0,1,0
100080835,"投げ用仮想武器_共通_一段目+5",80,835,1,0,80835,0,20,0,1,0
100080836,"投げ用仮想武器_共通_一段目+6",80,836,1,0,80836,0,20,0,1,0
100080837,"投げ用仮想武器_共通_一段目+7",80,837,1,0,80837,0,20,0,1,0
100080838,"投げ用仮想武器_共通_一段目+8",80,838,1,0,80838,0,20,0,1,0
100080839,"投げ用仮想武器_共通_一段目+9",80,839,1,0,80839,0,20,0,1,0
100080840,"投げ用仮想武器_共通_一段目+10",80,840,1,0,80840,0,20,0,1,0
100080845,"投げ用仮想武器_通常_二段目+0",80,845,1,0,80845,0,0,0,1,0
100080846,"投げ用仮想武器_通常_二段目+1",80,846,1,0,80846,0,0,0,1,0
100080847,"投げ用仮想武器_通常_二段目+2",80,847,1,0,80847,0,0,0,1,0
100080848,"投げ用仮想武器_通常_二段目+3",80,848,1,0,80848,0,0,0,1,0
100080849,"投げ用仮想武器_通常_二段目+4",80,849,1,0,80849,0,0,0,1,0
100080850,"投げ用仮想武器_通常_二段目+5",80,850,1,0,80850,0,0,0,1,0
100080851,"投げ用仮想武器_通常_二段目+6",80,851,1,0,80851,0,0,0,1,0
100080852,"投げ用仮想武器_通常_二段目+7",80,852,1,0,80852,0,0,0,1,0
100080853,"投げ用仮想武器_通常_二段目+8",80,853,1,0,80853,0,0,0,1,0
100080854,"投げ用仮想武器_通常_二段目+9",80,854,1,0,80854,0,0,0,1,0
100080855,"投げ用仮想武器_通常_二段目+10",80,855,1,0,80855,0,0,0,1,0
100080860,"投げ用仮想武器_ボス_二段目+0",80,860,1,0,80860,0,0,0,1,0
100080861,"投げ用仮想武器_ボス_二段目+1",80,861,1,0,80861,0,0,0,1,0
100080862,"投げ用仮想武器_ボス_二段目+2",80,862,1,0,80862,0,0,0,1,0
100080863,"投げ用仮想武器_ボス_二段目+3",80,863,1,0,80863,0,0,0,1,0
100080864,"投げ用仮想武器_ボス_二段目+4",80,864,1,0,80864,0,0,0,1,0
100080865,"投げ用仮想武器_ボス_二段目+5",80,865,1,0,80865,0,0,0,1,0
100080866,"投げ用仮想武器_ボス_二段目+6",80,866,1,0,80866,0,0,0,1,0
100080867,"投げ用仮想武器_ボス_二段目+7",80,867,1,0,80867,0,0,0,1,0
100080868,"投げ用仮想武器_ボス_二段目+8",80,868,1,0,80868,0,0,0,1,0
100080869,"投げ用仮想武器_ボス_二段目+9",80,869,1,0,80869,0,0,0,1,0
100080870,"投げ用仮想武器_ボス_二段目+10",80,870,1,0,80870,0,0,0,1,0
100090000,"尼僧短剣_モードA_小1",90,0,1,0,90000,0,0,0,1,0
100100000,"素手_モードA_小1",100,0,1,0,100000,0,15,0,1,0
100100010,"素手_モードA_小2",100,10,1,0,100010,0,17,0,1,0
100100020,"素手_モードA_小3",100,20,1,0,100020,0,20,0,1,0
100100030,"素手_モードA_小4",100,30,1,0,100030,0,22,0,1,0
100100040,"素手_モードA_小5",100,40,1,0,100040,0,25,0,1,0
100100100,"素手_モードA_大1",100,100,1,0,100100,0,30,0,1,0
100100110,"素手_モードA_大2",100,110,1,0,100110,0,32,0,1,0
100100120,"素手_モードA_大3",100,120,1,0,100120,0,35,0,1,0
100100150,"素手_モードA_溜め小_右1",100,150,1,0,100150,0,30,0,1,0
100100170,"素手_モードA_溜め大_右1",100,170,1,0,100170,0,45,0,1,0
100100200,"素手_モードA_バックステップ小",100,200,1,0,100200,0,20,0,1,0
100100210,"素手_モードA_バックステップ大",100,210,1,0,100210,0,30,0,1,0
100100220,"素手_モードA_回避小_前",100,220,1,0,100220,0,15,0,1,0
100100230,"素手_モードA_回避小_後",100,230,1,0,100230,0,15,0,1,0
100100240,"素手_モードA_回避小_左",100,240,1,0,100240,0,15,0,1,0
100100250,"素手_モードA_回避小_右",100,250,1,0,100250,0,15,0,1,0
100100260,"素手_モードA_回避大_前",100,260,1,0,100260,0,30,0,1,0
100100270,"素手_モードA_回避大_後",100,270,1,0,100270,0,30,0,1,0
100100280,"素手_モードA_回避大_左",100,280,1,0,100280,0,30,0,1,0
100100290,"素手_モードA_回避大_右",100,290,1,0,100290,0,30,0,1,0
100100300,"素手_モードA_近距離",100,300,1,0,100300,0,10,0,9,0
100100310,"素手_モードA_ジャンプ",100,310,1,0,100310,0,40,0,1,0
100100320,"素手_モードA_ダッシュ小",100,320,1,0,100320,0,20,0,1,0
100100330,"素手_モードA_ダッシュ大",100,330,1,0,100330,0,35,0,1,0
100100340,"素手_モードA_落下攻撃_落下中",100,340,1,0,100340,0,0,0,1,0
100100341,"素手_モードA_落下攻撃_着地",100,341,1,0,100341,0,50,0,1,0
100100390,"素手_モードA_モードチェンジ攻撃_右",100,390,1,0,100390,0,20,0,1,0
100100395,"素手_モードA_モードチェンジ攻撃_左",100,395,1,0,100395,0,20,0,1,0
100100400,"素手_モードB_小1",100,400,1,0,100400,0,20,0,1,0
100100410,"素手_モードB_小2",100,410,1,0,100410,0,22,0,1,0
100100420,"素手_モードB_小3",100,420,1,0,100420,0,25,0,1,0
100100430,"素手_モードB_小4",100,430,1,0,100430,0,27,0,1,0
100100440,"素手_モードB_小5",100,440,1,0,100440,0,30,0,1,0
100100500,"素手_モードB_大1",100,500,1,0,100500,0,40,0,1,0
100100510,"素手_モードB_大2",100,510,1,0,100510,0,40,0,1,0
100100520,"素手_モードB_大3",100,520,1,0,100520,0,40,0,1,0
100100550,"素手_モードB_溜め小_右1",100,550,1,0,100550,0,40,0,1,0
100100570,"素手_モードB_溜め大_右1",100,570,1,0,100570,0,55,0,1,0
100100600,"素手_モードB_バックステップ小",100,600,1,0,100600,0,20,0,1,0
100100610,"素手_モードB_バックステップ大",100,610,1,0,100610,0,40,0,1,0
100100620,"素手_モードB_回避小_前",100,620,1,0,100620,0,20,0,1,0
100100630,"素手_モードB_回避小_後",100,630,1,0,100630,0,20,0,1,0
100100640,"素手_モードB_回避小_左",100,640,1,0,100640,0,20,0,1,0
100100650,"素手_モードB_回避小_右",100,650,1,0,100650,0,20,0,1,0
100100660,"素手_モードB_回避大_前",100,660,1,0,100660,0,35,0,1,0
100100670,"素手_モードB_回避大_後",100,670,1,0,100670,0,35,0,1,0
100100680,"素手_モードB_回避大_左",100,680,1,0,100680,0,35,0,1,0
100100690,"素手_モードB_回避大_右",100,690,1,0,100690,0,35,0,1,0
100100700,"素手_モードB_近距離",100,700,1,0,100700,0,10,0,9,0
100100710,"素手_モードB_ジャンプ",100,710,1,0,100710,0,40,0,1,0
100100720,"素手_モードB_ダッシュ小",100,720,1,0,100720,0,25,0,1,0
100100730,"素手_モードB_ダッシュ大",100,730,1,0,100730,0,40,0,1,0
100100740,"素手_モードB_落下攻撃_落下中",100,740,1,0,100740,0,0,0,1,0
100100741,"素手_モードB_落下攻撃_着地",100,741,1,0,100741,0,55,0,1,0
100100790,"素手_モードB_モードチェンジ攻撃_右",100,790,1,0,100790,0,20,0,1,0
100100795,"素手_モードB_モードチェンジ攻撃_左",100,795,1,0,100795,0,20,0,1,0
100100800,"素手_左手_小1",100,800,1,0,100800,0,10,0,2,0
100100900,"素手_ガード_モードB",100,900,1,0,100900,0,0,0,0,0
100100901,"素手_ガード_左手",100,901,1,0,100901,0,0,0,0,0
100100910,"素手_モードA_L小1",100,910,1,0,100910,0,25,0,2,0
100100930,"素手_モードA_L大1",100,930,1,0,100930,0,45,0,2,0
100100990,"素手_ハシゴ_右パンチ",100,990,1,0,100990,0,20,0,1,0
100100991,"素手_ハシゴ_右キック",100,991,1,0,100991,0,20,0,1,0
100100992,"素手_ハシゴ_左パンチ",100,992,1,0,100992,0,20,0,1,0
100100993,"素手_ハシゴ_左キック",100,993,1,0,100993,0,20,0,1,0
100101000,"素手（なめくじ）_モードA_小1",101,0,1,0,101000,0,15,0,1,0
100101010,"素手（なめくじ）_モードA_小2",101,10,1,0,101010,0,17,0,1,0
100101020,"素手（なめくじ）_モードA_小3",101,20,1,0,101020,0,20,0,1,0
100101030,"素手（なめくじ）_モードA_小4",101,30,1,0,101030,0,22,0,1,0
100101040,"素手（なめくじ）_モードA_小5",101,40,1,0,101040,0,25,0,1,0
100101150,"素手（なめくじ）_モードA_溜め小1",101,150,1,0,101150,0,30,0,1,0
100101170,"素手（なめくじ）_モードA_溜め大1",101,170,1,0,101170,0,45,0,1,0
100101200,"素手（なめくじ）_モードA_バックステップ小",101,200,1,0,101200,0,20,0,1,0
100101210,"素手（なめくじ）_モードA_バックステップ大",101,210,1,0,101210,0,30,0,1,0
100101220,"素手（なめくじ）_モードA_回避小_前",101,220,1,0,101220,0,15,0,1,0
100101230,"素手（なめくじ）_モードA_回避小_後",101,230,1,0,101230,0,15,0,1,0
100101240,"素手（なめくじ）_モードA_回避小_左",101,240,1,0,101240,0,15,0,1,0
100101250,"素手（なめくじ）_モードA_回避小_右",101,250,1,0,101250,0,15,0,1,0
100101310,"素手（なめくじ）_モードA_ジャンプ",101,310,1,0,101310,0,40,0,1,0
100101320,"素手（なめくじ）_モードA_ダッシュ小",101,320,1,0,101320,0,20,0,1,0
100101330,"素手（なめくじ）_モードA_ダッシュ大",101,330,1,0,101330,0,35,0,1,0
100101340,"素手（なめくじ）_モードA_落下攻撃_落下中",101,340,1,0,101340,0,0,0,1,0
100101341,"素手（なめくじ）_モードA_落下攻撃_着地",101,341,1,0,101341,0,50,0,1,0
100101390,"素手（なめくじ）_モードA_モードチェンジ攻撃_右",101,390,1,0,101390,0,20,0,1,0
100101395,"素手（なめくじ）_モードA_モードチェンジ攻撃_左",101,395,1,0,101395,0,20,0,1,0
100101400,"素手（なめくじ）_モードB_小1",101,400,1,0,101400,0,20,0,1,0
100101410,"素手（なめくじ）_モードB_小2",101,410,1,0,101410,0,22,0,1,0
100101420,"素手（なめくじ）_モードB_小3",101,420,1,0,101420,0,25,0,1,0
100101430,"素手（なめくじ）_モードB_小4",101,430,1,0,101430,0,27,0,1,0
100101440,"素手（なめくじ）_モードB_小5",101,440,1,0,101440,0,30,0,1,0
100101500,"素手（なめくじ）_モードB_L21",101,500,1,0,101500,0,40,0,1,0
100101510,"素手（なめくじ）_モードB_L22",101,510,1,0,101510,0,40,0,1,0
100101520,"素手（なめくじ）_モードB_L23",101,520,1,0,101520,0,40,0,1,0
100101550,"素手（なめくじ）_モードB_溜め小_右1",101,550,1,0,101550,0,40,0,1,0
100101570,"素手（なめくじ）_モードB_溜め大_右1",101,570,1,0,101570,0,55,0,1,0
100101600,"素手（なめくじ）_モードB_バックステップ小",101,600,1,0,101600,0,20,0,1,0
100101610,"素手（なめくじ）_モードB_バックステップ大",101,610,1,0,101610,0,40,0,1,0
100101620,"素手（なめくじ）_モードB_回避小_前",101,620,1,0,101620,0,20,0,1,0
100101630,"素手（なめくじ）_モードB_回避小_後",101,630,1,0,101630,0,20,0,1,0
100101640,"素手（なめくじ）_モードB_回避小_左",101,640,1,0,101640,0,20,0,1,0
100101650,"素手（なめくじ）_モードB_回避小_右",101,650,1,0,101650,0,20,0,1,0
100101710,"素手（なめくじ）_モードB_ジャンプ",101,710,1,0,101710,0,40,0,1,0
100101720,"素手（なめくじ）_モードB_ダッシュ小",101,720,1,0,101720,0,25,0,1,0
100101730,"素手（なめくじ）_モードB_ダッシュ大",101,730,1,0,101730,0,40,0,1,0
100101740,"素手（なめくじ）_モードB_落下攻撃_落下中",101,740,1,0,101740,0,0,0,1,0
100101741,"素手（なめくじ）_モードB_落下攻撃_着地",101,741,1,0,101741,0,55,0,1,0
100101790,"素手（なめくじ）_モードB_モードチェンジ攻撃_右",101,790,1,0,101790,0,20,0,1,0
100101795,"素手（なめくじ）_モードB_モードチェンジ攻撃_左",101,795,1,0,101795,0,20,0,1,0
100200000,"刀_モードA_小1",200,0,1,0,200000,0,23,0,1,0
100200010,"刀_モードA_小2",200,10,1,0,200010,0,23,0,1,0
100200020,"刀_モードA_小3",200,20,1,0,200020,0,23,0,1,0
100200030,"刀_モードA_小4",200,30,1,0,200030,0,23,0,1,0
100200040,"刀_モードA_小5",200,40,1,0,200040,0,23,0,1,0
100200100,"刀_モードA_大1",200,100,1,0,200100,0,40,0,1,0
100200110,"刀_モードA_大2",200,110,1,0,200110,0,40,0,1,0
100200120,"刀_モードA_大3",200,120,1,0,200120,0,40,0,1,0
100200150,"刀_モードA_溜め小_右1",200,150,1,0,200150,0,40,0,1,0
100200170,"刀_モードA_溜め大_右1",200,170,1,0,200170,0,60,0,1,0
100200200,"刀_モードA_バックステップ小",200,200,1,0,200200,0,20,0,1,0
100200210,"刀_モードA_バックステップ大",200,210,1,0,200210,0,40,0,1,0
100200220,"刀_モードA_回避小_前",200,220,1,0,200220,0,20,0,1,0
100200230,"刀_モードA_回避小_後",200,230,1,0,200230,0,20,0,1,0
100200240,"刀_モードA_回避小_左",200,240,1,0,200240,0,20,0,1,0
100200250,"刀_モードA_回避小_右",200,250,1,0,200250,0,20,0,1,0
100200260,"刀_モードA_回避大_前",200,260,1,0,200260,0,40,0,1,0
100200270,"刀_モードA_回避大_後",200,270,1,0,200270,0,40,0,1,0
100200280,"刀_モードA_回避大_左",200,280,1,0,200280,0,40,0,1,0
100200290,"刀_モードA_回避大_右",200,290,1,0,200290,0,40,0,1,0
100200300,"刀_モードA_近距離",200,300,1,0,200300,0,10,0,9,0
100200310,"刀_モードA_ジャンプ",200,310,1,0,200310,0,50,0,1,0
100200320,"刀_モードA_ダッシュ小",200,320,1,0,200320,0,30,0,1,0
100200330,"刀_モードA_ダッシュ大",200,330,1,0,200330,0,50,0,1,0
100200340,"刀_モードA_落下攻撃_落下中",200,340,1,0,200340,0,0,0,1,0
100200341,"刀_モードA_落下攻撃_着地",200,341,1,0,200341,0,50,0,1,0
100200390,"刀_モードA_モードチェンジ攻撃_右",200,390,1,0,200390,0,20,0,1,0
100200395,"刀_モードA_モードチェンジ攻撃_左",200,395,1,0,200395,0,20,0,1,0
100200400,"刀_モードB_小1",200,400,1,0,200400,0,25,0,1,0
100200410,"刀_モードB_小2",200,410,1,0,200410,0,25,0,1,0
100200420,"刀_モードB_小3",200,420,1,0,200420,0,25,0,1,0
100200430,"刀_モードB_小4",200,430,1,0,200430,0,25,0,1,0
100200440,"刀_モードB_小5",200,440,1,0,200440,0,25,0,1,0
100200500,"刀_モードB_大1",200,500,1,0,200500,0,55,0,1,0
100200510,"刀_モードB_大2",200,510,1,0,200510,0,55,0,1,0
100200600,"刀_モードB_バックステップ小",200,600,1,0,200600,0,25,0,1,0
100200610,"刀_モードB_バックステップ大",200,610,1,0,200610,0,50,0,1,0
100200620,"刀_モードB_回避小_前",200,620,1,0,200620,0,25,0,1,0
100200630,"刀_モードB_回避小_後",200,630,1,0,200630,0,25,0,1,0
100200640,"刀_モードB_回避小_左",200,640,1,0,200640,0,25,0,1,0
100200650,"刀_モードB_回避小_右",200,650,1,0,200650,0,25,0,1,0
100200660,"刀_モードB_回避大_前",200,660,1,0,200660,0,50,0,1,0
100200670,"刀_モードB_回避大_後",200,670,1,0,200670,0,50,0,1,0
100200680,"刀_モードB_回避大_左",200,680,1,0,200680,0,50,0,1,0
100200690,"刀_モードB_回避大_右",200,690,1,0,200690,0,50,0,1,0
100200700,"刀_モードB_近距離",200,700,1,0,200700,0,10,0,9,0
100200710,"刀_モードB_ジャンプ",200,710,1,0,200710,0,60,0,1,0
100200720,"刀_モードB_ダッシュ小",200,720,1,0,200720,0,40,0,1,0
100200730,"刀_モードB_ダッシュ大",200,730,1,0,200730,0,60,0,1,0
100200740,"刀_モードB_落下攻撃_落下中",200,740,1,0,200740,0,0,0,1,0
100200741,"刀_モードB_落下攻撃_着地",200,741,1,0,200741,0,60,0,1,0
100200780,"刀_モードB_抜刀小攻撃",200,780,1,0,200780,0,20,0,1,0
100200785,"刀_モードB_抜刀大攻撃",200,785,1,0,200785,0,20,0,1,0
100200790,"刀_モードB_モードチェンジ攻撃_右",200,790,1,0,200790,0,35,0,1,0
100200795,"刀_モードB_モードチェンジ攻撃_左",200,795,1,0,200795,0,35,0,1,0
100200800,"刀_左手_小1",200,800,1,0,200800,0,20,0,2,0
100200900,"刀_ガード_モードB",200,900,1,0,200900,0,0,0,0,0
100200901,"刀_ガード_左手",200,901,1,0,200901,0,0,0,0,0
100200910,"刀_モードB_L小1",200,910,1,0,200910,0,55,0,1,0
100200930,"刀_モードB_L大1",200,930,1,0,200930,0,60,0,1,0
100200940,"刀_モードB_L大2",200,940,1,0,200940,0,50,0,1,0
100400000,"双剣_モードA_小1",400,0,1,0,400000,0,15,0,1,0
100400010,"双剣_モードA_小2",400,10,1,0,400010,0,15,0,1,0
100400020,"双剣_モードA_小3",400,20,1,0,400020,0,15,0,1,0
100400100,"双剣_モードA_大1",400,100,1,0,400100,0,30,0,1,0
100400110,"双剣_モードA_大2",400,110,1,0,400110,0,30,0,1,0
100400120,"双剣_モードA_大3",400,120,1,0,400120,0,30,0,1,0
100400150,"双剣_モードA_溜め小_右1",400,150,1,0,400150,0,30,0,1,0
100400170,"双剣_モードA_溜め大_右1",400,170,1,0,400170,0,50,0,1,0
100400200,"双剣_モードA_バックステップ小",400,200,1,0,400200,0,15,0,1,0
100400210,"双剣_モードA_バックステップ大",400,210,1,0,400210,0,25,0,1,0
100400220,"双剣_モードA_回避小_前",400,220,1,0,400220,0,15,0,1,0
100400230,"双剣_モードA_回避小_後",400,230,1,0,400230,0,15,0,1,0
100400240,"双剣_モードA_回避小_左",400,240,1,0,400240,0,15,0,1,0
100400250,"双剣_モードA_回避小_右",400,250,1,0,400250,0,15,0,1,0
100400260,"双剣_モードA_回避大_前",400,260,1,0,400260,0,30,0,1,0
100400270,"双剣_モードA_回避大_後",400,270,1,0,400270,0,30,0,1,0
100400280,"双剣_モードA_回避大_左",400,280,1,0,400280,0,30,0,1,0
100400290,"双剣_モードA_回避大_右",400,290,1,0,400290,0,30,0,1,0
100400300,"双剣_モードA_近距離",400,300,1,0,400300,0,10,0,9,0
100400310,"双剣_モードA_ジャンプ",400,310,1,0,400310,0,45,0,1,0
100400320,"双剣_モードA_ダッシュ小",400,320,1,0,400320,0,20,0,1,0
100400330,"双剣_モードA_ダッシュ大",400,330,1,0,400330,0,25,0,1,0
100400340,"双剣_モードA_落下攻撃_落下中",400,340,1,0,400340,0,0,0,1,0
100400341,"双剣_モードA_落下攻撃_着地",400,341,1,0,400341,0,50,0,1,0
100400390,"双剣_モードA_モードチェンジ攻撃_右",400,390,1,0,400390,0,15,0,1,0
100400395,"双剣_モードA_モードチェンジ攻撃_左",400,395,1,0,400395,0,12,0,1,0
100400400,"双剣_モードB_小1",400,400,1,0,400400,0,11,0,1,0
100400410,"双剣_モードB_小2",400,410,1,0,400410,0,11,0,1,0
100400420,"双剣_モードB_小3",400,420,1,0,400420,0,11,0,1,0
100400430,"双剣_モードB_小4",400,430,1,0,400430,0,18,0,1,0
100400440,"双剣_モードB_小5",400,440,1,0,400440,0,13,0,1,0
100400450,"双剣_モードB_小6",400,450,1,0,400450,0,14,0,1,0
100400460,"双剣_モードB_小7",400,460,1,0,400460,0,16,0,1,0
100400470,"双剣_モードB_小8",400,470,1,0,400470,0,16,0,1,0
100400500,"双剣_モードB_大1",400,500,1,0,400500,0,45,0,1,0
100400510,"双剣_モードB_大2",400,510,1,0,400510,0,50,0,1,0
100400600,"双剣_モードB_バックステップ小",400,600,1,0,400600,0,15,0,1,0
100400610,"双剣_モードB_バックステップ大",400,610,1,0,400610,0,25,0,1,0
100400620,"双剣_モードB_回避小_前",400,620,1,0,400620,0,15,0,1,0
100400630,"双剣_モードB_回避小_後",400,630,1,0,400630,0,15,0,1,0
100400640,"双剣_モードB_回避小_左",400,640,1,0,400640,0,15,0,1,0
100400650,"双剣_モードB_回避小_右",400,650,1,0,400650,0,15,0,1,0
100400660,"双剣_モードB_回避大_前",400,660,1,0,400660,0,30,0,1,0
100400670,"双剣_モードB_回避大_後",400,670,1,0,400670,0,30,0,1,0
100400680,"双剣_モードB_回避大_左",400,680,1,0,400680,0,30,0,1,0
100400690,"双剣_モードB_回避大_右",400,690,1,0,400690,0,30,0,1,0
100400700,"双剣_モードB_近距離",400,700,1,0,400700,0,10,0,9,0
100400710,"双剣_モードB_ジャンプ",400,710,1,0,400710,0,45,0,1,0
100400720,"双剣_モードB_ダッシュ小",400,720,1,0,400720,0,22,0,1,0
100400730,"双剣_モードB_ダッシュ大",400,730,1,0,400730,0,28,0,1,0
100400740,"双剣_モードB_落下攻撃_落下中",400,740,1,0,400740,0,0,0,1,0
100400741,"双剣_モードB_落下攻撃_着地",400,741,1,0,400741,0,50,0,1,0
100400790,"双剣_モードB_モードチェンジ攻撃_右",400,790,1,0,400790,0,15,0,1,0
100400795,"双剣_モードB_モードチェンジ攻撃_左",400,795,1,0,400795,0,15,0,1,0
100400800,"双剣_左手_小1",400,800,1,0,400800,0,15,0,2,0
100400901,"双剣_ガード_左手",400,901,1,0,400901,0,0,0,0,0
100400930,"双剣_モードB_L大1",400,930,1,0,400930,0,45,0,1,0
100500000,"斧竿_モードA_小1",500,0,1,0,500000,0,25,0,1,0
100500010,"斧竿_モードA_小2",500,10,1,0,500010,0,25,0,1,0
100500020,"斧竿_モードA_小3",500,20,1,0,500020,0,25,0,1,0
100500030,"斧竿_モードA_小4",500,30,1,0,500030,0,25,0,1,0
100500100,"斧竿_モードA_大1",500,100,1,0,500100,0,45,0,1,0
100500110,"斧竿_モードA_大2",500,110,1,0,500110,0,45,0,1,0
100500120,"斧竿_モードA_大3",500,120,1,0,500120,0,45,0,1,0
100500150,"斧竿_モードA_溜め小_右1",500,150,1,0,500150,0,45,0,1,0
100500170,"斧竿_モードA_溜め大_右1",500,170,1,0,500170,0,75,0,1,0
100500200,"斧竿_モードA_バックステップ小",500,200,1,0,500200,0,15,0,1,0
100500210,"斧竿_モードA_バックステップ大",500,210,1,0,500210,0,35,0,1,0
100500220,"斧竿_モードA_回避小_前",500,220,1,0,500220,0,15,0,1,0
100500230,"斧竿_モードA_回避小_後",500,230,1,0,500230,0,15,0,1,0
100500240,"斧竿_モードA_回避小_左",500,240,1,0,500240,0,15,0,1,0
100500250,"斧竿_モードA_回避小_右",500,250,1,0,500250,0,15,0,1,0
100500260,"斧竿_モードA_回避大_前",500,260,1,0,500260,0,35,0,1,0
100500270,"斧竿_モードA_回避大_後",500,270,1,0,500270,0,35,0,1,0
100500280,"斧竿_モードA_回避大_左",500,280,1,0,500280,0,35,0,1,0
100500290,"斧竿_モードA_回避大_右",500,290,1,0,500290,0,35,0,1,0
100500300,"斧竿_モードA_近距離",500,300,1,0,500300,0,10,0,9,0
100500310,"斧竿_モードA_ジャンプ",500,310,1,0,500310,0,60,0,1,0
100500320,"斧竿_モードA_ダッシュ小",500,320,1,0,500320,0,35,0,1,0
100500330,"斧竿_モードA_ダッシュ大",500,330,1,0,500330,0,60,0,1,0
100500340,"斧竿_モードA_落下攻撃_落下中",500,340,1,0,500340,0,0,0,1,0
100500341,"斧竿_モードA_落下攻撃_着地",500,341,1,0,500341,0,50,0,1,0
100500390,"斧竿_モードA_モードチェンジ攻撃_右",500,390,1,0,500390,0,30,0,1,0
100500395,"斧竿_モードA_モードチェンジ攻撃_左",500,395,1,0,500395,0,30,0,1,0
100500400,"斧竿_モードB_小1",500,400,1,0,500400,0,27,0,1,0
100500410,"斧竿_モードB_小2",500,410,1,0,500410,0,32,0,1,0
100500420,"斧竿_モードB_小3",500,420,1,0,500420,0,27,0,1,0
100500430,"斧竿_モードB_小4",500,430,1,0,500430,0,32,0,1,0
100500440,"斧竿_モードB_小5",500,440,1,0,500440,0,32,0,1,0
100500500,"斧竿_モードB_大1",500,500,1,0,500500,0,45,0,1,0
100500510,"斧竿_モードB_大2",500,510,1,0,500510,0,45,0,1,0
100500520,"斧竿_モードB_大3",500,520,1,0,500520,0,50,0,1,0
100500600,"斧竿_モードB_バックステップ小",500,600,1,0,500600,0,15,0,1,0
100500610,"斧竿_モードB_バックステップ大",500,610,1,0,500610,0,30,0,1,0
100500620,"斧竿_モードB_回避小_前",500,620,1,0,500620,0,15,0,1,0
100500630,"斧竿_モードB_回避小_後",500,630,1,0,500630,0,15,0,1,0
100500640,"斧竿_モードB_回避小_左",500,640,1,0,500640,0,15,0,1,0
100500650,"斧竿_モードB_回避小_右",500,650,1,0,500650,0,15,0,1,0
100500660,"斧竿_モードB_回避大_前",500,660,1,0,500660,0,30,0,1,0
100500670,"斧竿_モードB_回避大_後",500,670,1,0,500670,0,30,0,1,0
100500680,"斧竿_モードB_回避大_左",500,680,1,0,500680,0,30,0,1,0
100500690,"斧竿_モードB_回避大_右",500,690,1,0,500690,0,30,0,1,0
100500700,"斧竿_モードB_近距離",500,700,1,0,500700,0,10,0,9,0
100500710,"斧竿_モードB_ジャンプ",500,710,1,0,500710,0,60,0,1,0
100500720,"斧竿_モードB_ダッシュ小",500,720,1,0,500720,0,35,0,1,0
100500730,"斧竿_モードB_ダッシュ大",500,730,1,0,500730,0,60,0,1,0
100500740,"斧竿_モードB_落下攻撃_落下中",500,740,1,0,500740,0,0,0,1,0
100500741,"斧竿_モードB_落下攻撃_着地",500,741,1,0,500741,0,50,0,1,0
100500790,"斧竿_モードB_モードチェンジ攻撃_右",500,790,1,0,500790,0,30,0,1,0
100500795,"斧竿_モードB_モードチェンジ攻撃_左",500,795,1,0,500795,0,30,0,1,0
100500800,"斧竿_左手_小1",500,800,1,0,500800,0,25,0,2,0
100500810,"斧竿_左手_小2",500,810,1,0,500810,0,25,0,2,0
100500820,"斧竿_左手_小3",500,820,1,0,500820,0,25,0,2,0
100500900,"斧竿_ガード_モードB",500,900,1,0,500900,0,0,0,0,0
100500901,"斧竿_ガード_左手",500,901,1,0,500901,0,0,0,0,0
100500910,"斧竿_モードB_L小1",500,910,1,0,500910,0,50,0,1,0
100500930,"斧竿_モードB_L大1",500,930,1,0,500930,0,100,0,1,0
100500931,"斧竿_モードB_L大1_2撃目",500,931,1,0,500931,0,0,0,1,0
100510000,"剣鎌_モードA_小1",510,0,1,0,510000,0,23,0,1,0
100510010,"剣鎌_モードA_小2",510,10,1,0,510010,0,23,0,1,0
100510020,"剣鎌_モードA_小3",510,20,1,0,510020,0,23,0,1,0
100510030,"剣鎌_モードA_小4",510,30,1,0,510030,0,23,0,1,0
100510040,"剣鎌_モードA_小5",510,40,1,0,510040,0,23,0,1,0
100510100,"剣鎌_モードA_大1",510,100,1,0,510100,0,40,0,1,0
100510110,"剣鎌_モードA_大2",510,110,1,0,510110,0,40,0,1,0
100510120,"剣鎌_モードA_大3",510,120,1,0,510120,0,40,0,1,0
100510150,"剣鎌_モードA_溜め小_右1",510,150,1,0,510150,0,45,0,1,0
100510170,"剣鎌_モードA_溜め大_右1",510,170,1,0,510170,0,65,0,1,0
100510200,"剣鎌_モードA_バックステップ小",510,200,1,0,510200,0,12,0,1,0
100510210,"剣鎌_モードA_バックステップ大",510,210,1,0,510210,0,28,0,1,0
100510220,"剣鎌_モードA_回避小_前",510,220,1,0,510220,0,15,0,1,0
100510230,"剣鎌_モードA_回避小_後",510,230,1,0,510230,0,15,0,1,0
100510240,"剣鎌_モードA_回避小_左",510,240,1,0,510240,0,15,0,1,0
100510250,"剣鎌_モードA_回避小_右",510,250,1,0,510250,0,15,0,1,0
100510260,"剣鎌_モードA_回避大_前",510,260,1,0,510260,0,28,0,1,0
100510270,"剣鎌_モードA_回避大_後",510,270,1,0,510270,0,28,0,1,0
100510280,"剣鎌_モードA_回避大_左",510,280,1,0,510280,0,28,0,1,0
100510290,"剣鎌_モードA_回避大_右",510,290,1,0,510290,0,28,0,1,0
100510300,"剣鎌_モードA_近距離",510,300,1,0,510300,0,10,0,9,0
100510310,"剣鎌_モードA_ジャンプ",510,310,1,0,510310,0,60,0,1,0
100510320,"剣鎌_モードA_ダッシュ小",510,320,1,0,510320,0,20,0,1,0
100510330,"剣鎌_モードA_ダッシュ大",510,330,1,0,510330,0,25,0,1,0
100510340,"剣鎌_モードA_落下攻撃_落下中",510,340,1,0,510340,0,0,0,1,0
100510341,"剣鎌_モードA_落下攻撃_着地",510,341,1,0,510341,0,50,0,1,0
100510390,"剣鎌_モードA_モードチェンジ攻撃_右",510,390,1,0,510390,0,25,0,1,0
100510395,"剣鎌_モードA_モードチェンジ攻撃_左",510,395,1,0,510395,0,25,0,1,0
100510400,"剣鎌_モードB_小1",510,400,1,0,510400,0,28,0,1,0
100510410,"剣鎌_モードB_小2",510,410,1,0,510410,0,28,0,1,0
100510420,"剣鎌_モードB_小3",510,420,1,0,510420,0,28,0,1,0
100510430,"剣鎌_モードB_小4",510,430,1,0,510430,0,28,0,1,0
100510500,"剣鎌_モードB_大1",510,500,1,0,510500,0,50,0,1,0
100510510,"剣鎌_モードB_大2",510,510,1,0,510510,0,40,0,1,0
100510520,"剣鎌_モードB_大3",510,520,1,0,510520,0,50,0,1,0
100510530,"剣鎌_モードB_大4",510,530,1,0,510530,0,50,0,1,0
100510600,"剣鎌_モードB_バックステップ小",510,600,1,0,510600,0,12,0,1,0
100510610,"剣鎌_モードB_バックステップ大",510,610,1,0,510610,0,28,0,1,0
100510620,"剣鎌_モードB_回避小_前",510,620,1,0,510620,0,12,0,1,0
100510630,"剣鎌_モードB_回避小_後",510,630,1,0,510630,0,18,0,1,0
100510640,"剣鎌_モードB_回避小_左",510,640,1,0,510640,0,18,0,1,0
100510650,"剣鎌_モードB_回避小_右",510,650,1,0,510650,0,18,0,1,0
100510660,"剣鎌_モードB_回避大_前",510,660,1,0,510660,0,25,0,1,0
100510670,"剣鎌_モードB_回避大_後",510,670,1,0,510670,0,25,0,1,0
100510680,"剣鎌_モードB_回避大_左",510,680,1,0,510680,0,25,0,1,0
100510690,"剣鎌_モードB_回避大_右",510,690,1,0,510690,0,25,0,1,0
100510700,"剣鎌_モードB_近距離",510,700,1,0,510700,0,10,0,9,0
100510710,"剣鎌_モードB_ジャンプ",510,710,1,0,510710,0,60,0,1,0
100510720,"剣鎌_モードB_ダッシュ小",510,720,1,0,510720,0,18,0,1,0
100510730,"剣鎌_モードB_ダッシュ大",510,730,1,0,510730,0,25,0,1,0
100510740,"剣鎌_モードB_落下攻撃_落下中",510,740,1,0,510740,0,0,0,1,0
100510741,"剣鎌_モードB_落下攻撃_着地",510,741,1,0,510741,0,50,0,1,0
100510790,"剣鎌_モードB_モードチェンジ攻撃_右",510,790,1,0,510790,0,20,0,1,0
100510795,"剣鎌_モードB_モードチェンジ攻撃_左",510,795,1,0,510795,0,20,0,1,0
100510800,"剣鎌_左手_小1",510,800,1,0,510800,0,25,0,2,0
100510810,"剣鎌_左手_小2",510,810,1,0,510810,0,25,0,2,0
100510820,"剣鎌_左手_小3",510,820,1,0,510820,0,25,0,2,0
100510900,"剣鎌_ガード_モードB",510,900,1,0,510900,0,0,0,0,0
100510901,"剣鎌_ガード_左手",510,901,1,0,510901,0,0,0,0,0
100510910,"剣鎌_モードB_L小1",510,910,1,0,510910,0,40,0,1,0
100510930,"剣鎌_モードB_L大1",510,930,1,0,510930,0,100,0,1,0
100510931,"剣鎌_モードB_L大1_2撃目",510,931,1,0,510931,0,0,0,1,0
100600800,"長銃_工房_射撃",600,800,1,1,600,0,0,0,2,0
100600810,"長銃_工房_射撃（特殊）",600,810,1,1,610,0,0,0,2,0
100600960,"長銃_工房_火だるま延焼",600,960,1,1,77,0,0,0,0,0
100610800,"長銃_教会_射撃",610,800,1,1,620,0,0,0,2,0
100610810,"長銃_教会_射撃（特殊）",610,810,1,1,630,0,0,0,2,0
100610960,"長銃_教会_火だるま延焼",610,960,1,1,77,0,0,0,0,0
100700000,"ノコナタ_モードA_小1",700,0,1,0,700000,0,20,0,1,0
100700010,"ノコナタ_モードA_小2",700,10,1,0,700010,0,20,0,1,0
100700020,"ノコナタ_モードA_小3",700,20,1,0,700020,0,20,0,1,0
100700030,"ノコナタ_モードA_小4",700,30,1,0,700030,0,20,0,1,0
100700040,"ノコナタ_モードA_小5",700,40,1,0,700040,0,20,0,1,0
100700100,"ノコナタ_モードA_大1",700,100,1,0,700100,0,35,0,1,0
100700110,"ノコナタ_モードA_大2",700,110,1,0,700110,0,35,0,1,0
100700120,"ノコナタ_モードA_大3",700,120,1,0,700120,0,35,0,1,0
100700130,"ノコナタ_モードA_大4",700,130,1,0,700130,0,35,0,1,0
100700150,"ノコナタ_モードA_溜め小_右1",700,150,1,0,700150,0,35,0,1,0
100700170,"ノコナタ_モードA_溜め大_右1",700,170,1,0,700170,0,50,0,1,0
100700200,"ノコナタ_モードA_バックステップ小",700,200,1,0,700200,0,15,0,1,0
100700210,"ノコナタ_モードA_バックステップ大",700,210,1,0,700210,0,25,0,1,0
100700220,"ノコナタ_モードA_回避小_前",700,220,1,0,700220,0,17,0,1,0
100700230,"ノコナタ_モードA_回避小_後",700,230,1,0,700230,0,17,0,1,0
100700240,"ノコナタ_モードA_回避小_左",700,240,1,0,700240,0,17,0,1,0
100700250,"ノコナタ_モードA_回避小_右",700,250,1,0,700250,0,17,0,1,0
100700260,"ノコナタ_モードA_回避大_前",700,260,1,0,700260,0,25,0,1,0
100700270,"ノコナタ_モードA_回避大_後",700,270,1,0,700270,0,25,0,1,0
100700280,"ノコナタ_モードA_回避大_左",700,280,1,0,700280,0,25,0,1,0
100700290,"ノコナタ_モードA_回避大_右",700,290,1,0,700290,0,25,0,1,0
100700300,"ノコナタ_モードA_近距離",700,300,1,0,700300,0,10,0,9,0
100700310,"ノコナタ_モードA_ジャンプ",700,310,1,0,700310,0,50,0,1,0
100700320,"ノコナタ_モードA_ダッシュ小",700,320,1,0,700320,0,30,0,1,0
100700330,"ノコナタ_モードA_ダッシュ大",700,330,1,0,700330,0,45,0,1,0
100700340,"ノコナタ_モードA_落下攻撃_落下中",700,340,1,0,700340,0,0,0,1,0
100700341,"ノコナタ_モードA_落下攻撃_着地",700,341,1,0,700341,0,50,0,1,0
100700390,"ノコナタ_モードA_モードチェンジ攻撃_右",700,390,1,0,700390,0,23,0,1,0
100700395,"ノコナタ_モードA_モードチェンジ攻撃_左",700,395,1,0,700395,0,23,0,1,0
100700400,"ノコナタ_モードB_小1",700,400,1,0,700400,0,24,0,1,0
100700410,"ノコナタ_モードB_小2",700,410,1,0,700410,0,24,0,1,0
100700420,"ノコナタ_モードB_小3",700,420,1,0,700420,0,24,0,1,0
100700500,"ノコナタ_モードB_大1",700,500,1,0,700500,0,38,0,1,0
100700510,"ノコナタ_モードB_大2",700,510,1,0,700510,0,38,0,1,0
100700550,"ノコナタ_モードB_溜め小_右1",700,550,1,0,700550,0,38,0,1,0
100700555,"ノコナタ_モードB_溜め小_左1",700,555,1,0,700555,0,38,0,1,0
100700570,"ノコナタ_モードB_溜め大_右1",700,570,1,0,700570,0,50,0,1,0
100700575,"ノコナタ_モードB_溜め大_左1",700,575,1,0,700575,0,50,0,1,0
100700580,"ノコナタ_モードB_溜め大_右2",700,580,1,0,700580,0,50,0,1,0
100700585,"ノコナタ_モードB_溜め大_左2",700,585,1,0,700585,0,50,0,1,0
100700600,"ノコナタ_モードB_バックステップ小",700,600,1,0,700600,0,15,0,1,0
100700610,"ノコナタ_モードB_バックステップ大",700,610,1,0,700610,0,27,0,1,0
100700620,"ノコナタ_モードB_回避小_前",700,620,1,0,700620,0,20,0,1,0
100700630,"ノコナタ_モードB_回避小_後",700,630,1,0,700630,0,20,0,1,0
100700640,"ノコナタ_モードB_回避小_左",700,640,1,0,700640,0,20,0,1,0
100700650,"ノコナタ_モードB_回避小_右",700,650,1,0,700650,0,20,0,1,0
100700660,"ノコナタ_モードB_回避大_前",700,660,1,0,700660,0,27,0,1,0
100700670,"ノコナタ_モードB_回避大_後",700,670,1,0,700670,0,27,0,1,0
100700680,"ノコナタ_モードB_回避大_左",700,680,1,0,700680,0,27,0,1,0
100700690,"ノコナタ_モードB_回避大_右",700,690,1,0,700690,0,27,0,1,0
100700700,"ノコナタ_モードB_近距離",700,700,1,0,700700,0,10,0,9,0
100700710,"ノコナタ_モードB_ジャンプ",700,710,1,0,700710,0,50,0,1,0
100700720,"ノコナタ_モードB_ダッシュ小",700,720,1,0,700720,0,30,0,1,0
100700730,"ノコナタ_モードB_ダッシュ小",700,730,1,0,700730,0,45,0,1,0
100700740,"ノコナタ_モードB_落下攻撃_落下中",700,740,1,0,700740,0,0,0,1,0
100700741,"ノコナタ_モードB_落下攻撃_着地",700,741,1,0,700741,0,50,0,1,0
100700790,"ノコナタ_モードB_モードチェンジ攻撃_右",700,790,1,0,700790,0,30,0,1,0
100700795,"ノコナタ_モードB_モードチェンジ攻撃_左",700,795,1,0,700795,0,30,0,1,0
100700800,"ノコナタ_左手_小1",700,800,1,0,700800,0,20,0,2,0
100700900,"ノコナタ_ガード_モードB",700,900,1,0,700900,0,0,0,0,0
100700901,"ノコナタ_ガード_左手",700,901,1,0,700901,0,0,0,0,0
100700950,"ノコナタ_投げ判定",700,950,1,0,350,0,0,0,0,0
100710000,"ノコ槍_モードA_小1",710,0,1,0,710000,0,20,0,1,0
100710010,"ノコ槍_モードA_小2",710,10,1,0,710010,0,20,0,1,0
100710020,"ノコ槍_モードA_小3",710,20,1,0,710020,0,20,0,1,0
100710030,"ノコ槍_モードA_小4",710,30,1,0,710030,0,20,0,1,0
100710040,"ノコ槍_モードA_小5",710,40,1,0,710040,0,20,0,1,0
100710100,"ノコ槍_モードA_大1",710,100,1,0,710100,0,35,0,1,0
100710110,"ノコ槍_モードA_大2",710,110,1,0,710110,0,35,0,1,0
100710150,"ノコ槍_モードA_溜め小_右1",710,150,1,0,710150,0,35,0,1,0
100710170,"ノコ槍_モードA_溜め大_右1",710,170,1,0,710170,0,50,0,1,0
100710200,"ノコ槍_モードA_バックステップ小",710,200,1,0,710200,0,15,0,1,0
100710210,"ノコ槍_モードA_バックステップ大",710,210,1,0,710210,0,25,0,1,0
100710220,"ノコ槍_モードA_回避小_前",710,220,1,0,710220,0,17,0,1,0
100710230,"ノコ槍_モードA_回避小_後",710,230,1,0,710230,0,17,0,1,0
100710240,"ノコ槍_モードA_回避小_左",710,240,1,0,710240,0,17,0,1,0
100710250,"ノコ槍_モードA_回避小_右",710,250,1,0,710250,0,17,0,1,0
100710260,"ノコ槍_モードA_回避大_前",710,260,1,0,710260,0,25,0,1,0
100710270,"ノコ槍_モードA_回避大_後",710,270,1,0,710270,0,25,0,1,0
100710280,"ノコ槍_モードA_回避大_左",710,280,1,0,710280,0,25,0,1,0
100710290,"ノコ槍_モードA_回避大_右",710,290,1,0,710290,0,25,0,1,0
100710300,"ノコ槍_モードA_近距離",710,300,1,0,710300,0,10,0,9,0
100710310,"ノコ槍_モードA_ジャンプ",710,310,1,0,710310,0,50,0,1,0
100710320,"ノコ槍_モードA_ダッシュ小",710,320,1,0,710320,0,30,0,1,0
100710330,"ノコ槍_モードA_ダッシュ大",710,330,1,0,710330,0,45,0,1,0
100710340,"ノコ槍_モードA_落下攻撃_落下中",710,340,1,0,710340,0,0,0,1,0
100710341,"ノコ槍_モードA_落下攻撃_着地",710,341,1,0,710341,0,50,0,1,0
100710390,"ノコ槍_モードA_モードチェンジ攻撃_右",710,390,1,0,710390,0,23,0,1,0
100710395,"ノコ槍_モードA_モードチェンジ攻撃_左",710,395,1,0,710395,0,23,0,1,0
100710400,"ノコ槍_モードB_小1",710,400,1,0,710400,0,25,0,1,0
100710410,"ノコ槍_モードB_小2",710,410,1,0,710410,0,25,0,1,0
100710420,"ノコ槍_モードB_小3",710,420,1,0,710420,0,25,0,1,0
100710430,"ノコ槍_モードB_小4",710,430,1,0,710430,0,25,0,1,0
100710500,"ノコ槍_モードB_大1",710,500,1,0,710500,0,35,0,1,0
100710510,"ノコ槍_モードB_大2",710,510,1,0,710510,0,35,0,1,0
100710550,"ノコ槍_モードB_溜め小1",710,550,1,0,710550,0,35,0,1,0
100710560,"ノコ槍_モードB_溜め小2",710,560,1,0,710560,0,50,0,1,0
100710570,"ノコ槍_モードB_溜め大1",710,570,1,0,710570,0,50,0,1,0
100710580,"ノコ槍_モードB_溜め大2",710,580,1,0,710580,0,50,0,1,0
100710600,"ノコ槍_モードB_バックステップ小",710,600,1,0,710600,0,20,0,1,0
100710610,"ノコ槍_モードB_バックステップ大",710,610,1,0,710610,0,25,0,1,0
100710620,"ノコ槍_モードB_回避小_前",710,620,1,0,710620,0,23,0,1,0
100710630,"ノコ槍_モードB_回避小_後",710,630,1,0,710630,0,23,0,1,0
100710640,"ノコ槍_モードB_回避小_左",710,640,1,0,710640,0,23,0,1,0
100710650,"ノコ槍_モードB_回避小_右",710,650,1,0,710650,0,23,0,1,0
100710660,"ノコ槍_モードB_回避大_前",710,660,1,0,710660,0,27,0,1,0
100710670,"ノコ槍_モードB_回避大_後",710,670,1,0,710670,0,27,0,1,0
100710680,"ノコ槍_モードB_回避大_左",710,680,1,0,710680,0,27,0,1,0
100710690,"ノコ槍_モードB_回避大_右",710,690,1,0,710690,0,27,0,1,0
100710700,"ノコ槍_モードB_近距離",710,700,1,0,710700,0,10,0,9,0
100710710,"ノコ槍_モードB_ジャンプ",710,710,1,0,710710,0,50,0,1,0
100710720,"ノコ槍_モードB_ダッシュ小",710,720,1,0,710720,0,35,0,1,0
100710730,"ノコ槍_モードB_ダッシュ小",710,730,1,0,710730,0,45,0,1,0
100710740,"ノコ槍_モードB_落下攻撃_落下中",710,740,1,0,710740,0,0,0,1,0
100710741,"ノコ槍_モードB_落下攻撃_着地",710,741,1,0,710741,0,50,0,1,0
100710790,"ノコ槍_モードB_モードチェンジ攻撃_右",710,790,1,0,710790,0,30,0,1,0
100710795,"ノコ槍_モードB_モードチェンジ攻撃_左",710,795,1,0,710795,0,30,0,1,0
100710800,"ノコ槍_左手_小1",710,800,1,0,710800,0,20,0,2,0
100710900,"ノコ槍_ガード_モードB",710,900,1,0,710900,0,0,0,0,0
100710901,"ノコ槍_ガード_左手",710,901,1,0,710901,0,0,0,0,0
100800000,"鍵鞘_モードA_小1",800,0,1,0,800000,0,16,0,1,0
100800010,"鍵鞘_モードA_小2",800,10,1,0,800010,0,16,0,1,0
100800020,"鍵鞘_モードA_小3",800,20,1,0,800020,0,16,0,1,0
100800030,"鍵鞘_モードA_小4",800,30,1,0,800030,0,16,0,1,0
100800040,"鍵鞘_モードA_小5",800,40,1,0,800040,0,16,0,1,0
100800100,"鍵鞘_モードA_大1",800,100,1,0,800100,0,40,0,1,0
100800110,"鍵鞘_モードA_大2",800,110,1,0,800110,0,30,0,1,0
100800120,"鍵鞘_モードA_大3",800,120,1,0,800120,0,30,0,1,0
100800150,"鍵鞘_モードA_溜め小_右1",800,150,1,0,800150,0,55,0,1,0
100800170,"鍵鞘_モードA_溜め大_右1",800,170,1,0,800170,0,75,0,1,0
100800200,"鍵鞘_モードA_バックステップ小",800,200,1,0,800200,0,10,0,1,0
100800210,"鍵鞘_モードA_バックステップ大",800,210,1,0,800210,0,30,0,1,0
100800220,"鍵鞘_モードA_回避小_前",800,220,1,0,800220,0,10,0,1,0
100800230,"鍵鞘_モードA_回避小_後",800,230,1,0,800230,0,10,0,1,0
100800240,"鍵鞘_モードA_回避小_左",800,240,1,0,800240,0,10,0,1,0
100800250,"鍵鞘_モードA_回避小_右",800,250,1,0,800250,0,10,0,1,0
100800260,"鍵鞘_モードA_回避大_前",800,260,1,0,800260,0,30,0,1,0
100800270,"鍵鞘_モードA_回避大_後",800,270,1,0,800270,0,30,0,1,0
100800280,"鍵鞘_モードA_回避大_左",800,280,1,0,800280,0,30,0,1,0
100800290,"鍵鞘_モードA_回避大_右",800,290,1,0,800290,0,30,0,1,0
100800300,"鍵鞘_モードA_近距離",800,300,1,0,800300,0,10,0,9,0
100800310,"鍵鞘_モードA_ジャンプ",800,310,1,0,800310,0,50,0,1,0
100800320,"鍵鞘_モードA_ダッシュ小",800,320,1,0,800320,0,30,0,1,0
100800330,"鍵鞘_モードA_ダッシュ大",800,330,1,0,800330,0,50,0,1,0
100800340,"鍵鞘_モードA_落下攻撃_落下中",800,340,1,0,800340,0,0,0,1,0
100800341,"鍵鞘_モードA_落下攻撃_着地",800,341,1,0,800341,0,50,0,1,0
100800380,"鍵鞘_モードA_抜刀小攻撃",800,380,1,0,800380,0,35,0,1,0
100800385,"鍵鞘_モードA_抜刀大攻撃",800,385,1,0,800385,0,35,0,1,0
100800390,"鍵鞘_モードA_モードチェンジ攻撃_右",800,390,1,0,800390,0,40,0,1,0
100800395,"鍵鞘_モードA_モードチェンジ攻撃_左",800,395,1,0,800395,0,40,0,1,0
100800400,"鍵鞘_モードB_小1",800,400,1,0,800400,0,30,0,1,0
100800410,"鍵鞘_モードB_小2",800,410,1,0,800410,0,30,0,1,0
100800420,"鍵鞘_モードB_小3",800,420,1,0,800420,0,30,0,1,0
100800430,"鍵鞘_モードB_小4",800,430,1,0,800430,0,30,0,1,0
100800500,"鍵鞘_モードB_大1",800,500,1,0,800500,0,32,0,1,0
100800510,"鍵鞘_モードB_大2",800,510,1,0,800510,0,28,0,1,0
100800520,"鍵鞘_モードB_大3",800,520,1,0,800520,0,38,0,1,0
100800530,"鍵鞘_モードB_大4",800,530,1,0,800530,0,38,0,1,0
100800596,"鍵鞘_モードA_衝撃波_DL2",800,596,1,0,800596,0,0,0,1,0
100800597,"鍵鞘_モードB_衝撃波_DL3",800,597,1,0,800597,0,0,0,1,0
100800598,"鍵鞘_モードB_衝撃波_DL2",800,598,1,0,800598,0,0,0,1,0
100800599,"鍵鞘_モードB_衝撃波_DL1",800,599,1,0,800599,0,0,0,1,0
100800600,"鍵鞘_モードB_バックステップ小",800,600,1,0,800600,0,10,0,1,0
100800610,"鍵鞘_モードB_バックステップ大",800,610,1,0,800610,0,25,0,1,0
100800620,"鍵鞘_モードB_回避小_前",800,620,1,0,800620,0,30,0,1,0
100800630,"鍵鞘_モードB_回避小_後",800,630,1,0,800630,0,30,0,1,0
100800640,"鍵鞘_モードB_回避小_左",800,640,1,0,800640,0,30,0,1,0
100800650,"鍵鞘_モードB_回避小_右",800,650,1,0,800650,0,30,0,1,0
100800660,"鍵鞘_モードB_回避大_前",800,660,1,0,800660,0,40,0,1,0
100800670,"鍵鞘_モードB_回避大_後",800,670,1,0,800670,0,40,0,1,0
100800680,"鍵鞘_モードB_回避大_左",800,680,1,0,800680,0,40,0,1,0
100800690,"鍵鞘_モードB_回避大_右",800,690,1,0,800690,0,40,0,1,0
100800700,"鍵鞘_モードB_近距離",800,700,1,0,800700,0,10,0,9,0
100800710,"鍵鞘_モードB_ジャンプ",800,710,1,0,800710,0,50,0,1,0
100800720,"鍵鞘_モードB_ダッシュ小",800,720,1,0,800720,0,25,0,1,0
100800730,"鍵鞘_モードB_ダッシュ大",800,730,1,0,800730,0,40,0,1,0
100800740,"鍵鞘_モードB_落下攻撃_落下中",800,740,1,0,800740,0,0,0,1,0
100800741,"鍵鞘_モードB_落下攻撃_着地",800,741,1,0,800741,0,50,0,1,0
100800780,"鍵鞘_モードB_抜刀小攻撃",800,780,1,0,800780,0,25,0,1,0
100800785,"鍵鞘_モードB_抜刀大攻撃",800,785,1,0,800785,0,25,0,1,0
100800790,"鍵鞘_モードB_モードチェンジ攻撃_右",800,790,1,0,800790,0,20,0,1,0
100800795,"鍵鞘_モードB_モードチェンジ攻撃_左",800,795,1,0,800795,0,20,0,1,0
100800800,"鍵鞘_左手_小1",800,800,1,0,800800,0,15,0,2,0
100800901,"鍵鞘_ガード_左手",800,901,1,0,800901,0,0,0,0,0
100800910,"鍵鞘_モードB_L小1",800,910,1,0,800910,0,40,0,1,0
100800930,"鍵鞘_モードB_L大1",800,930,1,0,800930,0,72,0,1,0
100800940,"鍵鞘_モードB_L大2",800,940,1,0,800940,0,40,0,1,0
100810000,"槌大剣_モードA_小1",810,0,1,0,810000,0,16,0,1,0
100810010,"槌大剣_モードA_小2",810,10,1,0,810010,0,16,0,1,0
100810020,"槌大剣_モードA_小3",810,20,1,0,810020,0,16,0,1,0
100810030,"槌大剣_モードA_小4",810,30,1,0,810030,0,16,0,1,0
100810040,"槌大剣_モードA_小5",810,40,1,0,810040,0,16,0,1,0
100810100,"槌大剣_モードA_大1",810,100,1,0,810100,0,40,0,1,0
100810110,"槌大剣_モードA_大2",810,110,1,0,810110,0,30,0,1,0
100810120,"槌大剣_モードA_大3",810,120,1,0,810120,0,30,0,1,0
100810150,"槌大剣_モードA_溜め小_右1",810,150,1,0,810150,0,55,0,1,0
100810170,"槌大剣_モードA_溜め大_右1",810,170,1,0,810170,0,75,0,1,0
100810200,"槌大剣_モードA_バックステップ小",810,200,1,0,810200,0,10,0,1,0
100810210,"槌大剣_モードA_バックステップ大",810,210,1,0,810210,0,30,0,1,0
100810220,"槌大剣_モードA_回避小_前",810,220,1,0,810220,0,10,0,1,0
100810230,"槌大剣_モードA_回避小_後",810,230,1,0,810230,0,10,0,1,0
100810240,"槌大剣_モードA_回避小_左",810,240,1,0,810240,0,10,0,1,0
100810250,"槌大剣_モードA_回避小_右",810,250,1,0,810250,0,10,0,1,0
100810260,"槌大剣_モードA_回避大_前",810,260,1,0,810260,0,30,0,1,0
100810270,"槌大剣_モードA_回避大_後",810,270,1,0,810270,0,30,0,1,0
100810280,"槌大剣_モードA_回避大_左",810,280,1,0,810280,0,30,0,1,0
100810290,"槌大剣_モードA_回避大_右",810,290,1,0,810290,0,30,0,1,0
100810300,"槌大剣_モードA_近距離",810,300,1,0,810300,0,10,0,9,0
100810310,"槌大剣_モードA_ジャンプ",810,310,1,0,810310,0,50,0,1,0
100810320,"槌大剣_モードA_ダッシュ小",810,320,1,0,810320,0,30,0,1,0
100810330,"槌大剣_モードA_ダッシュ大",810,330,1,0,810330,0,50,0,1,0
100810340,"槌大剣_モードA_落下攻撃_落下中",810,340,1,0,810340,0,0,0,1,0
100810341,"槌大剣_モードA_落下攻撃_着地",810,341,1,0,810341,0,50,0,1,0
100810380,"槌大剣_モードA_抜刀小攻撃",810,380,1,0,810380,0,20,0,1,0
100810385,"槌大剣_モードA_抜刀大攻撃",810,385,1,0,810385,0,20,0,1,0
100810390,"槌大剣_モードA_モードチェンジ攻撃_右",810,390,1,0,810390,0,30,0,1,0
100810395,"槌大剣_モードA_モードチェンジ攻撃_左",810,395,1,0,810395,0,30,0,1,0
100810400,"槌大剣_モードB_小1",810,400,1,0,810400,0,36,0,1,0
100810410,"槌大剣_モードB_小2",810,410,1,0,810410,0,36,0,1,0
100810420,"槌大剣_モードB_小3",810,420,1,0,810420,0,36,0,1,0
100810430,"槌大剣_モードB_小4",810,430,1,0,810430,0,36,0,1,0
100810500,"槌大剣_モードB_大1",810,500,1,0,810500,0,38,0,1,0
100810510,"槌大剣_モードB_大2",810,510,1,0,810510,0,38,0,1,0
100810520,"槌大剣_モードB_大3",810,520,1,0,810520,0,38,0,1,0
100810530,"槌大剣_モードB_大4",810,530,1,0,810530,0,38,0,1,0
100810600,"槌大剣_モードB_バックステップ小",810,600,1,0,810600,0,10,0,1,0
100810610,"槌大剣_モードB_バックステップ大",810,610,1,0,810610,0,25,0,1,0
100810620,"槌大剣_モードB_回避小_前",810,620,1,0,810620,0,30,0,1,0
100810630,"槌大剣_モードB_回避小_後",810,630,1,0,810630,0,30,0,1,0
100810640,"槌大剣_モードB_回避小_左",810,640,1,0,810640,0,30,0,1,0
100810650,"槌大剣_モードB_回避小_右",810,650,1,0,810650,0,30,0,1,0
100810660,"槌大剣_モードB_回避大_前",810,660,1,0,810660,0,40,0,1,0
100810670,"槌大剣_モードB_回避大_後",810,670,1,0,810670,0,40,0,1,0
100810680,"槌大剣_モードB_回避大_左",810,680,1,0,810680,0,40,0,1,0
100810690,"槌大剣_モードB_回避大_右",810,690,1,0,810690,0,40,0,1,0
100810700,"槌大剣_モードB_近距離",810,700,1,0,810700,0,10,0,9,0
100810710,"槌大剣_モードB_ジャンプ",810,710,1,0,810710,0,50,0,1,0
100810720,"槌大剣_モードB_ダッシュ小",810,720,1,0,810720,0,30,0,1,0
100810730,"槌大剣_モードB_ダッシュ大",810,730,1,0,810730,0,40,0,1,0
100810740,"槌大剣_モードB_落下攻撃_落下中",810,740,1,0,810740,0,0,0,1,0
100810741,"槌大剣_モードB_落下攻撃_着地",810,741,1,0,810741,0,50,0,1,0
100810780,"槌大剣_モードB_抜刀小攻撃",810,780,1,0,810780,0,25,0,1,0
100810785,"槌大剣_モードB_抜刀大攻撃",810,785,1,0,810785,0,25,0,1,0
100810790,"槌大剣_モードB_モードチェンジ攻撃_右",810,790,1,0,810790,0,30,0,1,0
100810795,"槌大剣_モードB_モードチェンジ攻撃_左",810,795,1,0,810795,0,30,0,1,0
100810800,"槌大剣_左手_小1",810,800,1,0,810800,0,15,0,2,0
100810901,"槌大剣_ガード_左手",810,901,1,0,810901,0,0,0,0,0
100810910,"槌大剣_モードB_L小1",810,910,1,0,810910,0,50,0,1,0
100810930,"槌大剣_モードB_L大1",810,930,1,0,810930,0,75,0,1,0
100810940,"槌大剣_モードB_L大2",810,940,1,0,810940,0,50,0,1,0
100900000,"拳獣_モードA_小1",900,0,1,0,900000,0,15,0,1,0
100900010,"拳獣_モードA_小2",900,10,1,0,900010,0,15,0,1,0
100900020,"拳獣_モードA_小3",900,20,1,0,900020,0,15,0,1,0
100900030,"拳獣_モードA_小4",900,30,1,0,900030,0,15,0,1,0
100900040,"拳獣_モードA_小5",900,40,1,0,900040,0,15,0,1,0
100900100,"拳獣_モードA_大1",900,100,1,0,900100,0,40,0,1,0
100900110,"拳獣_モードA_大2",900,110,1,0,900110,0,30,0,1,0
100900150,"拳獣_モードA_溜め小_右1",900,150,1,0,910150,0,35,0,1,0
100900170,"拳獣_モードA_溜め大_右1",900,170,1,0,910170,0,50,0,1,0
100900200,"拳獣_モードA_バックステップ小",900,200,1,0,900200,0,15,0,1,0
100900210,"拳獣_モードA_バックステップ大",900,210,1,0,900210,0,25,0,1,0
100900220,"拳獣_モードA_回避小_前",900,220,1,0,900220,0,15,0,1,0
100900230,"拳獣_モードA_回避小_後",900,230,1,0,900230,0,15,0,1,0
100900240,"拳獣_モードA_回避小_左",900,240,1,0,900240,0,15,0,1,0
100900250,"拳獣_モードA_回避小_右",900,250,1,0,900250,0,15,0,1,0
100900260,"拳獣_モードA_回避大_前",900,260,1,0,900260,0,25,0,1,0
100900270,"拳獣_モードA_回避大_後",900,270,1,0,900270,0,25,0,1,0
100900280,"拳獣_モードA_回避大_左",900,280,1,0,900280,0,25,0,1,0
100900290,"拳獣_モードA_回避大_右",900,290,1,0,900290,0,25,0,1,0
100900300,"拳獣_モードA_近距離",900,300,1,0,900300,0,10,0,9,0
100900310,"拳獣_モードA_ジャンプ",900,310,1,0,900310,0,50,0,1,0
100900320,"拳獣_モードA_ダッシュ小",900,320,1,0,900320,0,20,0,1,0
100900330,"拳獣_モードA_ダッシュ大",900,330,1,0,900330,0,40,0,1,0
100900340,"拳獣_モードA_落下攻撃_落下中",900,340,1,0,900340,0,0,0,1,0
100900341,"拳獣_モードA_落下攻撃_着地",900,341,1,0,900341,0,50,0,1,0
100900400,"拳獣_モードB_小1",900,400,1,0,900400,0,14,0,1,0
100900410,"拳獣_モードB_小2",900,410,1,0,900410,0,20,0,1,0
100900420,"拳獣_モードB_小3",900,420,1,0,900420,0,14,0,1,0
100900430,"拳獣_モードB_小4",900,430,1,0,900430,0,20,0,1,0
100900440,"拳獣_モードB_小5",900,440,1,0,900440,0,14,0,1,0
100900450,"拳獣_モードB_小6",900,450,1,0,900450,0,20,0,1,0
100900460,"拳獣_モードB_小7",900,460,1,0,900460,0,14,0,1,0
100900470,"拳獣_モードB_小8",900,470,1,0,900470,0,20,0,1,0
100900500,"拳獣_モードB_大1",900,500,1,0,900500,0,40,0,1,0
100900510,"拳獣_モードB_大2",900,510,1,0,900510,0,40,0,1,0
100900520,"拳獣_モードB_大3",900,520,1,0,900520,0,40,0,1,0
100900599,"拳獣_モードB_衝撃波",900,599,1,0,900599,0,0,0,1,0
100900600,"拳獣_モードB_バックステップ小",900,600,1,0,900600,0,15,0,1,0
100900610,"拳獣_モードB_バックステップ大",900,610,1,0,900610,0,40,0,1,0
100900620,"拳獣_モードB_回避小_前",900,620,1,0,900620,0,15,0,1,0
100900630,"拳獣_モードB_回避小_後",900,630,1,0,900630,0,15,0,1,0
100900640,"拳獣_モードB_回避小_左",900,640,1,0,900640,0,15,0,1,0
100900650,"拳獣_モードB_回避小_右",900,650,1,0,900650,0,15,0,1,0
100900660,"拳獣_モードB_回避大_前",900,660,1,0,900660,0,40,0,1,0
100900670,"拳獣_モードB_回避大_後",900,670,1,0,900670,0,40,0,1,0
100900680,"拳獣_モードB_回避大_左（右手）",900,680,1,0,900680,0,40,0,1,0
100900681,"拳獣_モードB_回避大_左（左手）",900,681,1,0,900681,0,0,0,1,0
100900690,"拳獣_モードB_回避大_右（左手）",900,690,1,0,900690,0,40,0,1,0
100900691,"拳獣_モードB_回避大_右（右手）",900,691,1,0,900691,0,0,0,1,0
100900700,"拳獣_モードB_近距離",900,700,1,0,900700,0,10,0,9,0
100900710,"拳獣_モードB_ジャンプ",900,710,1,0,900710,0,50,0,1,0
100900720,"拳獣_モードB_ダッシュ小",900,720,1,0,900720,0,20,0,1,0
100900730,"拳獣_モードB_ダッシュ大",900,730,1,0,900730,0,40,0,1,0
100900740,"拳獣_モードB_落下攻撃_落下中",900,740,1,0,900740,0,0,0,1,0
100900741,"拳獣_モードB_落下攻撃_着地",900,741,1,0,900741,0,50,0,1,0
100900780,"拳獣_モードB_抜刀小攻撃",900,780,1,0,910780,0,30,0,1,0
100900785,"拳獣_モードB_抜刀大攻撃",900,785,1,0,910785,0,30,0,1,0
100900790,"拳獣_モードB_モードチェンジ攻撃_右",900,790,1,0,910790,0,25,0,1,0
100900795,"拳獣_モードB_モードチェンジ攻撃_左",900,795,1,0,910795,0,25,0,1,0
100900800,"拳獣_左手_小1",900,800,1,0,900800,0,15,0,2,0
100900901,"拳獣_ガード_左手",900,901,1,0,900901,0,0,0,0,0
100900910,"拳獣_モードB_L小1",900,910,1,0,900910,0,50,0,1,0
100900930,"拳獣_モードB_L大1",900,930,1,0,900930,0,60,0,1,0
100900940,"拳獣_モードB_L大2",900,940,1,0,900940,0,60,0,1,0
101000000,"銃槍_モードA_小1",1000,0,1,0,1000000,0,18,0,1,0
101000010,"銃槍_モードA_小2",1000,10,1,0,1000010,0,18,0,1,0
101000020,"銃槍_モードA_小3",1000,20,1,0,1000020,0,18,0,1,0
101000030,"銃槍_モードA_小4",1000,30,1,0,1000030,0,18,0,1,0
101000040,"銃槍_モードA_小5",1000,40,1,0,1000040,0,18,0,1,0
101000100,"銃槍_モードA_大1",1000,100,1,0,1000100,0,40,0,1,0
101000110,"銃槍_モードA_大2",1000,110,1,0,1000110,0,30,0,1,0
101000120,"銃槍_モードA_大3",1000,120,1,0,1000120,0,30,0,1,0
101000150,"銃槍_モードA_溜め小_右1",1000,150,1,0,1000150,0,40,0,1,0
101000170,"銃槍_モードA_溜め大_右1",1000,170,1,0,1000170,0,55,0,1,0
101000200,"銃槍_モードA_バックステップ小",1000,200,1,0,1000200,0,20,0,1,0
101000210,"銃槍_モードA_バックステップ大",1000,210,1,0,1000210,0,35,0,1,0
101000220,"銃槍_モードA_回避小_前",1000,220,1,0,1000220,0,18,0,1,0
101000230,"銃槍_モードA_回避小_後",1000,230,1,0,1000230,0,18,0,1,0
101000240,"銃槍_モードA_回避小_左",1000,240,1,0,1000240,0,18,0,1,0
101000250,"銃槍_モードA_回避小_右",1000,250,1,0,1000250,0,18,0,1,0
101000260,"銃槍_モードA_回避大_前",1000,260,1,0,1000260,0,30,0,1,0
101000270,"銃槍_モードA_回避大_後",1000,270,1,0,1000270,0,30,0,1,0
101000280,"銃槍_モードA_回避大_左",1000,280,1,0,1000280,0,30,0,1,0
101000290,"銃槍_モードA_回避大_右",1000,290,1,0,1000290,0,30,0,1,0
101000300,"銃槍_モードA_近距離",1000,300,1,0,1000300,0,10,0,9,0
101000310,"銃槍_モードA_ジャンプ",1000,310,1,0,1000310,0,50,0,1,0
101000320,"銃槍_モードA_ダッシュ小",1000,320,1,0,1000320,0,25,0,1,0
101000330,"銃槍_モードA_ダッシュ大",1000,330,1,0,1000330,0,45,0,1,0
101000340,"銃槍_モードA_落下攻撃_落下中",1000,340,1,0,1000340,0,0,0,1,0
101000341,"銃槍_モードA_落下攻撃_着地",1000,341,1,0,1000341,0,50,0,1,0
101000390,"銃槍_モードA_モードチェンジ攻撃_右",1000,390,1,1,800,0,0,0,1,0
101000395,"銃槍_モードA_モードチェンジ攻撃_左",1000,395,1,1,800,0,0,0,1,0
101000400,"銃槍_モードB_小1",1000,400,1,0,1000400,0,20,0,1,0
101000410,"銃槍_モードB_小2",1000,410,1,0,1000410,0,20,0,1,0
101000420,"銃槍_モードB_小3",1000,420,1,0,1000420,0,18,0,1,0
101000430,"銃槍_モードB_小4",1000,430,1,0,1000430,0,18,0,1,0
101000440,"銃槍_モードB_小5",1000,440,1,0,1000440,0,15,0,1,0
101000450,"銃槍_モードB_小6",1000,450,1,0,1000450,0,15,0,1,0
101000460,"銃槍_モードB_小7",1000,460,1,0,1000460,0,15,0,1,0
101000470,"銃槍_モードB_小8",1000,470,1,0,1000470,0,15,0,1,0
101000500,"銃槍_モードB_大1",1000,500,1,1,800,0,0,0,1,0
101000510,"銃槍_モードB_大2",1000,510,1,1,800,0,0,0,1,0
101000520,"銃槍_モードB_大3",1000,520,1,1,800,0,0,0,1,0
101000600,"銃槍_モードB_バックステップ小",1000,600,1,0,1000600,0,25,0,1,0
101000610,"銃槍_モードB_バックステップ大",1000,610,1,0,1000610,0,45,0,1,0
101000620,"銃槍_モードB_回避小_前",1000,620,1,0,1000620,0,22,0,1,0
101000630,"銃槍_モードB_回避小_後",1000,630,1,0,1000630,0,22,0,1,0
101000640,"銃槍_モードB_回避小_左",1000,640,1,0,1000640,0,22,0,1,0
101000650,"銃槍_モードB_回避小_右",1000,650,1,0,1000650,0,22,0,1,0
101000660,"銃槍_モードB_回避大_前",1000,660,1,1,800,0,0,0,1,0
101000670,"銃槍_モードB_回避大_後",1000,670,1,1,800,0,0,0,1,0
101000680,"銃槍_モードB_回避大_左",1000,680,1,1,800,0,0,0,1,0
101000690,"銃槍_モードB_回避大_右",1000,690,1,1,800,0,0,0,1,0
101000700,"銃槍_モードB_近距離",1000,700,1,0,1000700,0,10,0,9,0
101000710,"銃槍_モードB_ジャンプ",1000,710,1,0,1000710,0,50,0,1,0
101000720,"銃槍_モードB_ダッシュ小",1000,720,1,0,1000720,0,25,0,1,0
101000730,"銃槍_モードB_ダッシュ大",1000,730,1,0,1000730,0,45,0,1,0
101000740,"銃槍_モードB_落下攻撃_落下中",1000,740,1,0,1000740,0,0,0,1,0
101000741,"銃槍_モードB_落下攻撃_着地",1000,741,1,0,1000741,0,50,0,1,0
101000790,"銃槍_モードB_モードチェンジ攻撃_右",1000,790,1,0,1000790,0,25,0,1,0
101000795,"銃槍_モードB_モードチェンジ攻撃_左",1000,795,1,0,1000795,0,25,0,1,0
101000800,"銃槍_左手_小1",1000,800,1,0,1000800,0,15,0,2,0
101000901,"銃槍_ガード_左手",1000,901,1,0,1000901,0,0,0,0,0
101000950,"銃槍_モードB_溜め小",1000,950,1,0,1000950,0,45,0,1,0
101000970,"銃槍_モードB_溜め大",1000,970,1,0,1000970,0,60,0,1,0
101010000,"銃剣_モードA_小1",1010,0,1,0,1010000,0,18,0,1,0
101010010,"銃剣_モードA_小2",1010,10,1,0,1010010,0,18,0,1,0
101010020,"銃剣_モードA_小3",1010,20,1,0,1010020,0,18,0,1,0
101010030,"銃剣_モードA_小4",1010,30,1,0,1010030,0,18,0,1,0
101010100,"銃剣_モードA_大1",1010,100,1,0,1010100,0,40,0,1,0
101010110,"銃剣_モードA_大2",1010,110,1,0,1010110,0,30,0,1,0
101010150,"銃剣_モードA_溜め小_右1",1010,150,1,0,1010150,0,35,0,1,0
101010170,"銃剣_モードA_溜め大_右1",1010,170,1,0,1010170,0,50,0,1,0
101010200,"銃剣_モードA_バックステップ小",1010,200,1,0,1010200,0,15,0,1,0
101010210,"銃剣_モードA_バックステップ大",1010,210,1,0,1010210,0,30,0,1,0
101010220,"銃剣_モードA_回避小_前",1010,220,1,0,1010220,0,15,0,1,0
101010230,"銃剣_モードA_回避小_後",1010,230,1,0,1010230,0,15,0,1,0
101010240,"銃剣_モードA_回避小_左",1010,240,1,0,1010240,0,15,0,1,0
101010250,"銃剣_モードA_回避小_右",1010,250,1,0,1010250,0,15,0,1,0
101010260,"銃剣_モードA_回避大_前",1010,260,1,0,1010260,0,25,0,1,0
101010270,"銃剣_モードA_回避大_後",1010,270,1,0,1010270,0,25,0,1,0
101010280,"銃剣_モードA_回避大_左",1010,280,1,0,1010280,0,25,0,1,0
101010290,"銃剣_モードA_回避大_右",1010,290,1,0,1010290,0,25,0,1,0
101010300,"銃剣_モードA_近距離",1010,300,1,0,1010300,0,10,0,9,0
101010310,"銃剣_モードA_ジャンプ",1010,310,1,0,1010310,0,50,0,1,0
101010320,"銃剣_モードA_ダッシュ小",1010,320,1,0,1010320,0,25,0,1,0
101010330,"銃剣_モードA_ダッシュ大",1010,330,1,0,1010330,0,30,0,1,0
101010340,"銃剣_モードA_落下攻撃_落下中",1010,340,1,0,1010340,0,0,0,1,0
101010341,"銃剣_モードA_落下攻撃_着地",1010,341,1,0,1010341,0,50,0,1,0
101010390,"銃剣_モードA_モードチェンジ攻撃_右",1010,390,1,1,900,0,0,0,1,0
101010395,"銃剣_モードA_モードチェンジ攻撃_左",1010,395,1,1,900,0,0,0,1,0
101010400,"銃剣_モードB_小1",1010,400,1,0,1010400,0,16,0,1,0
101010410,"銃剣_モードB_小2",1010,410,1,0,1010410,0,16,0,1,0
101010420,"銃剣_モードB_小3",1010,420,1,0,1010420,0,16,0,1,0
101010430,"銃剣_モードB_小4",1010,430,1,0,1010430,0,16,0,1,0
101010500,"銃剣_モードB_大1",1010,500,1,1,900,0,0,0,1,0
101010510,"銃剣_モードB_大2",1010,510,1,1,900,0,0,0,1,0
101010520,"銃剣_モードB_大3",1010,520,1,1,900,0,0,0,1,0
101010600,"銃剣_モードB_バックステップ小",1010,600,1,0,1010600,0,16,0,1,0
101010610,"銃剣_モードB_バックステップ大",1010,610,1,1,900,0,0,0,1,0
101010620,"銃剣_モードB_回避小_前",1010,620,1,0,1010620,0,16,0,1,0
101010630,"銃剣_モードB_回避小_後",1010,630,1,0,1010630,0,16,0,1,0
101010640,"銃剣_モードB_回避小_左",1010,640,1,0,1010640,0,16,0,1,0
101010650,"銃剣_モードB_回避小_右",1010,650,1,0,1010650,0,16,0,1,0
101010660,"銃剣_モードB_回避大_前",1010,660,1,1,900,0,0,0,1,0
101010670,"銃剣_モードB_回避大_後",1010,670,1,1,900,0,0,0,1,0
101010680,"銃剣_モードB_回避大_左",1010,680,1,1,900,0,0,0,1,0
101010690,"銃剣_モードB_回避大_右",1010,690,1,1,900,0,0,0,1,0
101010700,"銃剣_モードB_近距離",1010,700,1,0,1010700,0,10,0,9,0
101010710,"銃剣_モードB_ジャンプ",1010,710,1,0,1010710,0,50,0,1,0
101010720,"銃剣_モードB_ダッシュ小",1010,720,1,0,1010720,0,25,0,1,0
101010730,"銃剣_モードB_ダッシュ大",1010,730,1,1,900,0,0,0,1,0
101010740,"銃剣_モードB_落下攻撃_落下中",1010,740,1,0,1010740,0,0,0,1,0
101010741,"銃剣_モードB_落下攻撃_着地",1010,741,1,0,1010741,0,50,0,1,0
101010790,"銃剣_モードB_モードチェンジ攻撃_右",1010,790,1,0,1010790,0,23,0,1,0
101010795,"銃剣_モードB_モードチェンジ攻撃_左",1010,795,1,0,1010795,0,23,0,1,0
101010800,"銃剣_左手_小1",1010,800,1,0,1010800,0,15,0,2,0
101010901,"銃剣_ガード_左手",1010,901,1,0,1010901,0,0,0,0,0
101010930,"銃剣_モードB_L大1",1010,930,1,1,900,0,35,0,1,0
101100000,"パイルバンカー_モードA_小1",1100,0,1,0,1100000,0,19,0,1,0
101100010,"パイルバンカー_モードA_小2",1100,10,1,0,1100010,0,19,0,1,0
101100020,"パイルバンカー_モードA_小3",1100,20,1,0,1100020,0,19,0,1,0
101100030,"パイルバンカー_モードA_小4",1100,30,1,0,1100030,0,19,0,1,0
101100040,"パイルバンカー_モードA_小5",1100,40,1,0,1100040,0,19,0,1,0
101100100,"パイルバンカー_モードA_大1",1100,100,1,0,1100100,0,40,0,1,0
101100110,"パイルバンカー_モードA_大2",1100,110,1,0,1100110,0,30,0,1,0
101100120,"パイルバンカー_モードA_大3",1100,120,1,0,1100120,0,30,0,1,0
101100130,"パイルバンカー_モードA_大4",1100,130,1,0,1100130,0,30,0,1,0
101100140,"パイルバンカー_モードA_大5",1100,140,1,0,1100140,0,30,0,1,0
101100150,"パイルバンカー_モードA_溜め小_右1",1100,150,1,0,1100150,0,45,0,1,0
101100170,"パイルバンカー_モードA_溜め大_右1",1100,170,1,0,1100170,0,65,0,1,0
101100200,"パイルバンカー_モードA_バックステップ小",1100,200,1,0,1100200,0,15,0,1,0
101100210,"パイルバンカー_モードA_バックステップ大",1100,210,1,0,1100210,0,30,0,1,0
101100220,"パイルバンカー_モードA_回避小_前",1100,220,1,0,1100220,0,15,0,1,0
101100230,"パイルバンカー_モードA_回避小_後",1100,230,1,0,1100230,0,15,0,1,0
101100240,"パイルバンカー_モードA_回避小_左",1100,240,1,0,1100240,0,15,0,1,0
101100250,"パイルバンカー_モードA_回避小_右",1100,250,1,0,1100250,0,15,0,1,0
101100260,"パイルバンカー_モードA_回避大_前",1100,260,1,0,1100260,0,30,0,1,0
101100270,"パイルバンカー_モードA_回避大_後",1100,270,1,0,1100270,0,30,0,1,0
101100280,"パイルバンカー_モードA_回避大_左",1100,280,1,0,1100280,0,30,0,1,0
101100290,"パイルバンカー_モードA_回避大_右",1100,290,1,0,1100290,0,30,0,1,0
101100300,"パイルバンカー_モードA_近距離",1100,300,1,0,1100300,0,10,0,9,0
101100310,"パイルバンカー_モードA_ジャンプ",1100,310,1,0,1100310,0,50,0,1,0
101100320,"パイルバンカー_モードA_ダッシュ小",1100,320,1,0,1100320,0,30,0,1,0
101100330,"パイルバンカー_モードA_ダッシュ大",1100,330,1,0,1100330,0,45,0,1,0
101100340,"パイルバンカー_モードA_落下攻撃_落下中",1100,340,1,0,1100340,0,0,0,1,0
101100341,"パイルバンカー_モードA_落下攻撃_着地",1100,341,1,0,1100341,0,50,0,1,0
101100390,"パイルバンカー_モードA_モードチェンジ攻撃_右",1100,390,1,0,1100390,0,15,0,1,0
101100395,"パイルバンカー_モードA_モードチェンジ攻撃_左",1100,395,1,0,1100395,0,15,0,1,0
101100400,"パイルバンカー_モードB_小1",1100,400,1,0,1100400,0,15,0,1,0
101100410,"パイルバンカー_モードB_小2",1100,410,1,0,1100410,0,15,0,1,0
101100420,"パイルバンカー_モードB_小3",1100,420,1,0,1100420,0,15,0,1,0
101100430,"パイルバンカー_モードB_小4",1100,430,1,0,1100430,0,15,0,1,0
101100440,"パイルバンカー_モードB_小5",1100,440,1,0,1100440,0,15,0,1,0
101100450,"パイルバンカー_モードB_小6",1100,450,1,0,1100450,0,15,0,1,0
101100460,"パイルバンカー_モードB_小7",1100,460,1,0,1100460,0,15,0,1,0
101100470,"パイルバンカー_モードB_小8",1100,470,1,0,1100470,0,15,0,1,0
101100500,"パイルバンカー_モードB_大1",1100,500,1,0,1100500,0,40,0,1,0
101100510,"パイルバンカー_モードB_大2",1100,510,1,0,1100510,0,40,0,1,0
101100600,"パイルバンカー_モードB_バックステップ小",1100,600,1,0,1100600,0,15,0,1,0
101100610,"パイルバンカー_モードB_バックステップ大",1100,610,1,0,1100610,0,40,0,1,0
101100620,"パイルバンカー_モードB_回避小_前",1100,620,1,0,1100620,0,15,0,1,0
101100630,"パイルバンカー_モードB_回避小_後",1100,630,1,0,1100630,0,15,0,1,0
101100640,"パイルバンカー_モードB_回避小_左",1100,640,1,0,1100640,0,15,0,1,0
101100650,"パイルバンカー_モードB_回避小_右",1100,650,1,0,1100650,0,15,0,1,0
101100660,"パイルバンカー_モードB_回避大_前",1100,660,1,0,1100660,0,40,0,1,0
101100670,"パイルバンカー_モードB_回避大_後",1100,670,1,0,1100670,0,40,0,1,0
101100680,"パイルバンカー_モードB_回避大_左",1100,680,1,0,1100680,0,40,0,1,0
101100690,"パイルバンカー_モードB_回避大_右",1100,690,1,0,1100690,0,40,0,1,0
101100700,"パイルバンカー_モードB_近距離",1100,700,1,0,1100700,0,10,0,9,0
101100710,"パイルバンカー_モードB_ジャンプ",1100,710,1,0,1100710,0,50,0,1,0
101100720,"パイルバンカー_モードB_ダッシュ小",1100,720,1,0,1100720,0,30,0,1,0
101100730,"パイルバンカー_モードB_ダッシュ大",1100,730,1,0,1100730,0,50,0,1,0
101100740,"パイルバンカー_モードB_落下攻撃_落下中",1100,740,1,0,1100740,0,0,0,1,0
101100741,"パイルバンカー_モードB_落下攻撃_着地",1100,741,1,0,1100741,0,50,0,1,0
101100790,"パイルバンカー_モードB_モードチェンジ攻撃_右",1100,790,1,0,1100790,0,20,0,1,0
101100795,"パイルバンカー_モードB_モードチェンジ攻撃_左",1100,795,1,0,1100795,0,20,0,1,0
101100800,"パイルバンカー_左手_小1",1100,800,1,0,1100800,0,15,0,2,0
101100901,"パイルバンカー_ガード_左手",1100,901,1,0,1100901,0,0,0,0,0
101100910,"パイルバンカー_溜め攻撃発動",1100,910,1,0,1100910,0,55,0,1,0
101100930,"パイルバンカー_溜め攻撃発動（強）",1100,930,1,0,1100930,0,150,0,1,0
101200000,"車輪_モードA_小1",1200,0,1,0,1200000,0,30,0,1,0
101200010,"車輪_モードA_小2",1200,10,1,0,1200010,0,30,0,1,0
101200020,"車輪_モードA_小3",1200,20,1,0,1200020,0,40,0,1,0
101200030,"車輪_モードA_小4",1200,30,1,0,1200030,0,30,0,1,0
101200040,"車輪_モードA_小5",1200,40,1,0,1200040,0,30,0,1,0
101200100,"車輪_モードA_大1",1200,100,1,0,1200100,0,55,0,1,0
101200110,"車輪_モードA_大2",1200,110,1,0,1200110,0,55,0,1,0
101200120,"車輪_モードA_大3",1200,120,1,0,1200120,0,55,0,1,0
101200150,"車輪_モードA_溜め小_右1",1200,150,1,0,1200150,0,45,0,1,0
101200170,"車輪_モードA_溜め大_右1",1200,170,1,0,1200170,0,65,0,1,0
101200200,"車輪_モードA_バックステップ小",1200,200,1,0,1200200,0,25,0,1,0
101200210,"車輪_モードA_バックステップ大",1200,210,1,0,1200210,0,40,0,1,0
101200220,"車輪_モードA_回避小_前",1200,220,1,0,1200220,0,25,0,1,0
101200230,"車輪_モードA_回避小_後",1200,230,1,0,1200230,0,25,0,1,0
101200240,"車輪_モードA_回避小_左",1200,240,1,0,1200240,0,25,0,1,0
101200250,"車輪_モードA_回避小_右",1200,250,1,0,1200250,0,25,0,1,0
101200260,"車輪_モードA_回避大_前",1200,260,1,0,1200260,0,40,0,1,0
101200270,"車輪_モードA_回避大_後",1200,270,1,0,1200270,0,40,0,1,0
101200280,"車輪_モードA_回避大_左",1200,280,1,0,1200280,0,40,0,1,0
101200290,"車輪_モードA_回避大_右",1200,290,1,0,1200290,0,40,0,1,0
101200300,"車輪_モードA_近距離",1200,300,1,0,1200300,0,10,0,9,0
101200310,"車輪_モードA_ジャンプ",1200,310,1,0,1200310,0,50,0,1,0
101200320,"車輪_モードA_ダッシュ小",1200,320,1,0,1200320,0,35,0,1,0
101200330,"車輪_モードA_ダッシュ大",1200,330,1,0,1200330,0,55,0,1,0
101200340,"車輪_モードA_落下攻撃_落下中",1200,340,1,0,1200340,0,0,0,1,0
101200341,"車輪_モードA_落下攻撃_着地",1200,341,1,0,1200341,0,50,0,1,0
101200390,"車輪_モードA_モードチェンジ攻撃_右_最初",1200,390,1,0,1200390,0,30,0,1,0
101200391,"車輪_モードA_モードチェンジ攻撃_右_最中",1200,391,1,0,1200391,0,0,0,1,0
101200392,"車輪_モードA_モードチェンジ攻撃_右_最後",1200,392,1,0,1200392,0,0,0,1,0
101200395,"車輪_モードA_モードチェンジ攻撃_左_最初",1200,395,1,0,1200395,0,30,0,1,0
101200396,"車輪_モードA_モードチェンジ攻撃_左_最中",1200,396,1,0,1200396,0,0,0,1,0
101200397,"車輪_モードA_モードチェンジ攻撃_左_最後",1200,397,1,0,1200397,0,0,0,1,0
101200400,"車輪_モードB_小1",1200,400,1,0,1200400,0,32,0,1,0
101200410,"車輪_モードB_小2",1200,410,1,0,1200410,0,32,0,1,0
101200420,"車輪_モードB_小3_最初",1200,420,1,0,1200420,0,30,0,1,0
101200421,"車輪_モードB_小3_最中",1200,421,1,0,1200421,0,0,0,1,0
101200422,"車輪_モードB_小3_最後",1200,422,1,0,1200422,0,8,0,1,0
101200430,"車輪_モードB_小4_最初",1200,430,1,0,1200430,0,30,0,1,0
101200431,"車輪_モードB_小4_最中",1200,431,1,0,1200431,0,0,0,1,0
101200432,"車輪_モードB_小4_最後",1200,432,1,0,1200432,0,8,0,1,0
101200440,"車輪_モードB_小5",1200,440,1,0,1200440,0,32,0,1,0
101200450,"車輪_モードB_小6",1200,450,1,0,1200450,0,35,0,1,0
101200460,"車輪_モードB_小7",1200,460,1,0,1200460,0,35,0,1,0
101200470,"車輪_モードB_小8",1200,470,1,0,1200470,0,35,0,1,0
101200500,"車輪_モードB_大1_最初",1200,500,1,0,1200500,0,20,0,1,0
101200501,"車輪_モードB_大1_最中",1200,501,1,0,1200501,0,10,0,1,0
101200502,"車輪_モードB_大1_最後",1200,502,1,0,1200502,0,10,0,1,0
101200510,"車輪_モードB_大2_最初",1200,510,1,0,1200510,0,20,0,1,0
101200511,"車輪_モードB_大2_最中",1200,511,1,0,1200511,0,10,0,1,0
101200512,"車輪_モードB_大2_最後",1200,512,1,0,1200512,0,10,0,1,0
101200520,"車輪_モードB_大3_最初",1200,520,1,0,1200520,0,20,0,1,0
101200521,"車輪_モードB_大3_最中",1200,521,1,0,1200521,0,10,0,1,0
101200522,"車輪_モードB_大3_最後",1200,522,1,0,1200522,0,10,0,1,0
101200600,"車輪_モードB_バックステップ小",1200,600,1,0,1200600,0,20,0,1,0
101200610,"車輪_モードB_バックステップ大_最初",1200,610,1,0,1200610,0,10,0,1,0
101200611,"車輪_モードB_バックステップ大_最中",1200,611,1,0,1200611,0,10,0,1,0
101200612,"車輪_モードB_バックステップ大_最後",1200,612,1,0,1200612,0,10,0,1,0
101200620,"車輪_モードB_回避小_前_最初",1200,620,1,0,1200620,0,8,0,1,0
101200621,"車輪_モードB_回避小_前_最中",1200,621,1,0,1200621,0,8,0,1,0
101200622,"車輪_モードB_回避小_前_最後",1200,622,1,0,1200622,0,8,0,1,0
101200630,"車輪_モードB_回避小_後_最初",1200,630,1,0,1200630,0,8,0,1,0
101200631,"車輪_モードB_回避小_後_最中",1200,631,1,0,1200631,0,8,0,1,0
101200632,"車輪_モードB_回避小_後_最後",1200,632,1,0,1200632,0,8,0,1,0
101200640,"車輪_モードB_回避小_左",1200,640,1,0,1200640,0,8,0,1,0
101200650,"車輪_モードB_回避小_右",1200,650,1,0,1200650,0,8,0,1,0
101200660,"車輪_モードB_回避大_前",1200,660,1,0,1200660,0,10,0,1,0
101200670,"車輪_モードB_回避大_後",1200,670,1,0,1200670,0,10,0,1,0
101200680,"車輪_モードB_回避大_左",1200,680,1,0,1200680,0,10,0,1,0
101200690,"車輪_モードB_回避大_右",1200,690,1,0,1200690,0,10,0,1,0
101200700,"車輪_モードB_近距離",1200,700,1,0,1200700,0,10,0,9,0
101200710,"車輪_モードB_ジャンプ",1200,710,1,0,1200710,0,50,0,1,0
101200720,"車輪_モードB_ダッシュ小_最初",1200,720,1,0,1200720,0,15,0,1,0
101200721,"車輪_モードB_ダッシュ小_最中",1200,721,1,0,1200721,0,10,0,1,0
101200722,"車輪_モードB_ダッシュ小_最後",1200,722,1,0,1200722,0,10,0,1,0
101200730,"車輪_モードB_ダッシュ大",1200,730,1,0,1200730,0,40,0,1,0
101200740,"車輪_モードB_落下攻撃_落下中",1200,740,1,0,1200740,0,0,0,1,0
101200741,"車輪_モードB_落下攻撃_着地",1200,741,1,0,1200741,0,50,0,1,0
101200790,"車輪_モードB_モードチェンジ攻撃_右",1200,790,1,0,1200790,0,0,0,1,0
101200795,"車輪_モードB_モードチェンジ攻撃_左",1200,795,1,0,1200795,0,0,0,1,0
101200800,"車輪_左手_小1",1200,800,1,0,1200800,0,15,0,2,0
101200901,"車輪_ガード_左手",1200,901,1,0,1200901,0,0,0,0,0
101200930,"車輪_モードB_L大1",1200,930,1,0,1200930,0,5,0,1,0
101200940,"車輪_モードB_L大2",1200,940,1,0,1200940,0,6,0,1,0
101200950,"車輪_モードB_L大3",1200,950,1,0,1200950,0,7,0,1,0
101200960,"車輪_モードB_L大4",1200,960,1,0,1200960,0,8,0,1,0
101200970,"車輪_モードB_L大5",1200,970,1,0,1200970,0,9,0,1,0
101300000,"爆発槌_モードA_小1",1300,0,1,0,1300000,0,23,0,1,0
101300010,"爆発槌_モードA_小2",1300,10,1,0,1300010,0,23,0,1,0
101300020,"爆発槌_モードA_小3",1300,20,1,0,1300020,0,23,0,1,0
101300030,"爆発槌_モードA_小4",1300,30,1,0,1300030,0,23,0,1,0
101300040,"爆発槌_モードA_小5",1300,40,1,0,1300040,0,23,0,1,0
101300100,"爆発槌_モードA_大1",1300,100,1,0,1300100,0,40,0,1,0
101300110,"爆発槌_モードA_大2",1300,110,1,0,1300110,0,30,0,1,0
101300120,"爆発槌_モードA_大3",1300,120,1,0,1300120,0,30,0,1,0
101300150,"爆発槌_モードA_溜め小_右1",1300,150,1,0,1300150,0,37,0,1,0
101300170,"爆発槌_モードA_溜め大_右1",1300,170,1,0,1300170,0,55,0,1,0
101300190,"爆発槌_モードA_帯電",1300,190,1,1,1000,0,0,0,1,0
101300200,"爆発槌_モードA_バックステップ小",1300,200,1,0,1300200,0,20,0,1,0
101300210,"爆発槌_モードA_バックステップ大",1300,210,1,0,1300210,0,30,0,1,0
101300220,"爆発槌_モードA_回避小_前",1300,220,1,0,1300220,0,20,0,1,0
101300230,"爆発槌_モードA_回避小_後",1300,230,1,0,1300230,0,20,0,1,0
101300240,"爆発槌_モードA_回避小_左",1300,240,1,0,1300240,0,20,0,1,0
101300250,"爆発槌_モードA_回避小_右",1300,250,1,0,1300250,0,20,0,1,0
101300260,"爆発槌_モードA_回避大_前",1300,260,1,0,1300260,0,30,0,1,0
101300270,"爆発槌_モードA_回避大_後",1300,270,1,0,1300270,0,30,0,1,0
101300280,"爆発槌_モードA_回避大_左",1300,280,1,0,1300280,0,30,0,1,0
101300290,"爆発槌_モードA_回避大_右",1300,290,1,0,1300290,0,30,0,1,0
101300300,"爆発槌_モードA_近距離",1300,300,1,0,1300300,0,10,0,9,0
101300310,"爆発槌_モードA_ジャンプ",1300,310,1,0,1300310,0,50,0,1,0
101300320,"爆発槌_モードA_ダッシュ小",1300,320,1,0,1300320,0,20,0,1,0
101300330,"爆発槌_モードA_ダッシュ大",1300,330,1,0,1300330,0,30,0,1,0
101300340,"爆発槌_モードA_落下攻撃_落下中",1300,340,1,0,1300340,0,0,0,1,0
101300341,"爆発槌_モードA_落下攻撃_着地",1300,341,1,0,1300341,0,50,0,1,0
101300390,"爆発槌_モードA_モードチェンジ攻撃_右",1300,390,1,0,1300390,0,40,0,1,0
101300395,"爆発槌_モードA_モードチェンジ攻撃_左",1300,395,1,0,1300395,0,40,0,1,0
101300400,"爆発槌_モードB_小1",1300,400,1,0,1300400,0,25,0,1,0
101300410,"爆発槌_モードB_小2",1300,410,1,0,1300410,0,25,0,1,0
101300420,"爆発槌_モードB_小3",1300,420,1,0,1300420,0,25,0,1,0
101300430,"爆発槌_モードB_小4",1300,430,1,0,1300430,0,25,0,1,0
101300440,"爆発槌_モードB_小5",1300,440,1,0,1300440,0,25,0,1,0
101300450,"爆発槌_モードB_小6",1300,450,1,0,1300450,0,25,0,1,0
101300460,"爆発槌_モードB_小7",1300,460,1,0,1300460,0,25,0,1,0
101300470,"爆発槌_モードB_小8",1300,470,1,0,1300470,0,25,0,1,0
101300500,"爆発槌_モードB_大1",1300,500,1,0,1300500,0,55,0,1,0
101300510,"爆発槌_モードB_大2",1300,510,1,0,1300510,0,55,0,1,0
101300600,"爆発槌_モードB_バックステップ小",1300,600,1,0,1300600,0,25,0,1,0
101300610,"爆発槌_モードB_バックステップ大",1300,610,1,0,1300610,0,50,0,1,0
101300620,"爆発槌_モードB_回避小_前",1300,620,1,0,1300620,0,25,0,1,0
101300630,"爆発槌_モードB_回避小_後",1300,630,1,0,1300630,0,25,0,1,0
101300640,"爆発槌_モードB_回避小_左",1300,640,1,0,1300640,0,25,0,1,0
101300650,"爆発槌_モードB_回避小_右",1300,650,1,0,1300650,0,25,0,1,0
101300660,"爆発槌_モードB_回避大_前",1300,660,1,0,1300660,0,55,0,1,0
101300670,"爆発槌_モードB_回避大_後",1300,670,1,0,1300670,0,55,0,1,0
101300680,"爆発槌_モードB_回避大_左",1300,680,1,0,1300680,0,55,0,1,0
101300690,"爆発槌_モードB_回避大_右",1300,690,1,0,1300690,0,55,0,1,0
101300700,"爆発槌_モードB_近距離",1300,700,1,0,1300700,0,10,0,9,0
101300710,"爆発槌_モードB_ジャンプ",1300,710,1,0,1300710,0,60,0,1,0
101300720,"爆発槌_モードB_ダッシュ小",1300,720,1,0,1300720,0,35,0,1,0
101300730,"爆発槌_モードB_ダッシュ大",1300,730,1,0,1300730,0,55,0,1,0
101300740,"爆発槌_モードB_落下攻撃_落下中",1300,740,1,0,1300740,0,0,0,1,0
101300741,"爆発槌_モードB_落下攻撃_着地",1300,741,1,0,1300741,0,50,0,1,0
101300800,"爆発槌_左手_小1",1300,800,1,0,1300800,0,20,0,2,0
101300901,"爆発槌_ガード_左手",1300,901,1,0,1300901,0,0,0,0,0
101300930,"爆発槌_モードB_L大1",1300,930,1,0,1300930,0,50,0,1,0
101400800,"短銃_射撃",1400,800,1,1,500,0,0,0,2,0
101400810,"短銃_射撃（特殊）",1400,810,1,1,510,0,0,0,2,0
101400960,"短銃__火だるま延焼",1400,960,1,1,77,0,0,0,0,0
101410800,"教会短銃_射撃",1410,800,1,1,520,0,0,0,2,0
101410810,"教会短銃_射撃（特殊）",1410,810,1,1,530,0,0,0,2,0
101410960,"教会短銃__火だるま延焼",1410,960,1,1,77,0,0,0,0,0
101500800,"大筒_射撃",1500,800,1,1,700,0,0,0,2,0
101500810,"大筒_射撃（特殊）",1500,810,1,1,710,0,0,0,2,0
101500960,"大筒__火だるま延焼",1500,960,1,1,77,0,0,0,0,0
101800000,"噴霧器_構えで出す用",1800,0,1,1,929,0,0,0,2,0
101800800,"噴霧器",1800,800,1,1,920,0,0,0,2,0
101800810,"噴霧器（特殊）",1800,810,1,1,925,0,0,0,2,0
101800960,"噴霧器__火だるま延焼",1800,960,1,1,77,0,0,0,0,0
101810000,"噴霧器_火炎放射_構えで出す用",1810,0,1,1,919,0,0,0,2,0
101810800,"噴霧器_火炎放射",1810,800,1,1,910,0,0,0,2,0
101810810,"噴霧器_火炎放射（特殊）",1810,810,1,1,915,0,0,0,2,0
101810960,"噴霧器_火炎放射__火だるま延焼",1810,960,1,1,77,0,0,0,0,0
102000000,"松明_モードA_小1",2000,0,1,0,2000000,0,20,0,1,0
102000010,"松明_モードA_小2",2000,10,1,0,2000010,0,20,0,1,0
102000020,"松明_モードA_小3",2000,20,1,0,2000020,0,20,0,1,0
102000100,"松明_モードA_大1",2000,100,1,0,2000100,0,40,0,1,0
102000110,"松明_モードA_大2",2000,110,1,0,2000110,0,40,0,1,0
102000220,"松明_モードA_回避小_前",2000,220,1,0,2000220,0,20,0,1,0
102000300,"松明_モードA_近距離",2000,300,1,0,2000300,0,10,0,9,0
102000310,"松明_モードA_ジャンプ",2000,310,1,0,2000310,0,50,0,1,0
102000320,"松明_モードA_ダッシュ小",2000,320,1,0,2000320,0,30,0,1,0
102000321,"松明_モードA_ダッシュ小_追加1",2000,321,1,0,2000321,0,0,0,1,0
102000340,"松明_モードA_落下攻撃_落下中",2000,340,1,0,2000340,0,0,0,1,0
102000341,"松明_モードA_落下攻撃_着地",2000,341,1,0,2000341,0,50,0,1,0
102000400,"松明_モードB_小1",2000,400,1,0,2000400,0,25,0,1,0
102000410,"松明_モードB_小2",2000,410,1,0,2000410,0,25,0,1,0
102000420,"松明_モードB_小3",2000,420,1,0,2000420,0,25,0,1,0
102000500,"松明_モードB_大1",2000,500,1,0,2000500,0,50,0,1,0
102000510,"松明_モードB_大2",2000,510,1,0,2000510,0,50,0,1,0
102000620,"松明_モードB_回避小_前",2000,620,1,0,2000620,0,25,0,1,0
102000700,"松明_モードB_近距離",2000,700,1,0,2000700,0,10,0,9,0
102000710,"松明_モードB_ジャンプ",2000,710,1,0,2000710,0,60,0,1,0
102000720,"松明_モードB_ダッシュ小",2000,720,1,0,2000720,0,40,0,1,0
102000721,"松明_モードB_ダッシュ小_追加1",2000,721,1,0,2000721,0,0,0,1,0
102000740,"松明_モードB_落下攻撃_落下中",2000,740,1,0,2000740,0,0,0,1,0
102000741,"松明_モードB_落下攻撃_着地",2000,741,1,0,2000741,0,60,0,1,0
102000800,"松明_左手_小1",2000,800,1,0,2000800,0,20,0,2,0
102000810,"松明_左手_小2",2000,810,1,0,2000810,0,20,0,2,0
102000820,"松明_左手_小3",2000,820,1,0,2000820,0,20,0,2,0
102000900,"松明_ガード_モードB",2000,900,1,0,2000900,0,0,0,0,0
102000901,"松明_ガード_左手",2000,901,1,0,2000901,0,0,0,0,0
102200000,"杖鞭_モードA_小1",2200,0,1,0,2200000,0,17,0,1,0
102200010,"杖鞭_モードA_小2",2200,10,1,0,2200010,0,17,0,1,0
102200020,"杖鞭_モードA_小3",2200,20,1,0,2200020,0,17,0,1,0
102200030,"杖鞭_モードA_小4",2200,30,1,0,2200030,0,17,0,1,0
102200040,"杖鞭_モードA_小5",2200,40,1,0,2200040,0,17,0,1,0
102200100,"杖鞭_モードA_大1",2200,100,1,0,2200100,0,30,0,1,0
102200110,"杖鞭_モードA_大2",2200,110,1,0,2200110,0,30,0,1,0
102200120,"杖鞭_モードA_大3",2200,120,1,0,2200120,0,30,0,1,0
102200130,"杖鞭_モードA_大4",2200,130,1,0,2200130,0,30,0,1,0
102200150,"杖鞭_モードA_溜め小_右1",2200,150,1,0,2200150,0,30,0,1,0
102200170,"杖鞭_モードA_溜め大_右1",2200,170,1,0,2200170,0,45,0,1,0
102200200,"杖鞭_モードA_バックステップ小",2200,200,1,0,2200200,0,10,0,1,0
102200210,"杖鞭_モードA_バックステップ大",2200,210,1,0,2200210,0,25,0,1,0
102200220,"杖鞭_モードA_回避小_前",2200,220,1,0,2200220,0,20,0,1,0
102200230,"杖鞭_モードA_回避小_後",2200,230,1,0,2200230,0,20,0,1,0
102200240,"杖鞭_モードA_回避小_左",2200,240,1,0,2200240,0,20,0,1,0
102200250,"杖鞭_モードA_回避小_右",2200,250,1,0,2200250,0,20,0,1,0
102200260,"杖鞭_モードA_回避大_前",2200,260,1,0,2200260,0,25,0,1,0
102200270,"杖鞭_モードA_回避大_後",2200,270,1,0,2200270,0,25,0,1,0
102200280,"杖鞭_モードA_回避大_左",2200,280,1,0,2200280,0,25,0,1,0
102200290,"杖鞭_モードA_回避大_右",2200,290,1,0,2200290,0,25,0,1,0
102200300,"杖鞭_モードA_近距離",2200,300,1,0,2200300,0,10,0,9,0
102200310,"杖鞭_モードA_ジャンプ",2200,310,1,0,2200310,0,50,0,1,0
102200320,"杖鞭_モードA_ダッシュ小",2200,320,1,0,2200320,0,30,0,1,0
102200330,"杖鞭_モードA_ダッシュ大",2200,330,1,0,2200330,0,45,0,1,0
102200340,"杖鞭_モードA_落下攻撃_落下中",2200,340,1,0,2200340,0,0,0,1,0
102200341,"杖鞭_モードA_落下攻撃_着地",2200,341,1,0,2200341,0,50,0,1,0
102200390,"杖鞭_モードA_モードチェンジ攻撃_右",2200,390,1,0,2200390,0,25,0,1,0
102200395,"杖鞭_モードA_モードチェンジ攻撃_左",2200,395,1,0,2200395,0,25,0,1,0
102200400,"杖鞭_モードB_小1",2200,400,1,0,2200400,0,17,0,1,0
102200410,"杖鞭_モードB_小2",2200,410,1,0,2200410,0,17,0,1,0
102200420,"杖鞭_モードB_小3",2200,420,1,0,2200420,0,17,0,1,0
102200500,"杖鞭_モードB_大1",2200,500,1,0,2200500,0,32,0,1,0
102200510,"杖鞭_モードB_大2",2200,510,1,0,2200510,0,32,0,1,0
102200550,"杖鞭_モードB_溜め小_右1",2200,550,1,0,2200550,0,32,0,1,0
102200555,"杖鞭_モードB_溜め小_左1",2200,555,1,0,2200555,0,32,0,1,0
102200570,"杖鞭_モードB_溜め大_右1",2200,570,1,0,2200570,0,50,0,1,0
102200575,"杖鞭_モードB_溜め大_左1",2200,575,1,0,2200575,0,50,0,1,0
102200580,"杖鞭_モードB_溜め大_右2",2200,580,1,0,2200580,0,50,0,1,0
102200585,"杖鞭_モードB_溜め大_左2",2200,585,1,0,2200585,0,50,0,1,0
102200600,"杖鞭_モードB_バックステップ小",2200,600,1,0,2200600,0,17,0,1,0
102200610,"杖鞭_モードB_バックステップ大",2200,610,1,0,2200610,0,25,0,1,0
102200620,"杖鞭_モードB_回避小_前",2200,620,1,0,2200620,0,15,0,1,0
102200630,"杖鞭_モードB_回避小_後",2200,630,1,0,2200630,0,15,0,1,0
102200640,"杖鞭_モードB_回避小_左",2200,640,1,0,2200640,0,15,0,1,0
102200650,"杖鞭_モードB_回避小_右",2200,650,1,0,2200650,0,15,0,1,0
102200660,"杖鞭_モードB_回避大_前",2200,660,1,0,2200660,0,25,0,1,0
102200670,"杖鞭_モードB_回避大_後",2200,670,1,0,2200670,0,25,0,1,0
102200680,"杖鞭_モードB_回避大_左",2200,680,1,0,2200680,0,25,0,1,0
102200690,"杖鞭_モードB_回避大_右",2200,690,1,0,2200690,0,25,0,1,0
102200700,"杖鞭_モードB_近距離",2200,700,1,0,2200700,0,10,0,9,0
102200710,"杖鞭_モードB_ジャンプ",2200,710,1,0,2200710,0,50,0,1,0
102200720,"杖鞭_モードB_ダッシュ小",2200,720,1,0,2200720,0,25,0,1,0
102200730,"杖鞭_モードB_ダッシュ小",2200,730,1,0,2200730,0,40,0,1,0
102200740,"杖鞭_モードB_落下攻撃_落下中",2200,740,1,0,2200740,0,0,0,1,0
102200741,"杖鞭_モードB_落下攻撃_着地",2200,741,1,0,2200741,0,50,0,1,0
102200790,"杖鞭_モードB_モードチェンジ攻撃_右",2200,790,1,0,2200790,0,25,0,1,0
102200795,"杖鞭_モードB_モードチェンジ攻撃_左",2200,795,1,0,2200795,0,25,0,1,0
102200800,"杖鞭_左手_小1",2200,800,1,0,2200800,0,20,0,2,0
102200900,"杖鞭_ガード_モードB",2200,900,1,0,2200900,0,0,0,0,0
102200901,"杖鞭_ガード_左手",2200,901,1,0,2200901,0,0,0,0,0
102200950,"杖鞭_投げ判定",2200,950,1,0,350,0,0,0,0,0
102300000,"ノコギリ曲剣_モードA_小1",2300,0,1,0,2300000,0,30,0,1,0
102300010,"ノコギリ曲剣_モードA_小2",2300,10,1,0,2300010,0,30,0,1,0
102300020,"ノコギリ曲剣_モードA_小3",2300,20,1,0,2300020,0,30,0,1,0
102300030,"ノコギリ曲剣_モードA_小4",2300,30,1,0,2300030,0,30,0,1,0
102300150,"ノコギリ曲剣_モードA_溜め小_右1",2300,150,1,0,2300150,0,40,0,1,0
102300170,"ノコギリ曲剣_モードA_溜め大_右1",2300,170,1,0,2300170,0,60,0,1,0
102300200,"ノコギリ曲剣_モードA_バックステップ小",2300,200,1,0,2300200,0,25,0,1,0
102300210,"ノコギリ曲剣_モードA_バックステップ大",2300,210,1,0,2300210,0,35,0,1,0
102300220,"ノコギリ曲剣_モードA_回避小_前",2300,220,1,0,2300220,0,25,0,1,0
102300230,"ノコギリ曲剣_モードA_回避小_後",2300,230,1,0,2300230,0,25,0,1,0
102300240,"ノコギリ曲剣_モードA_回避小_左",2300,240,1,0,2300240,0,25,0,1,0
102300250,"ノコギリ曲剣_モードA_回避小_右",2300,250,1,0,2300250,0,25,0,1,0
102300310,"ノコギリ曲剣_モードA_ジャンプ",2300,310,1,0,2300310,0,50,0,1,0
102300320,"ノコギリ曲剣_モードA_ダッシュ小",2300,320,1,0,2300320,0,40,0,1,0
102300330,"ノコギリ曲剣_モードA_ダッシュ大",2300,330,1,0,2300330,0,50,0,1,0
102300340,"ノコギリ曲剣_モードA_落下攻撃_落下中",2300,340,1,0,2300340,0,0,0,1,0
102300341,"ノコギリ曲剣_モードA_落下攻撃_着地",2300,341,1,0,2300341,0,50,0,1,0
102300390,"ノコギリ曲剣_モードA_モードチェンジ攻撃_右",2300,390,1,0,2300390,0,30,0,1,0
102300395,"ノコギリ曲剣_モードA_モードチェンジ攻撃_左",2300,395,1,0,2300395,0,30,0,1,0
102300400,"ノコギリ曲剣_モードB_小1",2300,400,1,0,2300400,0,20,0,1,0
102300410,"ノコギリ曲剣_モードB_小2",2300,410,1,0,2300410,0,20,0,1,0
102300420,"ノコギリ曲剣_モードB_小3",2300,420,1,0,2300420,0,20,0,1,0
102300430,"ノコギリ曲剣_モードB_小4",2300,430,1,0,2300430,0,20,0,1,0
102300550,"ノコギリ曲剣_モードB_溜め小_右1",2300,550,1,0,2300550,0,35,0,1,0
102300570,"ノコギリ曲剣_モードB_溜め大_右1",2300,570,1,0,2300570,0,50,0,1,0
102300600,"ノコギリ曲剣_モードB_バックステップ小",2300,600,1,0,2300600,0,20,0,1,0
102300610,"ノコギリ曲剣_モードB_バックステップ大",2300,610,1,0,2300610,0,30,0,1,0
102300620,"ノコギリ曲剣_モードB_回避小_前",2300,620,1,0,2300620,0,20,0,1,0
102300630,"ノコギリ曲剣_モードB_回避小_後",2300,630,1,0,2300630,0,20,0,1,0
102300640,"ノコギリ曲剣_モードB_回避小_左",2300,640,1,0,2300640,0,20,0,1,0
102300650,"ノコギリ曲剣_モードB_回避小_右",2300,650,1,0,2300650,0,20,0,1,0
102300710,"ノコギリ曲剣_モードB_ジャンプ",2300,710,1,0,2300710,0,50,0,1,0
102300720,"ノコギリ曲剣_モードB_ダッシュ小",2300,720,1,0,2300720,0,30,0,1,0
102300730,"ノコギリ曲剣_モードB_ダッシュ小",2300,730,1,0,2300730,0,45,0,1,0
102300740,"ノコギリ曲剣_モードB_落下攻撃_落下中",2300,740,1,0,2300740,0,0,0,1,0
102300741,"ノコギリ曲剣_モードB_落下攻撃_着地",2300,741,1,0,2300741,0,50,0,1,0
102300790,"ノコギリ曲剣_モードB_モードチェンジ攻撃_右",2300,790,1,0,2300790,0,30,0,1,0
102300795,"ノコギリ曲剣_モードB_モードチェンジ攻撃_左",2300,795,1,0,2300795,0,30,0,1,0
102300950,"ノコギリ曲剣_投げ判定",2300,950,1,0,350,0,0,0,0,0
102400000,"ノコギリ鞭_モードA_小1",2400,0,1,0,2400000,0,25,0,1,0
102400010,"ノコギリ鞭_モードA_小2",2400,10,1,0,2400010,0,25,0,1,0
102400020,"ノコギリ鞭_モードA_小3",2400,20,1,0,2400020,0,25,0,1,0
102400030,"ノコギリ鞭_モードA_小4",2400,30,1,0,2400030,0,25,0,1,0
102400040,"ノコギリ鞭_モードA_小5",2400,40,1,0,2400040,0,25,0,1,0
102400150,"ノコギリ鞭_モードA_溜め小_右1",2400,150,1,0,2400150,0,40,0,1,0
102400170,"ノコギリ鞭_モードA_溜め大_右1",2400,170,1,0,2400170,0,70,0,1,0
102400200,"ノコギリ鞭_モードA_バックステップ小",2400,200,1,0,2400200,0,20,0,1,0
102400210,"ノコギリ鞭_モードA_バックステップ大",2400,210,1,0,2400210,0,35,0,1,0
102400220,"ノコギリ鞭_モードA_回避小_前",2400,220,1,0,2400220,0,20,0,1,0
102400230,"ノコギリ鞭_モードA_回避小_後",2400,230,1,0,2400230,0,20,0,1,0
102400240,"ノコギリ鞭_モードA_回避小_左",2400,240,1,0,2400240,0,20,0,1,0
102400250,"ノコギリ鞭_モードA_回避小_右",2400,250,1,0,2400250,0,20,0,1,0
102400310,"ノコギリ鞭_モードA_ジャンプ",2400,310,1,0,2400310,0,55,0,1,0
102400320,"ノコギリ鞭_モードA_ダッシュ小",2400,320,1,0,2400320,0,35,0,1,0
102400330,"ノコギリ鞭_モードA_ダッシュ大",2400,330,1,0,2400330,0,50,0,1,0
102400340,"ノコギリ鞭_モードA_落下攻撃_落下中",2400,340,1,0,2400340,0,0,0,1,0
102400341,"ノコギリ鞭_モードA_落下攻撃_着地",2400,341,1,0,2400341,0,55,0,1,0
102400390,"ノコギリ鞭_モードA_モードチェンジ攻撃_右",2400,390,1,0,2400390,0,45,0,1,0
102400395,"ノコギリ鞭_モードA_モードチェンジ攻撃_左",2400,395,1,0,2400395,0,45,0,1,0
102400400,"ノコギリ鞭_モードB_小1",2400,400,1,0,2400400,0,30,0,1,0
102400410,"ノコギリ鞭_モードB_小2",2400,410,1,0,2400410,0,30,0,1,0
102400420,"ノコギリ鞭_モードB_小3",2400,420,1,0,2400420,0,30,0,1,0
102400430,"ノコギリ鞭_モードB_小4",2400,430,1,0,2400430,0,30,0,1,0
102400500,"ノコギリ鞭_モードB_大1",2400,500,1,0,2400500,0,50,0,1,0
102400510,"ノコギリ鞭_モードB_大2",2400,510,1,0,2400510,0,65,0,1,0
102400600,"ノコギリ鞭_モードB_バックステップ小",2400,600,1,0,2400600,0,30,0,1,0
102400610,"ノコギリ鞭_モードB_バックステップ大",2400,610,1,0,2400610,0,40,0,1,0
102400620,"ノコギリ鞭_モードB_回避小_前",2400,620,1,0,2400620,0,30,0,1,0
102400630,"ノコギリ鞭_モードB_回避小_後",2400,630,1,0,2400630,0,30,0,1,0
102400640,"ノコギリ鞭_モードB_回避小_左",2400,640,1,0,2400640,0,30,0,1,0
102400650,"ノコギリ鞭_モードB_回避小_右",2400,650,1,0,2400650,0,30,0,1,0
102400710,"ノコギリ鞭_モードB_ジャンプ",2400,710,1,0,2400710,0,55,0,1,0
102400720,"ノコギリ鞭_モードB_ダッシュ小",2400,720,1,0,2400720,0,35,0,1,0
102400730,"ノコギリ鞭_モードB_ダッシュ大",2400,730,1,0,2400730,0,55,0,1,0
102400740,"ノコギリ鞭_モードB_落下攻撃_落下中",2400,740,1,0,2400740,0,0,0,1,0
102400741,"ノコギリ鞭_モードB_落下攻撃_着地",2400,741,1,0,2400741,0,55,0,1,0
102400790,"ノコギリ鞭_モードB_モードチェンジ攻撃_右",2400,790,1,0,2400790,0,50,0,1,0
102400795,"ノコギリ鞭_モードB_モードチェンジ攻撃_左",2400,795,1,0,2400795,0,50,0,1,0
102500000,"多関節_モードA_小1",2500,0,1,0,2500000,0,25,0,1,0
102500010,"多関節_モードA_小2",2500,10,1,0,2500010,0,25,0,1,0
102500020,"多関節_モードA_小3",2500,20,1,0,2500020,0,25,0,1,0
102500030,"多関節_モードA_小4",2500,30,1,0,2500030,0,25,0,1,0
102500150,"多関節_モードA_溜め小_右1",2500,150,1,0,2500150,0,40,0,1,0
102500170,"多関節_モードA_溜め大_右1",2500,170,1,0,2500170,0,60,0,1,0
102500180,"多関節_モードA_溜め大_2",2500,180,1,0,2500180,0,50,0,1,0
102500200,"多関節_モードA_バックステップ小",2500,200,1,0,2500200,0,20,0,1,0
102500210,"多関節_モードA_バックステップ大",2500,210,1,0,2500210,0,35,0,1,0
102500220,"多関節_モードA_回避小_前",2500,220,1,0,2500220,0,15,0,1,0
102500230,"多関節_モードA_回避小_後",2500,230,1,0,2500230,0,15,0,1,0
102500240,"多関節_モードA_回避小_左",2500,240,1,0,2500240,0,15,0,1,0
102500250,"多関節_モードA_回避小_右",2500,250,1,0,2500250,0,15,0,1,0
102500310,"多関節_モードA_ジャンプ",2500,310,1,0,2500310,0,50,0,1,0
102500320,"多関節_モードA_ダッシュ小",2500,320,1,0,2500320,0,35,0,1,0
102500330,"多関節_モードA_ダッシュ大",2500,330,1,0,2500330,0,50,0,1,0
102500340,"多関節_モードA_落下攻撃_落下中",2500,340,1,0,2500340,0,0,0,1,0
102500341,"多関節_モードA_落下攻撃_着地",2500,341,1,0,2500341,0,50,0,1,0
102500390,"多関節_モードA_モードチェンジ攻撃_右",2500,390,1,0,2500390,0,30,0,1,0
102500395,"多関節_モードA_モードチェンジ攻撃_左",2500,395,1,0,2500395,0,30,0,1,0
102500400,"多関節_モードB_小1",2500,400,1,0,2500400,0,25,0,1,0
102500410,"多関節_モードB_小2",2500,410,1,0,2500410,0,25,0,1,0
102500420,"多関節_モードB_小3",2500,420,1,0,2500420,0,25,0,1,0
102500430,"多関節_モードB_小4",2500,430,1,0,2500430,0,25,0,1,0
102500550,"多関節_モードB_溜め小_本体",2500,550,1,0,2500550,0,45,0,1,0
102500551,"多関節_モードB_溜め小_追撃",2500,551,1,0,2500551,0,10,0,1,0
102500570,"多関節_モードB_溜め大_本体",2500,570,1,0,2500570,0,70,0,1,0
102500571,"多関節_モードB_溜め大_追撃1",2500,571,1,0,2500571,0,10,0,1,0
102500572,"多関節_モードB_溜め大_追撃2",2500,572,1,0,2500572,0,10,0,1,0
102500600,"多関節_モードB_バックステップ小",2500,600,1,0,2500600,0,20,0,1,0
102500610,"多関節_モードB_バックステップ大",2500,610,1,0,2500610,0,40,0,1,0
102500620,"多関節_モードB_回避小_前",2500,620,1,0,2500620,0,20,0,1,0
102500630,"多関節_モードB_回避小_後",2500,630,1,0,2500630,0,20,0,1,0
102500640,"多関節_モードB_回避小_左",2500,640,1,0,2500640,0,20,0,1,0
102500650,"多関節_モードB_回避小_右",2500,650,1,0,2500650,0,20,0,1,0
102500710,"多関節_モードB_ジャンプ",2500,710,1,0,2500710,0,50,0,1,0
102500720,"多関節_モードB_ダッシュ小",2500,720,1,0,2500720,0,35,0,1,0
102500730,"多関節_モードB_ダッシュ大",2500,730,1,0,2500730,0,50,0,1,0
102500740,"多関節_モードB_落下攻撃_落下中",2500,740,1,0,2500740,0,0,0,1,0
102500741,"多関節_モードB_落下攻撃_着地",2500,741,1,0,2500741,0,50,0,1,0
102500790,"多関節_モードB_モードチェンジ攻撃_右",2500,790,1,0,2500790,0,50,0,1,0
102500795,"多関節_モードB_モードチェンジ攻撃_左",2500,795,1,0,2500795,0,50,0,1,0
102600000,"月光剣_モードA_小1",2600,0,1,0,2600000,0,25,0,1,0
102600010,"月光剣_モードA_小2",2600,10,1,0,2600010,0,25,0,1,0
102600020,"月光剣_モードA_小3",2600,20,1,0,2600020,0,25,0,1,0
102600030,"月光剣_モードA_小4",2600,30,1,0,2600030,0,25,0,1,0
102600150,"月光剣_モードA_溜め小_右1",2600,150,1,0,2600150,0,40,0,1,0
102600170,"月光剣_モードA_溜め大_右1",2600,170,1,0,2600170,0,60,0,1,0
102600180,"月光剣_モードA_溜め大_右2",2600,180,1,0,2600180,0,65,0,1,0
102600200,"月光剣_モードA_バックステップ小",2600,200,1,0,2600200,0,20,0,1,0
102600210,"月光剣_モードA_バックステップ大",2600,210,1,0,2600210,0,35,0,1,0
102600220,"月光剣_モードA_回避小_前",2600,220,1,0,2600220,0,20,0,1,0
102600230,"月光剣_モードA_回避小_後",2600,230,1,0,2600230,0,20,0,1,0
102600240,"月光剣_モードA_回避小_左",2600,240,1,0,2600240,0,20,0,1,0
102600250,"月光剣_モードA_回避小_右",2600,250,1,0,2600250,0,20,0,1,0
102600310,"月光剣_モードA_ジャンプ",2600,310,1,0,2600310,0,40,0,1,0
102600320,"月光剣_モードA_ダッシュ小",2600,320,1,0,2600320,0,35,0,1,0
102600330,"月光剣_モードA_ダッシュ大",2600,330,1,0,2600330,0,50,0,1,0
102600340,"月光剣_モードA_落下攻撃_落下中",2600,340,1,0,2600340,0,0,0,1,0
102600341,"月光剣_モードA_落下攻撃_着地",2600,341,1,0,2600341,0,40,0,1,0
102600390,"月光剣_モードA_モードチェンジ攻撃_右",2600,390,1,0,2600390,0,40,0,1,0
102600395,"月光剣_モードA_モードチェンジ攻撃_左",2600,395,1,0,2600395,0,40,0,1,0
102600400,"月光剣_モードB_小1",2600,400,1,0,2600400,0,35,0,1,0
102600410,"月光剣_モードB_小2",2600,410,1,0,2600410,0,35,0,1,0
102600420,"月光剣_モードB_小3",2600,420,1,0,2600420,0,35,0,1,0
102600430,"月光剣_モードB_小4",2600,430,1,0,2600430,0,35,0,1,0
102600550,"月光剣_モードB_溜め小",2600,550,1,0,2600550,0,50,0,1,0
102600551,"月光剣_モードB_溜め小（弾あり時）",2600,551,1,0,2600551,0,50,0,1,0
102600570,"月光剣_モードB_溜め大1",2600,570,1,0,2600570,0,75,0,1,0
102600571,"月光剣_モードB_溜め大1（弾あり時）",2600,571,1,0,2600571,0,75,0,1,0
102600580,"月光剣_モードB_溜め大2（弾あり時）",2600,580,1,0,2600580,0,75,0,1,0
102600581,"月光剣_モードB_溜め大2（弾あり時）",2600,581,1,0,2600581,0,75,0,1,0
102600590,"月光剣_モードB_溜め小_光波",2600,590,1,1,1100,0,0,0,1,0
102600591,"月光剣_モードB_溜め大1_光波",2600,591,1,1,1110,0,0,0,1,0
102600592,"月光剣_モードB_溜め大2_光波",2600,592,1,1,1120,0,0,0,1,0
102600600,"月光剣_モードB_バックステップ小",2600,600,1,0,2600600,0,30,0,1,0
102600610,"月光剣_モードB_バックステップ大",2600,610,1,0,2600610,0,45,0,1,0
102600611,"月光剣_モードB_バックステップ大（弾あり時）",2600,611,1,0,2600611,0,45,0,1,0
102600612,"月光剣_モードB_バックステップ大_光波",2600,612,1,1,1130,0,0,0,1,0
102600620,"月光剣_モードB_回避小_前",2600,620,1,0,2600620,0,30,0,1,0
102600630,"月光剣_モードB_回避小_後",2600,630,1,0,2600630,0,30,0,1,0
102600640,"月光剣_モードB_回避小_左",2600,640,1,0,2600640,0,30,0,1,0
102600650,"月光剣_モードB_回避小_右",2600,650,1,0,2600650,0,30,0,1,0
102600710,"月光剣_モードB_ジャンプ",2600,710,1,0,2600710,0,60,0,1,0
102600711,"月光剣_モードB_ジャンプ（弾あり時）",2600,711,1,0,2600711,0,60,0,1,0
102600712,"月光剣_モードB_ジャンプ_光波",2600,712,1,1,1140,0,0,0,1,0
102600720,"月光剣_モードB_ダッシュ小",2600,720,1,0,2600720,0,45,0,1,0
102600730,"月光剣_モードB_ダッシュ大",2600,730,1,0,2600730,0,60,0,1,0
102600731,"月光剣_モードB_ダッシュ大（弾あり時）",2600,731,1,0,2600731,0,60,0,1,0
102600732,"月光剣_モードB_ダッシュ大_光波",2600,732,1,1,1150,0,0,0,1,0
102600740,"月光剣_モードB_落下攻撃_落下中",2600,740,1,0,2600740,0,0,0,1,0
102600741,"月光剣_モードB_落下攻撃_着地",2600,741,1,0,2600741,0,60,0,1,0
102600790,"月光剣_モードB_モードチェンジ攻撃_右",2600,790,1,0,2600790,0,60,0,1,0
102600795,"月光剣_モードB_モードチェンジ攻撃_左",2600,795,1,0,2600795,0,60,0,1,0
102600900,"月光剣_ガード_モードB",2600,900,1,0,2600900,0,0,0,0,0
102600901,"月光剣_ガード_左手",2600,901,1,0,2600901,0,0,0,0,0
102600930,"月光剣_左手_大",2600,930,1,0,2600930,0,80,0,1,0
102600931,"月光剣_モードB_左手_大_弾消費用ダミー",2600,931,1,1,1160,0,0,0,1,0
102600932,"月光剣_左手_大(弾なし)",2600,932,1,0,2600932,0,80,0,1,0
102700000,"双刃_モードA_小1",2700,0,1,0,2700000,0,23,0,1,0
102700010,"双刃_モードA_小2",2700,10,1,0,2700010,0,16,0,1,0
102700020,"双刃_モードA_小3",2700,20,1,0,2700020,0,23,0,1,0
102700030,"双刃_モードA_小4",2700,30,1,0,2700030,0,23,0,1,0
102700150,"双刃_モードA_溜め小_右1",2700,150,1,0,2700150,0,45,0,1,0
102700170,"双刃_モードA_溜め大_右1",2700,170,1,0,2700170,0,60,0,1,0
102700200,"双刃_モードA_バックステップ小",2700,200,1,0,2700200,0,16,0,1,0
102700210,"双刃_モードA_バックステップ大",2700,210,1,0,2700210,0,40,0,1,0
102700220,"双刃_モードA_回避小_前",2700,220,1,0,2700220,0,16,0,1,0
102700230,"双刃_モードA_回避小_後",2700,230,1,0,2700230,0,16,0,1,0
102700240,"双刃_モードA_回避小_左",2700,240,1,0,2700240,0,16,0,1,0
102700250,"双刃_モードA_回避小_右",2700,250,1,0,2700250,0,16,0,1,0
102700310,"双刃_モードA_ジャンプ",2700,310,1,0,2700310,0,54,0,1,0
102700320,"双刃_モードA_ダッシュ小",2700,320,1,0,2700320,0,33,0,1,0
102700330,"双刃_モードA_ダッシュ大",2700,330,1,0,2700330,0,54,0,1,0
102700340,"双刃_モードA_落下攻撃_落下中",2700,340,1,0,2700340,0,0,0,1,0
102700341,"双刃_モードA_落下攻撃_着地",2700,341,1,0,2700341,0,54,0,1,0
102700390,"双刃_モードA_モードチェンジ攻撃_右",2700,390,1,0,2700390,0,36,0,1,0
102700395,"双刃_モードA_モードチェンジ攻撃_左",2700,395,1,0,2700395,0,36,0,1,0
102700400,"双刃_モードB_小1",2700,400,1,0,2700400,0,23,0,1,0
102700410,"双刃_モードB_小2",2700,410,1,0,2700410,0,16,0,1,0
102700420,"双刃_モードB_小3",2700,420,1,0,2700420,0,30,0,1,0
102700430,"双刃_モードB_小4",2700,430,1,0,2700430,0,23,0,1,0
102700500,"双刃_モードB_大1",2700,500,1,0,2700500,0,23,0,1,0
102700510,"双刃_モードB_大2",2700,510,1,0,2700510,0,23,0,1,0
102700520,"双刃_モードB_大3",2700,520,1,0,2700520,0,23,0,1,0
102700600,"双刃_モードB_バックステップ小",2700,600,1,0,2700600,0,16,0,1,0
102700610,"双刃_モードB_バックステップ大",2700,610,1,0,2700610,0,40,0,1,0
102700620,"双刃_モードB_回避小_前",2700,620,1,0,2700620,0,16,0,1,0
102700630,"双刃_モードB_回避小_後",2700,630,1,0,2700630,0,16,0,1,0
102700640,"双刃_モードB_回避小_左",2700,640,1,0,2700640,0,16,0,1,0
102700650,"双刃_モードB_回避小_右",2700,650,1,0,2700650,0,16,0,1,0
102700710,"双刃_モードB_ジャンプ",2700,710,1,0,2700710,0,55,0,1,0
102700720,"双刃_モードB_ダッシュ小",2700,720,1,0,2700720,0,33,0,1,0
102700730,"双刃_モードB_ダッシュ小",2700,730,1,0,2700730,0,55,0,1,0
102700740,"双刃_モードB_落下攻撃_落下中",2700,740,1,0,2700740,0,0,0,1,0
102700741,"双刃_モードB_落下攻撃_着地",2700,741,1,0,2700741,0,55,0,1,0
102700790,"双刃_モードB_モードチェンジ攻撃_右",2700,790,1,0,2700790,0,50,0,1,0
102700795,"双刃_モードB_モードチェンジ攻撃_左",2700,795,1,0,2700795,0,50,0,1,0
102700930,"双刃_モードB_L大1",2700,930,1,0,2700930,0,30,0,1,0
102700931,"双刃_モードB_L大1_追加1",2700,931,1,0,2700931,0,30,0,1,0
102700932,"双刃_モードB_L大1_特殊（R1から）",2700,932,1,0,2700932,0,60,0,1,0
102700933,"双刃_モードB_L大1_特殊（R2から）",2700,933,1,0,2700933,0,40,0,1,0
102700934,"双刃_モードB_L大1_特殊（L2から）",2700,934,1,0,2700934,0,30,0,1,0
102700935,"双刃_モードB_L大1_特殊（L2から）_追加1",2700,935,1,0,2700935,0,30,0,1,0
102700950,"双刃_投げ判定",2700,950,1,0,350,0,0,0,0,0
102800000,"ガンハンマ_モードA_小1",2800,0,1,0,2800000,0,25,0,1,0
102800010,"ガンハンマ_モードA_小2",2800,10,1,0,2800010,0,25,0,1,0
102800020,"ガンハンマ_モードA_小3",2800,20,1,0,2800020,0,25,0,1,0
102800150,"ガンハンマ_モードA_溜め小_右1",2800,150,1,0,2800150,0,45,0,1,0
102800170,"ガンハンマ_モードA_溜め大_右1",2800,170,1,0,2800170,0,70,0,1,0
102800200,"ガンハンマ_モードA_バックステップ小",2800,200,1,0,2800200,0,20,0,1,0
102800210,"ガンハンマ_モードA_バックステップ大",2800,210,1,0,2800210,0,40,0,1,0
102800220,"ガンハンマ_モードA_回避小_前",2800,220,1,0,2800220,0,20,0,1,0
102800230,"ガンハンマ_モードA_回避小_後",2800,230,1,0,2800230,0,20,0,1,0
102800240,"ガンハンマ_モードA_回避小_左",2800,240,1,0,2800240,0,20,0,1,0
102800250,"ガンハンマ_モードA_回避小_右",2800,250,1,0,2800250,0,20,0,1,0
102800310,"ガンハンマ_モードA_ジャンプ",2800,310,1,0,2800310,0,50,0,1,0
102800320,"ガンハンマ_モードA_ダッシュ小",2800,320,1,0,2800320,0,35,0,1,0
102800330,"ガンハンマ_モードA_ダッシュ大",2800,330,1,0,2800330,0,55,0,1,0
102800340,"ガンハンマ_モードA_落下攻撃_落下中",2800,340,1,0,2800340,0,0,0,1,0
102800341,"ガンハンマ_モードA_落下攻撃_着地",2800,341,1,0,2800341,0,50,0,1,0
102800390,"ガンハンマ_モードA_モードチェンジ攻撃_右",2800,390,1,0,2800390,0,25,0,1,0
102800395,"ガンハンマ_モードA_モードチェンジ攻撃_左",2800,395,1,0,2800395,0,25,0,1,0
102800400,"ガンハンマ_モードB_小1",2800,400,1,0,2800400,0,40,0,1,0
102800550,"ガンハンマ_モードB_溜め小1",2800,550,1,0,2800550,0,60,0,1,0
102800570,"ガンハンマ_モードB_溜め大1_本体",2800,570,1,0,2800570,0,90,0,1,0
102800571,"ガンハンマ_モードB_溜め大1_爆発",2800,571,1,0,2800571,0,0,0,1,0
102800600,"ガンハンマ_モードB_バックステップ小",2800,600,1,0,2800600,0,30,0,1,0
102800610,"ガンハンマ_モードB_バックステップ大",2800,610,1,0,2800610,0,50,0,1,0
102800620,"ガンハンマ_モードB_回避小_前",2800,620,1,0,2800620,0,30,0,1,0
102800630,"ガンハンマ_モードB_回避小_後",2800,630,1,0,2800630,0,30,0,1,0
102800640,"ガンハンマ_モードB_回避小_左",2800,640,1,0,2800640,0,30,0,1,0
102800650,"ガンハンマ_モードB_回避小_右",2800,650,1,0,2800650,0,30,0,1,0
102800710,"ガンハンマ_モードB_ジャンプ_本体",2800,710,1,0,2800710,0,75,0,1,0
102800711,"ガンハンマ_モードB_ジャンプ_爆発",2800,711,1,0,2800711,0,0,0,1,0
102800720,"ガンハンマ_モードB_ダッシュ小",2800,720,1,0,2800720,0,50,0,1,0
102800730,"ガンハンマ_モードB_ダッシュ大_本体",2800,730,1,0,2800730,0,70,0,1,0
102800731,"ガンハンマ_モードB_ダッシュ大_爆発",2800,731,1,0,2800731,0,0,0,1,0
102800740,"ガンハンマ_モードB_落下攻撃_落下中",2800,740,1,0,2800740,0,0,0,1,0
102800741,"ガンハンマ_モードB_落下攻撃_着地",2800,741,1,0,2800741,0,75,0,1,0
102800790,"ガンハンマ_モードB_モードチェンジ攻撃_右",2800,790,1,0,2800790,0,25,0,1,0
102800795,"ガンハンマ_モードB_モードチェンジ攻撃_左",2800,795,1,0,2800795,0,25,0,1,0
102800950,"ガンハンマ_投げ判定",2800,950,1,0,350,0,0,0,0,0
102900000,"十字メイス_モードA_小1",2900,0,1,0,2900000,0,23,0,1,0
102900010,"十字メイス_モードA_小2",2900,10,1,0,2900010,0,23,0,1,0
102900020,"十字メイス_モードA_小3",2900,20,1,0,2900020,0,23,0,1,0
102900030,"十字メイス_モードA_小4",2900,30,1,0,2900030,0,23,0,1,0
102900150,"十字メイス_モードA_溜め小_右1",2900,150,1,0,2900150,0,40,0,1,0
102900170,"十字メイス_モードA_溜め大_右1",2900,170,1,0,2900170,0,60,0,1,0
102900200,"十字メイス_モードA_バックステップ小",2900,200,1,0,2900200,0,15,0,1,0
102900210,"十字メイス_モードA_バックステップ大",2900,210,1,0,2900210,0,30,0,1,0
102900220,"十字メイス_モードA_回避小_前",2900,220,1,0,2900220,0,18,0,1,0
102900230,"十字メイス_モードA_回避小_後",2900,230,1,0,2900230,0,18,0,1,0
102900240,"十字メイス_モードA_回避小_左",2900,240,1,0,2900240,0,18,0,1,0
102900250,"十字メイス_モードA_回避小_右",2900,250,1,0,2900250,0,18,0,1,0
102900310,"十字メイス_モードA_ジャンプ",2900,310,1,0,2900310,0,40,0,1,0
102900320,"十字メイス_モードA_ダッシュ小",2900,320,1,0,2900320,0,30,0,1,0
102900330,"十字メイス_モードA_ダッシュ大",2900,330,1,0,2900330,0,40,0,1,0
102900340,"十字メイス_モードA_落下攻撃_落下中",2900,340,1,0,2900340,0,0,0,1,0
102900341,"十字メイス_モードA_落下攻撃_着地",2900,341,1,0,2900341,0,40,0,1,0
102900390,"十字メイス_モードA_モードチェンジ攻撃_右",2900,390,1,0,2900390,0,30,0,1,0
102900395,"十字メイス_モードA_モードチェンジ攻撃_左",2900,395,1,0,2900395,0,30,0,1,0
102900400,"十字メイス_モードB_小1",2900,400,1,0,2900400,0,25,0,1,0
102900410,"十字メイス_モードB_小2",2900,410,1,0,2900410,0,25,0,1,0
102900420,"十字メイス_モードB_小3",2900,420,1,0,2900420,0,25,0,1,0
102900430,"十字メイス_モードB_小4",2900,430,1,0,2900430,0,25,0,1,0
102900440,"十字メイス_モードB_小5",2900,440,1,0,2900440,0,25,0,1,0
102900550,"十字メイス_モードB_溜め小1",2900,550,1,0,2900550,0,45,0,1,0
102900570,"十字メイス_モードB_溜め大1",2900,570,1,0,2900570,0,70,0,1,0
102900571,"十字メイス_モードB_溜め大1_着弾",2900,571,1,0,2900571,0,0,0,1,0
102900600,"十字メイス_モードB_バックステップ小",2900,600,1,0,2900600,0,17,0,1,0
102900610,"十字メイス_モードB_バックステップ大",2900,610,1,0,2900610,0,40,0,1,0
102900620,"十字メイス_モードB_回避小_前",2900,620,1,0,2900620,0,17,0,1,0
102900630,"十字メイス_モードB_回避小_後",2900,630,1,0,2900630,0,17,0,1,0
102900640,"十字メイス_モードB_回避小_左",2900,640,1,0,2900640,0,17,0,1,0
102900650,"十字メイス_モードB_回避小_右",2900,650,1,0,2900650,0,17,0,1,0
102900710,"十字メイス_モードB_ジャンプ",2900,710,1,0,2900710,0,40,0,1,0
102900720,"十字メイス_モードB_ダッシュ小",2900,720,1,0,2900720,0,30,0,1,0
102900730,"十字メイス_モードB_ダッシュ小",2900,730,1,0,2900730,0,50,0,1,0
102900740,"十字メイス_モードB_落下攻撃_落下中",2900,740,1,0,2900740,0,0,0,1,0
102900741,"十字メイス_モードB_落下攻撃_着地",2900,741,1,0,2900741,0,40,0,1,0
102900790,"十字メイス_モードB_モードチェンジ攻撃_右",2900,790,1,0,2900790,0,30,0,1,0
102900795,"十字メイス_モードB_モードチェンジ攻撃_左",2900,795,1,0,2900795,0,30,0,1,0
102900930,"十字メイス_左手_大_敵ヒット用",2900,930,1,0,2900930,0,90,0,1,0
102900931,"十字メイス_左手_大_自分ヒット用",2900,931,1,0,2900931,0,0,0,1,0
103000000,"ウォーピック_モードA_小1",3000,0,1,0,3000000,0,20,0,1,0
103000010,"ウォーピック_モードA_小2",3000,10,1,0,3000010,0,20,0,1,0
103000020,"ウォーピック_モードA_小3",3000,20,1,0,3000020,0,20,0,1,0
103000030,"ウォーピック_モードA_小4",3000,30,1,0,3000030,0,20,0,1,0
103000150,"ウォーピック_モードA_溜め小_右1",3000,150,1,0,3000150,0,40,0,1,0
103000170,"ウォーピック_モードA_溜め大_右1",3000,170,1,0,3000170,0,55,0,1,0
103000200,"ウォーピック_モードA_バックステップ小",3000,200,1,0,3000200,0,20,0,1,0
103000210,"ウォーピック_モードA_バックステップ大",3000,210,1,0,3000210,0,35,0,1,0
103000220,"ウォーピック_モードA_回避小_前",3000,220,1,0,3000220,0,20,0,1,0
103000230,"ウォーピック_モードA_回避小_後",3000,230,1,0,3000230,0,20,0,1,0
103000240,"ウォーピック_モードA_回避小_左",3000,240,1,0,3000240,0,20,0,1,0
103000250,"ウォーピック_モードA_回避小_右",3000,250,1,0,3000250,0,20,0,1,0
103000310,"ウォーピック_モードA_ジャンプ",3000,310,1,0,3000310,0,50,0,1,0
103000320,"ウォーピック_モードA_ダッシュ小",3000,320,1,0,3000320,0,30,0,1,0
103000330,"ウォーピック_モードA_ダッシュ大",3000,330,1,0,3000330,0,50,0,1,0
103000340,"ウォーピック_モードA_落下攻撃_落下中",3000,340,1,0,3000340,0,0,0,1,0
103000341,"ウォーピック_モードA_落下攻撃_着地",3000,341,1,0,3000341,0,50,0,1,0
103000390,"ウォーピック_モードA_モードチェンジ攻撃_右",3000,390,1,0,3000390,0,30,0,1,0
103000395,"ウォーピック_モードA_モードチェンジ攻撃_左",3000,395,1,0,3000395,0,30,0,1,0
103000400,"ウォーピック_モードB_小1",3000,400,1,0,3000400,0,25,0,1,0
103000410,"ウォーピック_モードB_小2",3000,410,1,0,3000410,0,25,0,1,0
103000420,"ウォーピック_モードB_小3",3000,420,1,0,3000420,0,25,0,1,0
103000430,"ウォーピック_モードB_小4",3000,430,1,0,3000430,0,25,0,1,0
103000550,"ウォーピック_モードB_溜め小_右1",3000,550,1,0,3000550,0,45,0,1,0
103000570,"ウォーピック_モードB_溜め大_右1",3000,570,1,0,3000570,0,70,0,1,0
103000580,"ウォーピック_モードB_溜め大_右2",3000,580,1,0,3000580,0,60,0,1,0
103000600,"ウォーピック_モードB_バックステップ小",3000,600,1,0,3000600,0,20,0,1,0
103000610,"ウォーピック_モードB_バックステップ大",3000,610,1,0,3000610,0,40,0,1,0
103000620,"ウォーピック_モードB_回避小_前",3000,620,1,0,3000620,0,20,0,1,0
103000630,"ウォーピック_モードB_回避小_後",3000,630,1,0,3000630,0,20,0,1,0
103000640,"ウォーピック_モードB_回避小_左",3000,640,1,0,3000640,0,20,0,1,0
103000650,"ウォーピック_モードB_回避小_右",3000,650,1,0,3000650,0,20,0,1,0
103000710,"ウォーピック_モードB_ジャンプ",3000,710,1,0,3000710,0,50,0,1,0
103000720,"ウォーピック_モードB_ダッシュ小",3000,720,1,0,3000720,0,35,0,1,0
103000730,"ウォーピック_モードB_ダッシュ小",3000,730,1,0,3000730,0,50,0,1,0
103000740,"ウォーピック_モードB_落下攻撃_落下中",3000,740,1,0,3000740,0,0,0,1,0
103000741,"ウォーピック_モードB_落下攻撃_着地",3000,741,1,0,3000741,0,50,0,1,0
103000790,"ウォーピック_モードB_モードチェンジ攻撃_右",3000,790,1,0,3000790,0,35,0,1,0
103000795,"ウォーピック_モードB_モードチェンジ攻撃_左",3000,795,1,0,3000795,0,35,0,1,0
103000930,"ウォーピック_左手",3000,930,1,0,3000930,0,20,0,1,0
103000950,"ウォーピック_投げ判定",3000,950,1,0,350,0,0,0,0,0
103100000,"丸鋸チェンソー_モードA_小1",3100,0,1,0,3100000,0,18,0,1,0
103100010,"丸鋸チェンソー_モードA_小2",3100,10,1,0,3100010,0,18,0,1,0
103100020,"丸鋸チェンソー_モードA_小3",3100,20,1,0,3100020,0,18,0,1,0
103100030,"丸鋸チェンソー_モードA_小4",3100,30,1,0,3100030,0,18,0,1,0
103100150,"丸鋸チェンソー_モードA_溜め小_右1",3100,150,1,0,3100150,0,30,0,1,0
103100170,"丸鋸チェンソー_モードA_溜め大_右1",3100,170,1,0,3100170,0,45,0,1,0
103100200,"丸鋸チェンソー_モードA_バックステップ小",3100,200,1,0,3100200,0,12,0,1,0
103100210,"丸鋸チェンソー_モードA_バックステップ大",3100,210,1,0,3100210,0,25,0,1,0
103100220,"丸鋸チェンソー_モードA_回避小_前",3100,220,1,0,3100220,0,12,0,1,0
103100230,"丸鋸チェンソー_モードA_回避小_後",3100,230,1,0,3100230,0,12,0,1,0
103100240,"丸鋸チェンソー_モードA_回避小_左",3100,240,1,0,3100240,0,12,0,1,0
103100250,"丸鋸チェンソー_モードA_回避小_右",3100,250,1,0,3100250,0,12,0,1,0
103100310,"丸鋸チェンソー_モードA_ジャンプ",3100,310,1,0,3100310,0,50,0,1,0
103100320,"丸鋸チェンソー_モードA_ダッシュ小",3100,320,1,0,3100320,0,28,0,1,0
103100330,"丸鋸チェンソー_モードA_ダッシュ大",3100,330,1,0,3100330,0,40,0,1,0
103100340,"丸鋸チェンソー_モードA_落下攻撃_落下中",3100,340,1,0,3100340,0,0,0,1,0
103100341,"丸鋸チェンソー_モードA_落下攻撃_着地",3100,341,1,0,3100341,0,50,0,1,0
103100390,"丸鋸チェンソー_モードA_モードチェンジ攻撃_右",3100,390,1,0,3100390,0,35,0,1,0
103100395,"丸鋸チェンソー_モードA_モードチェンジ攻撃_左",3100,395,1,0,3100395,0,35,0,1,0
103100400,"丸鋸チェンソー_モードB_小1",3100,400,1,0,3100400,0,30,0,1,0
103100410,"丸鋸チェンソー_モードB_小2",3100,410,1,0,3100410,0,30,0,1,0
103100420,"丸鋸チェンソー_モードB_小3",3100,420,1,0,3100420,0,30,0,1,0
103100430,"丸鋸チェンソー_モードB_小4",3100,430,1,0,3100430,0,30,0,1,0
103100550,"丸鋸チェンソー_モードB_溜め小_右1",3100,550,1,0,3100550,0,55,0,1,0
103100570,"丸鋸チェンソー_モードB_溜め大_右1",3100,570,1,0,3100570,0,80,0,1,0
103100600,"丸鋸チェンソー_モードB_バックステップ小",3100,600,1,0,3100600,0,25,0,1,0
103100610,"丸鋸チェンソー_モードB_バックステップ大",3100,610,1,0,3100610,0,35,0,1,0
103100620,"丸鋸チェンソー_モードB_回避小_前",3100,620,1,0,3100620,0,25,0,1,0
103100630,"丸鋸チェンソー_モードB_回避小_後",3100,630,1,0,3100630,0,25,0,1,0
103100640,"丸鋸チェンソー_モードB_回避小_左",3100,640,1,0,3100640,0,25,0,1,0
103100650,"丸鋸チェンソー_モードB_回避小_右",3100,650,1,0,3100650,0,25,0,1,0
103100710,"丸鋸チェンソー_モードB_ジャンプ",3100,710,1,0,3100710,0,65,0,1,0
103100720,"丸鋸チェンソー_モードB_ダッシュ小",3100,720,1,0,3100720,0,40,0,1,0
103100730,"丸鋸チェンソー_モードB_ダッシュ小",3100,730,1,0,3100730,0,65,0,1,0
103100740,"丸鋸チェンソー_モードB_落下攻撃_落下中",3100,740,1,0,3100740,0,0,0,1,0
103100741,"丸鋸チェンソー_モードB_落下攻撃_着地",3100,741,1,0,3100741,0,65,0,1,0
103100790,"丸鋸チェンソー_モードB_モードチェンジ攻撃_右",3100,790,1,0,3100790,0,25,0,1,0
103100795,"丸鋸チェンソー_モードB_モードチェンジ攻撃_左",3100,795,1,0,3100795,0,25,0,1,0
103100930,"丸鋸チェンソー_モードB_L大1_初撃",3100,930,1,0,3100930,0,25,0,1,0
103100931,"丸鋸チェンソー_モードB_L大1_ループ1",3100,931,1,0,3100931,0,10,0,1,0
103100932,"丸鋸チェンソー_モードB_L大1_ループ2",3100,932,1,0,3100932,0,10,0,1,0
103100951,"丸鋸チェンソー_モードA_ガリガリ演出DL8",3100,951,1,0,3100951,0,0,0,1,0
103100952,"丸鋸チェンソー_モードB_ガリガリ演出DL8",3100,952,1,0,3100952,0,0,0,1,0
103100953,"丸鋸チェンソー_モードB_ガリガリ演出DL0",3100,953,1,0,3100953,0,0,0,1,0
103200000,"変形弓_モードA_小1",3200,0,1,0,3200000,0,20,0,1,0
103200010,"変形弓_モードA_小2",3200,10,1,0,3200010,0,20,0,1,0
103200020,"変形弓_モードA_小3",3200,20,1,0,3200020,0,20,0,1,0
103200030,"変形弓_モードA_小4",3200,30,1,0,3200030,0,20,0,1,0
103200150,"変形弓_モードA_溜め小_右1",3200,150,1,0,3200150,0,40,0,1,0
103200170,"変形弓_モードA_溜め大_右1_回転1撃目",3200,170,1,0,3200170,0,20,0,1,0
103200171,"変形弓_モードA_溜め大_右1_回転2撃目",3200,171,1,0,3200171,0,40,0,1,0
103200200,"変形弓_モードA_バックステップ小",3200,200,1,0,3200200,0,15,0,1,0
103200210,"変形弓_モードA_バックステップ大",3200,210,1,0,3200210,0,35,0,1,0
103200220,"変形弓_モードA_回避小_前",3200,220,1,0,3200220,0,15,0,1,0
103200230,"変形弓_モードA_回避小_後",3200,230,1,0,3200230,0,15,0,1,0
103200240,"変形弓_モードA_回避小_左",3200,240,1,0,3200240,0,15,0,1,0
103200250,"変形弓_モードA_回避小_右",3200,250,1,0,3200250,0,15,0,1,0
103200310,"変形弓_モードA_ジャンプ",3200,310,1,0,3200310,0,40,0,1,0
103200320,"変形弓_モードA_ダッシュ小",3200,320,1,0,3200320,0,25,0,1,0
103200330,"変形弓_モードA_ダッシュ大",3200,330,1,0,3200330,0,45,0,1,0
103200340,"変形弓_モードA_落下攻撃_落下中",3200,340,1,0,3200340,0,0,0,1,0
103200341,"変形弓_モードA_落下攻撃_着地",3200,341,1,0,3200341,0,50,0,1,0
103200390,"変形弓_モードA_モードチェンジ攻撃_右",3200,390,1,1,944,0,35,0,1,0
103200395,"変形弓_モードA_モードチェンジ攻撃_左",3200,395,1,1,944,0,35,0,1,0
103200400,"変形弓_モードB_通常撃ち",3200,400,1,1,940,0,30,0,1,0
103200550,"変形弓_モードB_溜め小撃ち",3200,550,1,1,942,0,60,0,1,0
103200570,"変形弓_モードB_溜め大撃ち",3200,570,1,1,943,0,90,0,1,0
103200600,"変形弓_モードB_バックステップ/ローリング/ダッシュ撃ち",3200,600,1,1,941,0,30,0,1,0
103200710,"変形弓_モードB_ジャンプ",3200,710,1,0,3200710,0,40,0,1,0
103200740,"変形弓_モードB_落下攻撃_落下中",3200,740,1,0,3200740,0,0,0,1,0
103200741,"変形弓_モードB_落下攻撃_着地",3200,741,1,0,3200741,0,50,0,1,0
103200790,"変形弓_モードB_モードチェンジ攻撃_右",3200,790,1,0,3200790,0,35,0,1,0
103200795,"変形弓_モードB_モードチェンジ攻撃_左",3200,795,1,0,3200795,0,35,0,1,0
103200800,"変形弓_左手_小1",3200,800,1,0,3200800,0,15,0,1,0
103300000,"ガトリング_構えで出す用",3300,0,1,1,740,0,0,0,2,0
103300800,"ガトリング_射撃",3300,800,1,1,740,0,0,0,2,0
103300810,"ガトリング_射撃（特殊）",3300,810,1,1,750,0,0,0,2,0
103300960,"ガトリング__火だるま延焼",3300,960,1,1,77,0,0,0,0,0
103400800,"ナックル_左手_小1",3400,800,1,0,3400800,0,40,0,2,0
103400801,"ナックル_左手_小1_ダッシュ",3400,801,1,0,3400801,0,40,0,2,0
103400802,"ナックル_左手_小1_ローリング",3400,802,1,0,3400802,0,40,0,2,0
103400803,"ナックル_左手_小1_バックステップ",3400,803,1,0,3400803,0,40,0,2,0
103500800,"グレネードランチャ_射撃",3500,800,1,1,720,0,0,0,2,0
103500810,"グレネードランチャ_射撃（特殊）",3500,810,1,1,730,0,0,0,2,0
103500960,"グレネードランチャ__火だるま延焼",3500,960,1,1,77,0,0,0,0,0
103600800,"貫通銃_射撃",3600,800,1,1,540,0,0,0,2,0
103600810,"貫通銃_射撃（特殊）",3600,810,1,1,550,0,0,0,2,0
103600960,"貫通銃__火だるま延焼",3600,960,1,1,77,0,0,0,0,0
103700000,"獣化_モードA_小1",3700,0,1,0,3700000,0,15,0,1,0
103700010,"獣化_モードA_小2",3700,10,1,0,3700010,0,15,0,1,0
103700020,"獣化_モードA_小3",3700,20,1,0,3700020,0,15,0,1,0
103700030,"獣化_モードA_小4",3700,30,1,0,3700030,0,15,0,1,0
103700040,"獣化_モードA_小5",3700,40,1,0,3700040,0,15,0,1,0
103700150,"獣化_モードA_溜め小_右1",3700,150,1,0,3700150,0,25,0,1,0
103700170,"獣化_モードA_溜め大_右1",3700,170,1,0,3700170,0,40,0,1,0
103700200,"獣化_モードA_バックステップ小",3700,200,1,0,3700200,0,12,0,1,0
103700210,"獣化_モードA_バックステップ大",3700,210,1,0,3700210,0,20,0,1,0
103700220,"獣化_モードA_回避小_前",3700,220,1,0,3700220,0,12,0,1,0
103700230,"獣化_モードA_回避小_後",3700,230,1,0,3700230,0,12,0,1,0
103700240,"獣化_モードA_回避小_左",3700,240,1,0,3700240,0,12,0,1,0
103700250,"獣化_モードA_回避小_右",3700,250,1,0,3700250,0,12,0,1,0
103700310,"獣化_モードA_ジャンプ",3700,310,1,0,3700310,0,35,0,1,0
103700320,"獣化_モードA_ダッシュ小",3700,320,1,0,3700320,0,20,0,1,0
103700330,"獣化_モードA_ダッシュ大",3700,330,1,0,3700330,0,30,0,1,0
103700340,"獣化_モードA_落下攻撃_落下中",3700,340,1,0,3700340,0,0,0,1,0
103700341,"獣化_モードA_落下攻撃_着地",3700,341,1,0,3700341,0,35,0,1,0
103700390,"獣化_モードA_モードチェンジ攻撃_右_初撃",3700,390,1,0,3700390,0,5,0,1,0
103700391,"獣化_モードA_モードチェンジ攻撃_右_二撃目（本番）",3700,391,1,0,3700391,0,20,0,1,0
103700395,"獣化_モードA_モードチェンジ攻撃_左_初撃",3700,395,1,0,3700395,0,5,0,1,0
103700396,"獣化_モードA_モードチェンジ攻撃_左_二撃目（本番）",3700,396,1,0,3700396,0,20,0,1,0
103700400,"獣化_モードB_小1",3700,400,1,0,3700400,0,18,0,1,0
103700410,"獣化_モードB_小2",3700,410,1,0,3700410,0,18,0,1,0
103700420,"獣化_モードB_小3",3700,420,1,0,3700420,0,18,0,1,0
103700430,"獣化_モードB_小4",3700,430,1,0,3700430,0,18,0,1,0
103700440,"獣化_モードB_小5",3700,440,1,0,3700440,0,18,0,1,0
103700500,"獣化_モードB_大1",3700,500,1,0,3700500,0,30,0,1,0
103700510,"獣化_モードB_大2",3700,510,1,0,3700510,0,40,0,1,0
103700520,"獣化_モードB_大3",3700,520,1,0,3700520,0,50,0,1,0
103700600,"獣化_モードB_バックステップ小_初撃",3700,600,1,0,3700600,0,5,0,1,0
103700601,"獣化_モードB_バックステップ小_二撃目（本番）",3700,601,1,0,3700601,0,13,0,1,0
103700610,"獣化_モードB_バックステップ大",3700,610,1,0,3700610,0,25,0,1,0
103700620,"獣化_モードB_回避小_前",3700,620,1,0,3700620,0,13,0,1,0
103700630,"獣化_モードB_回避小_後",3700,630,1,0,3700630,0,13,0,1,0
103700640,"獣化_モードB_回避小_左",3700,640,1,0,3700640,0,13,0,1,0
103700650,"獣化_モードB_回避小_右",3700,650,1,0,3700650,0,13,0,1,0
103700710,"獣化_モードB_ジャンプ_初撃（ダメージ低／スタミナ0）",3700,710,1,0,3700710,0,0,0,1,0
103700711,"獣化_モードB_ジャンプ_二撃目（ダメージ本番）",3700,711,1,0,3700711,0,50,0,1,0
103700720,"獣化_モードB_ダッシュ小_初段",3700,720,1,0,3700720,0,5,0,1,0
103700721,"獣化_モードB_ダッシュ小_二撃目（本番）",3700,721,1,0,3700721,0,20,0,1,0
103700730,"獣化_モードB_ダッシュ大_初段",3700,730,1,0,3700730,0,5,0,1,0
103700731,"獣化_モードB_ダッシュ大_二撃目（本番）",3700,731,1,0,3700731,0,30,0,1,0
103700740,"獣化_モードB_落下攻撃_落下中",3700,740,1,0,3700740,0,0,0,1,0
103700741,"獣化_モードB_落下攻撃_着地",3700,741,1,0,3700741,0,50,0,1,0
103700790,"獣化_モードB_モードチェンジ攻撃_右",3700,790,1,0,3700790,0,30,0,1,0
103700795,"獣化_モードB_モードチェンジ攻撃_左",3700,795,1,0,3700795,0,30,0,1,0
103700930,"獣化_モードB_L大1_初撃",3700,930,1,1,950,0,50,0,1,0
103800000,"なめくじ_モードA_小1",3800,0,1,0,3800000,0,24,0,1,0
103800010,"なめくじ_モードA_小2",3800,10,1,0,3800010,0,24,0,1,0
103800020,"なめくじ_モードA_小3",3800,20,1,0,3800020,0,24,0,1,0
103800150,"なめくじ_モードA_溜め小",3800,150,1,0,3800150,0,40,0,1,0
103800170,"なめくじ_モードA_溜め大_初弾",3800,170,1,0,3800170,0,0,0,1,0
103800171,"なめくじ_モードA_溜め大_本番",3800,171,1,0,3800171,0,50,0,1,0
103800200,"なめくじ_モードA_バックステップ小",3800,200,1,1,960,0,18,0,1,0
103800210,"なめくじ_モードA_バックステップ大",3800,210,1,0,3800210,0,32,0,1,0
103800220,"なめくじ_モードA_回避小_前_初弾",3800,220,1,0,3800220,0,0,0,1,0
103800221,"なめくじ_モードA_回避小_前_本番",3800,221,1,0,3800221,0,18,0,1,0
103800230,"なめくじ_モードA_回避小_後_初弾",3800,230,1,0,3800230,0,0,0,1,0
103800231,"なめくじ_モードA_回避小_後_本番",3800,231,1,0,3800231,0,18,0,1,0
103800310,"なめくじ_モードA_ジャンプ",3800,310,1,0,3800310,0,50,0,1,0
103800320,"なめくじ_モードA_ダッシュ小",3800,320,1,0,3800320,0,28,0,1,0
103800330,"なめくじ_モードA_ダッシュ大_初弾",3800,330,1,0,3800330,0,0,0,1,0
103800331,"なめくじ_モードA_ダッシュ大_本番",3800,331,1,0,3800331,0,44,0,1,0
103800340,"なめくじ_モードA_落下攻撃_落下中",3800,340,1,0,3800340,0,0,0,1,0
103800341,"なめくじ_モードA_落下攻撃_着地",3800,341,1,0,3800341,0,50,0,1,0
103800390,"なめくじ_モードA_モードチェンジ攻撃_右",3800,390,1,0,3800390,0,28,0,1,0
103800395,"なめくじ_モードA_モードチェンジ攻撃_左",3800,395,1,0,3800395,0,28,0,1,0
103800400,"なめくじ_モードB_小1",3800,400,1,0,3800400,0,28,0,1,0
103800410,"なめくじ_モードB_小2",3800,410,1,0,3800410,0,28,0,1,0
103800420,"なめくじ_モードB_小3",3800,420,1,0,3800420,0,28,0,1,0
103800500,"なめくじ_モードB_大1",3800,500,1,0,3800500,0,56,0,1,0
103800510,"なめくじ_モードB_大2",3800,510,1,0,3800510,0,72,0,1,0
103800600,"なめくじ_モードB_バックステップ小",3800,600,1,1,960,0,18,0,1,0
103800610,"なめくじ_モードB_バックステップ大",3800,610,1,0,3800610,0,44,0,1,0
103800620,"なめくじ_モードB_回避小_前",3800,620,1,0,3800620,0,22,0,1,0
103800630,"なめくじ_モードB_回避小_後",3800,630,1,0,3800630,0,22,0,1,0
103800710,"なめくじ_モードB_ジャンプ",3800,710,1,0,3800710,0,56,0,1,0
103800720,"なめくじ_モードB_ダッシュ小",3800,720,1,0,3800720,0,32,0,1,0
103800730,"なめくじ_モードB_ダッシュ大_初弾",3800,730,1,0,3800730,0,0,0,1,0
103800731,"なめくじ_モードB_ダッシュ大_本番",3800,731,1,0,3800731,0,60,0,1,0
103800740,"なめくじ_モードB_落下攻撃_落下中",3800,740,1,0,3800740,0,0,0,1,0
103800741,"なめくじ_モードB_落下攻撃_着地",3800,741,1,0,3800741,0,56,0,1,0
103800790,"なめくじ_モードB_モードチェンジ攻撃_右",3800,790,1,1,965,0,24,0,1,0
103800795,"なめくじ_モードB_モードチェンジ攻撃_左",3800,795,1,1,965,0,24,0,1,0
103800796,"なめくじ_モードB_モードチェンジ",3800,796,1,1,980,0,0,0,1,0
103800930,"なめくじ_モードB_L大1_一撃目",3800,930,1,1,970,0,100,0,1,0
