ID,Description,refId,sfxVariationId,weight,fragmentNum,sellValue,behaviorId,replaceItemId,sortId,qwcId,yesNoDialogMessageId,magicId,iconId,modelId,shopLv,compTrophySedId,trophySeqId,maxNum,consumeHeroPoint,overDexterity,goodsType,refCategory,spEffectCategory,goodsCategory,goodsUseAnim,opmeMenuType,useLimitCategory,replaceCategory,vowType0:1,vowType1:1,vowType2:1,vowType3:1,vowType4:1,vowType5:1,vowType6:1,vowType7:1,vowType8:1,vowType9:1,vowType10:1,vowType11:1,vowType12:1,vowType13:1,vowType14:1,vowType15:1,enable_live:1,enable_gray:1,enable_white:1,enable_black:1,enable_multi:1,disable_offline:1,isEquip:1,isConsume:1,isAutoEquip:1,isEstablishment:1,isOnlyOne:1,isDrop:1,isDeposit:1,isDisableHand:1,IsTravelItem:1,isSuppleItem:1,isFullSuppleItem:1,isEnhance:1,isFixItem:1,disableMultiDropShare:1,disableUseAtColiseum:1,disableUseAtOutOfColiseum:1,useBulletMaxNum:1,useHpCureMaxNum:1,isAutoReplenish:1,canMultiUse:1,isEnchantLeftHand:1,isGuestDrop:1,isApplySpecialEffect:1,maxRepositoryNum,properStrength,properAgility,properMagic,properFaith,vagrantItemLotId,vagrantBonusEneDropItemLotId,vagrantItemEneDropItemLotId,refVirtualWepId,bulletConsumeNum,useLimitCategory2,replaceItemId_bySpEffect,replaceTriggerSpEffectId
1,"アイテム切替テストA",9000,60,0.0,0,-1,0,-1,40,-1,0,-1,0,0,-1,-1,-1,1,0,50,0,2,0,0,14,0,0,0,1,1,1,1,1,1,1,1,1,1,1,1,1,1,1,1,1,1,0,0,1,1,1,0,0,0,1,0,1,0,0,0,0,0,0,0,1,0,0,0,0,0,0,0,0,0,0,0,0,0,-1,-1,-1,16000,0,0,2,9000
2,"アイテム切替テストb",9005,60,0.0,0,-1,0,-1,40,-1,0,-1,0,0,-1,-1,-1,1,0,50,0,2,0,0,15,0,0,0,1,1,1,1,1,1,1,1,1,1,1,1,1,1,1,1,1,1,0,0,1,1,1,0,0,0,1,0,1,0,0,0,0,0,0,0,1,0,0,0,0,0,0,0,0,0,0,0,0,0,-1,-1,-1,16000,0,0,1,9005
100,"ダークリング",2100,-1,0.0,0,-1,0,-1,240060,-1,10010711,-1,11,0,-1,-1,-1,1,0,50,0,2,0,0,16,1,0,0,1,1,1,1,1,1,1,1,1,1,1,1,1,1,1,1,1,1,0,0,0,0,1,0,0,0,1,0,0,0,0,0,0,0,0,1,1,0,0,0,0,0,0,0,0,0,0,0,0,0,-1,-1,-1,16000,0,0,-1,-1
111,"別れの空砲",7,-1,0.0,0,-1,0,-1,240050,-1,20000432,-1,9,0,-1,-1,-1,1,0,50,0,2,0,0,15,4,0,0,1,1,1,1,1,1,1,1,1,1,1,1,1,1,1,1,1,1,1,1,1,0,1,0,0,0,1,0,0,0,0,0,0,0,0,1,1,0,0,0,0,0,0,0,0,0,0,0,0,0,-1,-1,-1,16000,0,0,-1,-1
120,"呼び鈴",-1,-1,0.0,0,-1,0,-1,240070,-1,0,-1,10,0,-1,-1,-1,1,0,50,0,0,0,0,8,6,0,0,1,1,1,1,1,1,1,1,1,1,1,1,1,1,1,1,1,1,1,1,1,1,1,0,0,0,1,0,0,0,0,0,0,0,0,1,1,0,0,0,0,0,0,0,0,0,0,0,0,0,-1,-1,-1,16000,0,0,-1,-1
130,"血族ランキング観覧アイテム",-1,-1,0.0,0,-1,0,-1,240010,-1,10010853,-1,188,0,-1,-1,-1,1,0,50,0,0,0,0,27,8,0,0,1,1,1,1,1,1,1,1,1,1,1,1,1,1,1,1,1,1,1,1,1,1,1,0,0,0,1,0,0,0,0,0,0,0,0,1,1,0,0,0,0,0,0,0,0,0,0,0,0,0,-1,-1,-1,16000,0,0,-1,-1
131,"連盟ランキング観覧アイテム",-1,-1,0.0,0,-1,0,-1,240011,-1,10010855,-1,90,0,-1,-1,-1,1,0,50,0,0,0,0,27,9,0,0,1,1,1,1,1,1,1,1,1,1,1,1,1,1,1,1,1,1,1,1,1,1,1,0,0,0,1,0,0,0,0,0,0,0,0,1,1,0,0,0,0,0,0,0,0,0,0,0,0,0,-1,-1,-1,16000,0,0,-1,-1
200,"通常協力要請",9000,60,0.0,0,-1,0,-1,240020,-1,0,-1,3,0,-1,-1,-1,1,1,50,0,2,0,0,14,0,0,0,1,1,1,1,1,1,1,1,1,1,1,1,1,1,1,1,1,1,0,0,1,0,1,0,0,0,1,0,0,0,0,0,0,0,0,1,1,0,0,0,0,0,0,0,0,0,0,0,0,0,-1,-1,-1,16000,0,0,201,9000
201,"通常協力要請_使用不可",-1,60,0.0,0,-1,0,-1,240021,-1,0,-1,3,0,-1,-1,-1,1,1,50,0,0,0,0,14,0,0,0,1,1,1,1,1,1,1,1,1,1,1,1,1,1,1,1,0,0,0,0,0,1,1,0,0,0,1,0,0,0,0,0,0,0,0,1,1,0,0,0,0,0,0,0,0,0,0,0,0,0,-1,-1,-1,16000,0,0,200,9905
205,"通常協力希望",9005,61,0.0,0,-1,0,-1,240030,-1,0,-1,5,0,-1,-1,-1,1,0,50,0,2,0,0,14,0,18,0,1,1,1,1,1,1,1,1,1,1,1,1,1,1,1,1,1,1,0,0,0,1,1,0,0,0,1,0,0,0,0,0,0,0,0,1,1,0,0,0,0,0,0,0,0,0,0,0,0,0,-1,-1,-1,16000,0,0,206,9005
206,"通常協力希望_使用不可",-1,61,0.0,0,-1,0,-1,240031,-1,0,-1,5,0,-1,-1,-1,1,0,50,0,0,0,0,14,0,0,0,1,1,1,1,1,1,1,1,1,1,1,1,1,1,1,1,0,0,0,0,0,1,1,0,0,0,1,0,0,0,0,0,0,0,0,1,1,0,0,0,0,0,0,0,0,0,0,0,0,0,-1,-1,-1,16000,0,0,205,9905
225,"通常侵入希望",9025,62,0.0,0,-1,0,-1,240040,-1,0,-1,7,0,-1,-1,-1,1,0,50,0,2,0,0,14,0,17,0,1,1,1,1,1,1,1,1,1,1,1,1,1,1,1,1,1,1,0,0,0,1,1,0,0,0,1,0,0,0,0,0,0,0,0,1,1,0,0,0,0,0,0,0,0,0,0,0,0,0,-1,-1,-1,16000,0,0,226,9025
226,"通常侵入希望_使用不可",-1,62,0.0,0,-1,0,-1,240041,-1,0,-1,7,0,-1,-1,-1,1,0,50,0,0,0,0,14,0,0,0,1,1,1,1,1,1,1,1,1,1,1,1,1,1,1,1,0,0,0,0,0,1,1,0,0,0,1,0,0,0,0,0,0,0,0,1,1,0,0,0,0,0,0,0,0,0,0,0,0,0,-1,-1,-1,16000,0,0,225,9905
700,"ガスコインのオルゴール",400,0,0.0,0,-1,0,-1,90030,-1,0,-1,138,0,-1,-1,-1,1,0,50,0,1,0,0,27,0,0,0,1,1,1,1,1,1,1,1,1,1,1,1,1,1,1,1,1,1,1,1,1,0,1,0,0,0,1,0,0,0,0,0,0,0,0,1,0,0,0,0,0,0,0,0,0,99,0,0,0,0,-1,-1,-1,16000,0,0,-1,-1
701,"娼婦の血",3030,76,0.0,0,-1,0,-1,20020,-1,0,-1,73,0,-1,-1,-1,1,0,50,0,2,0,0,28,0,2,0,1,1,1,1,1,1,1,1,1,1,1,1,1,1,1,1,1,1,1,1,1,0,1,1,0,0,1,1,0,0,0,0,0,0,0,1,0,0,0,0,0,0,0,0,0,0,0,0,0,0,-1,-1,-1,16000,0,3,-1,-1
702,"囚われの尼僧の血",3060,56,0.0,0,-1,0,-1,20030,-1,0,-1,74,0,-1,-1,-1,1,0,50,0,2,0,0,28,0,2,0,1,1,1,1,1,1,1,1,1,1,1,1,1,1,1,1,1,1,1,1,1,0,1,1,0,0,1,1,0,0,0,0,0,0,0,1,0,0,0,0,0,0,0,0,0,0,0,0,0,0,-1,-1,-1,16000,0,3,-1,-1
703,"女医の薬",3020,75,0.0,0,-1,0,-1,20010,-1,0,-1,75,0,-1,-1,-1,1,0,50,0,2,0,0,28,0,3,0,1,1,1,1,1,1,1,1,1,1,1,1,1,1,1,1,1,1,1,1,1,0,1,1,0,0,1,1,0,0,0,0,0,0,0,1,0,0,0,0,0,0,0,0,0,0,0,0,0,0,-1,-1,-1,16000,0,0,-1,-1
704,"血濡れの赤子",2160,97,0.0,0,-1,0,-1,110070,-1,0,-1,190,0,-1,-1,-1,99,0,50,0,2,0,0,9,0,0,0,1,1,1,1,1,1,1,1,1,1,1,1,1,1,1,1,1,1,1,1,1,0,1,1,0,0,0,1,1,0,0,0,0,0,0,1,0,0,0,0,0,1,0,0,0,99,0,0,0,0,-1,-1,-1,16000,0,0,-1,-1
705,"女王の血",3030,76,0.0,0,-1,0,-1,20021,-1,0,-1,183,0,-1,-1,-1,1,0,50,0,2,0,0,28,0,2,0,1,1,1,1,1,1,1,1,1,1,1,1,1,1,1,1,1,1,1,1,1,0,1,1,0,0,1,1,0,0,0,0,0,0,0,1,0,0,0,0,0,0,0,0,0,0,0,0,0,0,-1,-1,-1,16000,0,3,-1,-1
706,"時計塔女医の血",3040,56,0.0,0,-1,0,-1,20031,-1,0,-1,91,0,-1,-1,-1,1,0,50,0,2,0,0,28,0,2,0,1,1,1,1,1,1,1,1,1,1,1,1,1,1,1,1,1,1,1,1,1,0,1,1,0,0,1,1,0,0,0,0,0,0,0,1,0,0,0,0,0,0,0,0,0,0,0,0,0,0,-1,-1,-1,16000,0,3,-1,-1
800,"前をさす",-1,0,0.0,0,-1,0,-1,500010,-1,0,-1,5000,0,-1,-1,-1,1,0,50,0,0,0,0,0,0,0,0,1,1,1,1,1,1,1,1,1,1,1,1,1,1,1,1,1,1,1,1,1,0,0,0,0,0,1,0,0,0,0,0,0,0,0,1,0,0,0,0,0,0,0,0,0,0,0,0,0,0,-1,-1,-1,16000,0,0,-1,-1
801,"一礼（男／軽い）",-1,0,0.0,0,-1,0,-1,500050,-1,0,-1,5001,0,-1,-1,-1,1,0,50,0,0,0,0,0,0,0,0,1,1,1,1,1,1,1,1,1,1,1,1,1,1,1,1,1,1,1,1,1,0,0,0,0,0,1,0,0,0,0,0,0,0,0,1,0,0,0,0,0,0,0,0,0,0,0,0,0,0,-1,-1,-1,16000,0,0,-1,-1
802,"さあ、行こう",-1,0,0.0,0,-1,0,-1,500160,-1,0,-1,5002,0,-1,-1,-1,1,0,50,0,0,0,0,0,0,0,0,1,1,1,1,1,1,1,1,1,1,1,1,1,1,1,1,1,1,1,1,1,0,0,0,0,0,1,0,0,0,0,0,0,0,0,1,0,0,0,0,0,0,0,0,0,0,0,0,0,0,-1,-1,-1,16000,0,0,-1,-1
803,"歓喜",-1,0,0.0,0,-1,0,-1,500130,-1,0,-1,5003,0,-1,-1,-1,1,0,50,0,0,0,0,0,0,0,0,1,1,1,1,1,1,1,1,1,1,1,1,1,1,1,1,1,1,1,1,1,0,0,0,0,0,1,0,0,0,0,0,0,0,0,1,0,0,0,0,0,0,0,0,0,0,0,0,0,0,-1,-1,-1,16000,0,0,-1,-1
804,"マントをひるがえす",-1,0,0.0,0,-1,0,-1,500180,-1,0,-1,5004,0,-1,-1,-1,1,0,50,0,0,0,0,0,0,0,0,1,1,1,1,1,1,1,1,1,1,1,1,1,1,1,1,1,1,1,1,1,0,0,0,0,0,1,0,0,0,0,0,0,0,0,1,0,0,0,0,0,0,0,0,0,0,0,0,0,0,-1,-1,-1,16000,0,0,-1,-1
805,"一礼（男／丁寧）",-1,0,0.0,0,-1,0,-1,500060,-1,0,-1,5005,0,-1,-1,-1,1,0,50,0,0,0,0,0,0,0,0,1,1,1,1,1,1,1,1,1,1,1,1,1,1,1,1,1,1,1,1,1,0,0,0,0,0,1,0,0,0,0,0,0,0,0,1,0,0,0,0,0,0,0,0,0,0,0,0,0,0,-1,-1,-1,16000,0,0,-1,-1
806,"一礼（女／軽い）",-1,0,0.0,0,-1,0,-1,500080,-1,0,-1,5006,0,-1,-1,-1,1,0,50,0,0,0,0,0,0,0,0,1,1,1,1,1,1,1,1,1,1,1,1,1,1,1,1,1,1,1,1,1,0,0,0,0,0,1,0,0,0,0,0,0,0,0,1,0,0,0,0,0,0,0,0,0,0,0,0,0,0,-1,-1,-1,16000,0,0,-1,-1
807,"一礼（女／丁寧）",-1,0,0.0,0,-1,0,-1,500070,-1,0,-1,5007,0,-1,-1,-1,1,0,50,0,0,0,0,0,0,0,0,1,1,1,1,1,1,1,1,1,1,1,1,1,1,1,1,1,1,1,1,1,0,0,0,0,0,1,0,0,0,0,0,0,0,0,1,0,0,0,0,0,0,0,0,0,0,0,0,0,0,-1,-1,-1,16000,0,0,-1,-1
808,"手を振る",-1,0,0.0,0,-1,0,-1,500020,-1,0,-1,5008,0,-1,-1,-1,1,0,50,0,0,0,0,0,0,0,0,1,1,1,1,1,1,1,1,1,1,1,1,1,1,1,1,1,1,1,1,1,0,0,0,0,0,1,0,0,0,0,0,0,0,0,1,0,0,0,0,0,0,0,0,0,0,0,0,0,0,-1,-1,-1,16000,0,0,-1,-1
809,"祈る",-1,0,0.0,0,-1,0,-1,500210,-1,0,-1,5009,0,-1,-1,-1,1,0,50,0,0,0,0,0,0,0,0,1,1,1,1,1,1,1,1,1,1,1,1,1,1,1,1,1,1,1,1,1,0,0,0,0,0,1,0,0,0,0,0,0,0,0,1,0,0,0,0,0,0,0,0,0,0,0,0,0,0,-1,-1,-1,16000,0,0,-1,-1
810,"待て！",-1,0,0.0,0,-1,0,-1,500030,-1,0,-1,5010,0,-1,-1,-1,1,0,50,0,0,0,0,0,0,0,0,1,1,1,1,1,1,1,1,1,1,1,1,1,1,1,1,1,1,1,1,1,0,0,0,0,0,1,0,0,0,0,0,0,0,0,1,0,0,0,0,0,0,0,0,0,0,0,0,0,0,-1,-1,-1,16000,0,0,-1,-1
811,"静かに",-1,0,0.0,0,-1,0,-1,500040,-1,0,-1,5011,0,-1,-1,-1,1,0,50,0,0,0,0,0,0,0,0,1,1,1,1,1,1,1,1,1,1,1,1,1,1,1,1,1,1,1,1,1,0,0,0,0,0,1,0,0,0,0,0,0,0,0,1,0,0,0,0,0,0,0,0,0,0,0,0,0,0,-1,-1,-1,16000,0,0,-1,-1
812,"エイエイオー",-1,0,0.0,0,-1,0,-1,500110,-1,0,-1,5012,0,-1,-1,-1,1,0,50,0,0,0,0,0,0,0,0,1,1,1,1,1,1,1,1,1,1,1,1,1,1,1,1,1,1,1,1,1,0,0,0,0,0,1,0,0,0,0,0,0,0,0,1,0,0,0,0,0,0,0,0,0,0,0,0,0,0,-1,-1,-1,16000,0,0,-1,-1
813,"ガッツポーズ",-1,0,0.0,0,-1,0,-1,500140,-1,0,-1,5013,0,-1,-1,-1,1,0,50,0,0,0,0,0,0,0,0,1,1,1,1,1,1,1,1,1,1,1,1,1,1,1,1,1,1,1,1,1,0,0,0,0,0,1,0,0,0,0,0,0,0,0,1,0,0,0,0,0,0,0,0,0,0,0,0,0,0,-1,-1,-1,16000,0,0,-1,-1
814,"賞賛する",-1,0,0.0,0,-1,0,-1,500120,-1,0,-1,5014,0,-1,-1,-1,1,0,50,0,0,0,0,0,0,0,0,1,1,1,1,1,1,1,1,1,1,1,1,1,1,1,1,1,1,1,1,1,0,0,0,0,0,1,0,0,0,0,0,0,0,0,1,0,0,0,0,0,0,0,0,0,0,0,0,0,0,-1,-1,-1,16000,0,0,-1,-1
815,"雄叫び",-1,0,0.0,0,-1,0,-1,500150,-1,0,-1,5015,0,-1,-1,-1,1,0,50,0,0,0,0,0,0,0,0,1,1,1,1,1,1,1,1,1,1,1,1,1,1,1,1,1,1,1,1,1,0,0,0,0,0,1,0,0,0,0,0,0,0,0,1,0,0,0,0,0,0,0,0,0,0,0,0,0,0,-1,-1,-1,16000,0,0,-1,-1
816,"命乞い",-1,0,0.0,0,-1,0,-1,500200,-1,0,-1,5016,0,-1,-1,-1,1,0,50,0,0,0,0,0,0,0,0,1,1,1,1,1,1,1,1,1,1,1,1,1,1,1,1,1,1,1,1,1,0,0,0,0,0,1,0,0,0,0,0,0,0,0,1,0,0,0,0,0,0,0,0,0,0,0,0,0,0,-1,-1,-1,16000,0,0,-1,-1
817,"ほこりをはらう",-1,0,0.0,0,-1,0,-1,500170,-1,0,-1,5017,0,-1,-1,-1,1,0,50,0,0,0,0,0,0,0,0,1,1,1,1,1,1,1,1,1,1,1,1,1,1,1,1,1,1,1,1,1,0,0,0,0,0,1,0,0,0,0,0,0,0,0,1,0,0,0,0,0,0,0,0,0,0,0,0,0,0,-1,-1,-1,16000,0,0,-1,-1
818,"宗教A（簡易）",-1,0,0.0,0,-1,0,-1,500090,-1,0,-1,5018,0,-1,-1,-1,1,0,50,0,0,0,0,0,0,0,0,1,1,1,1,1,1,1,1,1,1,1,1,1,1,1,1,1,1,1,1,1,0,0,0,0,0,1,0,0,0,0,0,0,0,0,1,0,0,0,0,0,0,0,0,0,0,0,0,0,0,-1,-1,-1,16000,0,0,-1,-1
819,"宗教A（丁寧）",-1,0,0.0,0,-1,0,-1,500100,-1,0,-1,5019,0,-1,-1,-1,1,0,50,0,0,0,0,0,0,0,0,1,1,1,1,1,1,1,1,1,1,1,1,1,1,1,1,1,1,1,1,1,0,0,0,0,0,1,0,0,0,0,0,0,0,0,1,0,0,0,0,0,0,0,0,0,0,0,0,0,0,-1,-1,-1,16000,0,0,-1,-1
820,"宗教B",-1,0,0.0,0,-1,0,-1,500220,-1,0,-1,5020,0,-1,-1,-1,1,0,50,0,0,0,0,0,0,0,0,1,1,1,1,1,1,1,1,1,1,1,1,1,1,1,1,1,1,1,1,1,0,0,0,0,0,1,0,0,0,0,0,0,0,0,1,0,0,0,0,0,0,0,0,0,0,0,0,0,0,-1,-1,-1,16000,0,0,-1,-1
821,"座る",-1,0,0.0,0,-1,0,-1,500190,-1,0,-1,5021,0,-1,-1,-1,1,0,50,0,0,0,0,0,0,0,0,1,1,1,1,1,1,1,1,1,1,1,1,1,1,1,1,1,1,1,1,1,0,0,0,0,0,1,0,0,0,0,0,0,0,0,1,0,0,0,0,0,0,0,0,0,0,0,0,0,0,-1,-1,-1,16000,0,0,-1,-1
822,"連盟",-1,0,0.0,0,-1,0,-1,500230,-1,0,-1,5022,0,-1,-1,-1,1,0,50,0,0,0,0,0,0,0,0,1,1,1,1,1,1,1,1,1,1,1,1,1,1,1,1,1,1,1,1,1,0,0,0,0,0,1,0,0,0,0,0,0,0,0,1,0,0,0,0,0,0,0,0,0,0,0,0,0,0,-1,-1,-1,16000,0,0,-1,-1
900,"弾丸【PG直接指定】",-1,0,0.0,0,30,0,-1,10010,-1,0,-1,1,0,-1,-1,-1,20,0,0,0,0,0,0,253,0,0,0,1,1,1,1,1,1,1,1,1,1,1,1,1,1,1,1,0,0,0,0,0,0,0,1,0,0,0,1,1,0,0,0,0,0,0,1,0,0,1,0,1,0,0,1,0,600,0,0,0,0,-1,-1,-1,16000,0,0,-1,-1
901,"テンポラリ弾丸【PG直接指定】",-1,0,0.0,0,-1,0,-1,590010,-1,0,-1,4,0,-1,-1,-1,5,0,0,1,0,0,0,253,0,0,0,1,1,1,1,1,1,1,1,1,1,1,1,1,1,1,1,0,0,0,0,0,0,0,1,0,0,0,0,0,0,0,0,0,0,0,1,0,0,0,0,0,0,0,0,0,0,0,0,0,0,-1,-1,-1,-1,0,0,-1,-1
910,"弾丸回復",3010,0,0.0,0,-1,0,-1,-1,-1,0,-1,2,0,-1,-1,-1,5,0,0,0,0,0,0,27,0,0,0,1,1,1,1,1,1,1,1,1,1,1,1,1,1,1,1,1,1,1,1,1,0,1,1,0,0,0,1,1,0,0,0,0,0,0,1,0,0,0,0,0,0,0,0,0,99,0,0,0,0,-1,-1,-1,16000,0,0,-1,-1
999,"E3版用リセットアイテム",9999,-1,0.0,0,-1,0,-1,-1,-1,10010849,-1,0,0,-1,-1,-1,1,0,50,0,2,0,0,16,1,0,0,1,1,1,1,1,1,1,1,1,1,1,1,1,1,1,1,1,1,0,0,0,0,1,0,1,0,1,0,0,0,0,0,0,0,0,0,0,0,0,0,0,0,0,0,0,0,1,2,3,4,-1,-1,-1,16000,0,0,-1,-1
1000,"HP回復【PG直接指定】",3010,56,0.0,0,40,0,-1,10000,-1,0,-1,146,0,-1,-1,-1,20,0,50,0,2,0,0,26,0,0,0,1,1,1,1,1,1,1,1,1,1,1,1,1,1,1,1,1,1,1,1,1,0,0,1,0,0,0,1,1,0,0,0,0,0,0,1,0,0,0,1,1,0,0,1,0,600,0,0,0,0,-1,-1,-1,16000,0,0,-1,-1
1100,"毒・出血回復薬",200,55,0.0,0,60,0,-1,30010,-1,0,-1,12,0,-1,-1,-1,10,0,50,0,1,0,0,0,0,0,0,1,1,1,1,1,1,1,1,1,1,1,1,1,1,1,1,1,1,1,1,1,0,1,1,0,0,0,1,1,0,0,0,0,0,0,1,0,0,0,0,0,0,0,0,0,99,0,0,0,0,-1,-1,-1,16000,0,0,-1,-1
1101,"狂気・獣化回復薬",230,57,0.0,0,120,0,-1,30030,-1,0,-1,13,0,-1,-1,-1,10,0,50,0,1,0,0,10,0,0,0,1,1,1,1,1,1,1,1,1,1,1,1,1,1,1,1,1,1,1,1,1,0,1,1,0,0,0,1,1,0,0,0,0,0,0,1,0,0,0,0,0,0,0,0,0,99,0,0,0,0,-1,-1,-1,16000,0,0,-1,-1
1110,"獣化薬",3240,58,0.0,0,200,0,-1,30020,-1,0,-1,20,0,-1,-1,-1,10,0,50,0,2,0,0,0,0,2,0,1,1,1,1,1,1,1,1,1,1,1,1,1,1,1,1,1,1,1,1,1,0,1,1,0,0,0,1,1,0,0,0,0,0,0,1,0,0,0,0,0,0,0,0,0,99,0,0,0,0,-1,-1,-1,16000,0,0,-1,-1
1120,"石ころ帽子",2014,9,0.0,0,400,0,-1,30040,-1,0,-1,18,0,-1,-1,-1,10,0,50,0,2,0,0,10,0,2,0,1,1,1,1,1,1,1,1,1,1,1,1,1,1,1,1,1,1,1,1,1,0,1,1,0,0,0,1,1,0,0,0,0,0,0,1,0,0,0,0,0,0,0,0,0,99,0,0,0,0,-1,-1,-1,16000,0,0,-1,-1
1200,"火炎壺",100,0,0.0,0,40,0,-1,40010,-1,0,-1,24,0,-1,-1,-1,10,0,50,0,1,5,0,3,0,0,0,1,1,1,1,1,1,1,1,1,1,1,1,1,1,1,1,1,1,1,1,1,0,1,1,0,0,0,1,1,0,0,0,0,0,0,1,0,0,0,0,0,0,0,0,0,99,0,0,0,0,-1,-1,-1,12000,0,0,-1,-1
1201,"時限爆発瓶",105,20,0.0,0,50,0,-1,40021,-1,0,-1,131,0,-1,-1,-1,10,0,50,0,1,5,0,34,0,0,0,1,1,1,1,1,1,1,1,1,1,1,1,1,1,1,1,1,1,1,1,1,0,1,1,0,0,0,1,1,0,0,0,0,0,0,1,0,0,0,0,0,0,0,0,0,99,0,0,0,0,-1,-1,-1,12000,0,0,-1,-1
1210,"毒ナイフ",121,5,0.0,0,60,0,-1,60020,-1,0,-1,23,0,-1,-1,-1,20,0,50,0,1,5,0,2,0,0,0,1,1,1,1,1,1,1,1,1,1,1,1,1,1,1,1,1,1,1,1,1,0,1,1,0,0,0,1,1,0,0,0,0,0,0,1,0,0,0,0,0,0,0,0,0,99,0,0,0,0,-1,-1,-1,10000,0,0,-1,-1
1220,"油壺",150,1,0.0,0,70,0,-1,40030,-1,0,-1,26,0,-1,-1,-1,10,0,50,0,1,5,0,3,0,0,0,1,1,1,1,1,1,1,1,1,1,1,1,1,1,1,1,1,1,1,1,1,0,1,1,0,0,0,1,1,0,0,0,0,0,0,1,0,0,0,0,0,0,0,0,0,99,0,0,0,0,-1,-1,-1,13000,0,0,-1,-1
1230,"石ころ",170,3,0.0,0,1,0,-1,60030,-1,0,-1,21,0,-1,-1,-1,20,0,50,0,1,5,0,3,0,0,0,1,1,1,1,1,1,1,1,1,1,1,1,1,1,1,1,1,1,1,1,1,0,1,1,0,0,0,1,1,0,0,0,0,0,0,1,0,0,0,0,0,0,0,0,0,99,0,0,0,0,-1,-1,-1,14000,0,0,-1,-1
1240,"投げナイフ",120,4,0.0,0,20,0,-1,60010,-1,0,-1,22,0,-1,-1,-1,20,0,50,0,1,5,0,2,0,0,0,1,1,1,1,1,1,1,1,1,1,1,1,1,1,1,1,1,1,1,1,1,0,1,1,0,0,0,1,1,0,0,0,0,0,0,1,0,0,0,0,0,0,0,0,0,99,0,0,0,0,-1,-1,-1,10000,0,0,-1,-1
1250,"背後火炎壺",110,0,0.0,0,40,0,-1,40020,-1,0,-1,25,0,-1,-1,-1,10,0,50,0,1,5,0,13,0,0,0,1,1,1,1,1,1,1,1,1,1,1,1,1,1,1,1,1,1,1,1,1,0,1,1,0,0,0,1,1,0,0,0,0,0,0,1,0,0,0,0,0,0,0,0,0,99,0,0,0,0,-1,-1,-1,12000,0,0,-1,-1
1251,"背後時限爆発瓶",114,20,0.0,0,60,0,-1,40022,-1,0,-1,132,0,-1,-1,-1,10,0,50,0,1,5,0,13,0,0,0,1,1,1,1,1,1,1,1,1,1,1,1,1,1,1,1,1,1,1,1,1,0,1,1,0,0,0,1,1,0,0,0,0,0,0,1,0,0,0,0,0,0,0,0,0,99,0,0,0,0,-1,-1,-1,12000,0,0,-1,-1
1260,"獣誘い",160,7,0.0,0,200,0,-1,50010,-1,0,-1,27,0,-1,-1,-1,10,0,50,0,1,5,0,3,0,0,0,1,1,1,1,1,1,1,1,1,1,1,1,1,1,1,1,1,1,1,1,1,0,1,1,0,0,0,1,1,0,0,0,0,0,0,1,0,0,0,0,0,0,0,0,0,99,0,0,0,0,-1,-1,-1,16000,0,0,-1,-1
1270,"HP回復不可",180,8,0.0,0,400,0,-1,50020,-1,0,-1,28,0,-1,-1,-1,10,0,50,0,1,5,0,3,0,0,0,1,1,1,1,1,1,1,1,1,1,1,1,1,1,1,1,1,1,1,1,1,0,1,1,0,0,0,1,1,0,0,0,0,0,0,1,0,0,0,0,0,0,0,0,0,99,0,0,0,0,-1,-1,-1,16000,0,0,-1,-1
1300,"エンチャント【炎】",2200,0,0.0,0,140,0,-1,70010,-1,0,-1,14,0,-1,-1,-1,10,0,50,0,2,0,0,1,0,1,0,1,1,1,1,1,1,1,1,1,1,1,1,1,1,1,1,1,1,1,1,1,0,1,1,0,0,0,1,1,0,0,0,0,1,0,1,0,0,0,0,0,0,0,0,0,99,0,0,0,0,-1,-1,-1,16000,0,16,-1,-1
1310,"エンチャント【魔法】",2210,0,0.0,0,3000,0,-1,220030,-1,0,-1,15,0,-1,6,-1,1,0,50,0,2,0,0,1,0,1,0,1,1,1,1,1,1,1,1,1,1,1,1,1,1,1,1,1,1,1,1,1,0,1,0,0,0,1,1,1,0,0,0,0,1,0,1,0,0,0,0,0,0,0,0,0,99,0,0,0,15,-1,-1,-1,15000,3,16,-1,-1
1320,"エンチャント【雷】",2220,0,0.0,0,180,0,-1,70020,-1,0,-1,16,0,-1,-1,-1,10,0,50,0,2,0,0,1,0,1,0,1,1,1,1,1,1,1,1,1,1,1,1,1,1,1,1,1,1,1,1,1,0,1,1,0,0,0,1,1,0,0,0,0,1,0,1,0,0,0,0,0,0,0,0,0,99,0,0,0,0,-1,-1,-1,16000,0,16,-1,-1
1330,"銃威力アップ",2230,0,0.0,0,60,0,-1,70030,-1,0,-1,17,0,-1,-1,-1,10,0,50,0,2,0,0,5,0,15,0,1,1,1,1,1,1,1,1,1,1,1,1,1,1,1,1,1,1,1,1,1,0,1,1,0,0,0,1,1,0,0,0,0,0,0,1,0,0,0,0,0,0,1,0,0,99,0,0,0,0,-1,-1,-1,16000,0,0,-1,-1
1400,"帰還",2101,-1,0.0,0,80,0,-1,80020,-1,10010710,-1,29,0,-1,-1,-1,99,0,50,0,2,0,0,16,1,0,0,1,1,1,1,1,1,1,1,1,1,1,1,1,1,1,1,1,1,0,0,0,0,1,1,0,0,0,1,1,0,0,0,0,0,0,1,1,0,0,0,0,0,0,0,0,99,0,0,0,0,-1,-1,-1,16000,0,0,-1,-1
1410,"道標",300,0,0.0,0,4,0,-1,80030,-1,0,-1,30,0,-1,-1,-1,99,0,50,0,1,5,0,7,0,0,0,1,1,1,1,1,1,1,1,1,1,1,1,1,1,1,1,1,1,1,1,1,0,1,1,0,0,0,1,1,0,0,0,0,0,0,1,0,0,0,0,0,0,0,0,0,99,0,0,0,0,-1,-1,-1,16000,0,0,-1,-1
1411,"遠眼鏡",2000,0,0.0,0,200,0,-1,90020,-1,0,-1,31,0,-1,-1,-1,1,0,50,0,2,0,0,4,0,0,0,1,1,1,1,1,1,1,1,1,1,1,1,1,1,1,1,1,1,1,1,1,0,1,0,0,0,0,1,1,0,0,0,0,0,0,1,0,0,0,0,0,0,0,0,0,99,0,0,0,0,-1,-1,-1,16000,0,0,-1,-1
1412,"ランタン",2010,0,0.0,0,400,0,-1,90010,-1,0,-1,32,0,-1,-1,-1,1,0,50,0,2,0,0,17,0,0,0,1,1,1,1,1,1,1,1,1,1,1,1,1,1,1,1,1,1,1,1,1,0,1,0,0,0,0,1,1,0,0,0,0,0,0,1,0,0,0,0,0,0,0,0,0,99,0,0,0,0,-1,-1,-1,16000,0,0,-1,-1
1500,"SAN値回復＋1",2160,95,0.0,0,200,0,-1,110010,-1,0,-1,76,0,-1,-1,-1,99,0,50,0,2,0,0,9,0,0,0,1,1,1,1,1,1,1,1,1,1,1,1,1,1,1,1,1,1,1,1,1,0,1,1,0,0,0,1,1,0,0,0,0,0,0,1,0,0,0,0,0,1,0,0,0,99,0,0,0,0,-1,-1,-1,16000,0,0,-1,-1
1501,"SAN値回復＋2",2161,96,0.0,0,400,0,-1,110020,-1,0,-1,77,0,-1,-1,-1,99,0,50,0,2,0,0,9,0,0,0,1,1,1,1,1,1,1,1,1,1,1,1,1,1,1,1,1,1,1,1,1,0,1,1,0,0,0,1,1,0,0,0,0,0,0,1,0,0,0,0,0,1,0,0,0,99,0,0,0,0,-1,-1,-1,16000,0,0,-1,-1
1510,"ソウル【0】",3600,90,0.0,0,70,0,-1,100010,-1,0,-1,48,0,-1,-1,-1,99,0,50,0,2,0,0,9,0,0,0,1,1,1,1,1,1,1,1,1,1,1,1,1,1,1,1,1,1,1,1,1,0,1,1,0,0,0,1,1,0,0,0,0,0,0,1,0,0,0,0,0,1,0,0,0,99,0,0,0,0,-1,-1,-1,16000,0,0,-1,-1
1511,"ソウル【1】",3601,90,0.0,0,100,0,-1,100020,-1,0,-1,49,0,-1,-1,-1,99,0,50,0,2,0,0,9,0,0,0,1,1,1,1,1,1,1,1,1,1,1,1,1,1,1,1,1,1,1,1,1,0,1,1,0,0,0,1,1,0,0,0,0,0,0,1,0,0,0,0,0,1,0,0,0,99,0,0,0,0,-1,-1,-1,16000,0,0,-1,-1
1512,"ソウル【2】",3602,90,0.0,0,200,0,-1,100030,-1,0,-1,50,0,-1,-1,-1,99,0,50,0,2,0,0,9,0,0,0,1,1,1,1,1,1,1,1,1,1,1,1,1,1,1,1,1,1,1,1,1,0,1,1,0,0,0,1,1,0,0,0,0,0,0,1,0,0,0,0,0,1,0,0,0,99,0,0,0,0,-1,-1,-1,16000,0,0,-1,-1
1513,"ソウル【3】",3603,91,0.0,0,240,0,-1,100040,-1,0,-1,51,0,-1,-1,-1,99,0,50,0,2,0,0,9,0,0,0,1,1,1,1,1,1,1,1,1,1,1,1,1,1,1,1,1,1,1,1,1,0,1,1,0,0,0,1,1,0,0,0,0,0,0,1,0,0,0,0,0,1,0,0,0,99,0,0,0,0,-1,-1,-1,16000,0,0,-1,-1
1514,"ソウル【4】",3604,91,0.0,0,300,0,-1,100050,-1,0,-1,52,0,-1,-1,-1,99,0,50,0,2,0,0,9,0,0,0,1,1,1,1,1,1,1,1,1,1,1,1,1,1,1,1,1,1,1,1,1,0,1,1,0,0,0,1,1,0,0,0,0,0,0,1,0,0,0,0,0,1,0,0,0,99,0,0,0,0,-1,-1,-1,16000,0,0,-1,-1
1515,"ソウル【5】",3605,91,0.0,0,360,0,-1,100060,-1,0,-1,53,0,-1,-1,-1,99,0,50,0,2,0,0,9,0,0,0,1,1,1,1,1,1,1,1,1,1,1,1,1,1,1,1,1,1,1,1,1,0,1,1,0,0,0,1,1,0,0,0,0,0,0,1,0,0,0,0,0,1,0,0,0,99,0,0,0,0,-1,-1,-1,16000,0,0,-1,-1
1516,"ソウル【6】",3606,92,0.0,0,400,0,-1,100070,-1,0,-1,54,0,-1,-1,-1,99,0,50,0,2,0,0,9,0,0,0,1,1,1,1,1,1,1,1,1,1,1,1,1,1,1,1,1,1,1,1,1,0,1,1,0,0,0,1,1,0,0,0,0,0,0,1,0,0,0,0,0,1,0,0,0,99,0,0,0,0,-1,-1,-1,16000,0,0,-1,-1
1517,"ソウル【7】",3607,92,0.0,0,600,0,-1,100080,-1,0,-1,55,0,-1,-1,-1,99,0,50,0,2,0,0,9,0,0,0,1,1,1,1,1,1,1,1,1,1,1,1,1,1,1,1,1,1,1,1,1,0,1,1,0,0,0,1,1,0,0,0,0,0,0,1,0,0,0,0,0,1,0,0,0,99,0,0,0,0,-1,-1,-1,16000,0,0,-1,-1
1518,"ソウル【8】",3608,92,0.0,0,1000,0,-1,100090,-1,0,-1,56,0,-1,-1,-1,99,0,50,0,2,0,0,9,0,0,0,1,1,1,1,1,1,1,1,1,1,1,1,1,1,1,1,1,1,1,1,1,0,1,1,0,0,0,1,1,0,0,0,0,0,0,1,0,0,0,0,0,1,0,0,0,99,0,0,0,0,-1,-1,-1,16000,0,0,-1,-1
1519,"ソウル【9】",3609,93,0.0,0,1600,0,-1,100100,-1,0,-1,57,0,-1,-1,-1,99,0,50,0,2,0,0,9,0,0,0,1,1,1,1,1,1,1,1,1,1,1,1,1,1,1,1,1,1,1,1,1,0,1,1,0,0,0,1,1,0,0,0,0,0,0,1,0,0,0,0,0,1,0,0,0,99,0,0,0,0,-1,-1,-1,16000,0,0,-1,-1
1590,"ソウル【10】",3610,93,0.0,0,2000,0,-1,100110,-1,0,-1,78,0,-1,-1,-1,99,0,50,0,2,0,0,9,0,0,0,1,1,1,1,1,1,1,1,1,1,1,1,1,1,1,1,1,1,1,1,1,0,1,1,0,0,0,1,1,0,0,0,0,0,0,1,0,0,0,0,0,1,0,0,0,99,0,0,0,0,-1,-1,-1,16000,0,0,-1,-1
1591,"ソウル【11】",3611,93,0.0,0,4000,0,-1,100120,-1,0,-1,79,0,-1,-1,-1,99,0,50,0,2,0,0,9,0,0,0,1,1,1,1,1,1,1,1,1,1,1,1,1,1,1,1,1,1,1,1,1,0,1,1,0,0,0,1,1,0,0,0,0,0,0,1,0,0,0,0,0,1,0,0,0,99,0,0,0,0,-1,-1,-1,16000,0,0,-1,-1
1592,"ソウル【12】",3612,94,0.0,0,8000,0,-1,100130,-1,0,-1,80,0,-1,-1,-1,99,0,50,0,2,0,0,9,0,0,0,1,1,1,1,1,1,1,1,1,1,1,1,1,1,1,1,1,1,1,1,1,0,1,1,0,0,0,1,1,0,0,0,0,0,0,1,0,0,0,0,0,1,0,0,0,99,0,0,0,0,-1,-1,-1,16000,0,0,-1,-1
1593,"ソウル【13】",3613,94,0.0,0,10000,0,-1,100140,-1,0,-1,81,0,-1,-1,-1,99,0,50,0,2,0,0,9,0,0,0,1,1,1,1,1,1,1,1,1,1,1,1,1,1,1,1,1,1,1,1,1,0,1,1,0,0,0,1,1,0,0,0,0,0,0,1,0,0,0,0,0,1,0,0,0,99,0,0,0,0,-1,-1,-1,16000,0,0,-1,-1
1594,"ソウル【14】",3614,94,0.0,0,20000,0,-1,100150,-1,0,-1,82,0,-1,-1,-1,99,0,50,0,2,0,0,9,0,0,0,1,1,1,1,1,1,1,1,1,1,1,1,1,1,1,1,1,1,1,1,1,0,1,1,0,0,0,1,1,0,0,0,0,0,0,1,0,0,0,0,0,1,0,0,0,99,0,0,0,0,-1,-1,-1,16000,0,0,-1,-1
1600,"BJ「右回りの変態」の原石",3400,91,0.0,0,100,0,-1,210010,-1,0,-1,332,0,-1,-1,-1,1,0,50,0,2,0,0,29,0,0,0,1,1,1,1,1,1,1,1,1,1,1,1,1,1,1,1,1,1,1,1,1,0,1,1,0,0,0,0,1,0,0,0,0,0,0,1,0,0,0,0,0,0,0,0,0,1,0,0,0,0,-1,-1,-1,16000,0,0,-1,-1
1601,"BJ「左回りの変態」の原石",3401,91,0.0,0,100,0,-1,210020,-1,0,-1,333,0,-1,-1,-1,1,0,50,0,2,0,0,29,0,0,0,1,1,1,1,1,1,1,1,1,1,1,1,1,1,1,1,1,1,1,1,1,0,1,1,0,0,0,0,1,0,0,0,0,0,0,1,0,0,0,0,0,0,0,0,0,1,0,0,0,0,-1,-1,-1,16000,0,0,-1,-1
1602,"BJ「拝領」の原石",3402,91,0.0,0,100,0,-1,210030,-1,0,-1,339,0,-1,-1,-1,1,0,50,0,2,0,0,29,0,0,0,1,1,1,1,1,1,1,1,1,1,1,1,1,1,1,1,1,1,1,1,1,0,1,1,0,0,0,0,1,0,0,0,0,0,0,1,0,0,0,0,0,0,0,0,0,1,0,0,0,0,-1,-1,-1,16000,0,0,-1,-1
1603,"BJ「オドンの交わり」の原石",3403,91,0.0,0,100,0,-1,210040,-1,0,-1,340,0,-1,-1,-1,1,0,50,0,2,0,0,29,0,0,0,1,1,1,1,1,1,1,1,1,1,1,1,1,1,1,1,1,1,1,1,1,0,1,1,0,0,0,0,1,0,0,0,0,0,0,1,0,0,0,0,0,0,0,0,0,1,0,0,0,0,-1,-1,-1,16000,0,0,-1,-1
1604,"BJ「湖」の原石",3404,91,0.0,0,100,0,-1,210050,-1,0,-1,336,0,-1,-1,-1,1,0,50,0,2,0,0,29,0,0,0,1,1,1,1,1,1,1,1,1,1,1,1,1,1,1,1,1,1,1,1,1,0,1,1,0,0,0,0,1,0,0,0,0,0,0,1,0,0,0,0,0,0,0,0,0,1,0,0,0,0,-1,-1,-1,16000,0,0,-1,-1
1605,"BJ「深海」の原石",3405,91,0.0,0,100,0,-1,210060,-1,0,-1,337,0,-1,-1,-1,1,0,50,0,2,0,0,29,0,0,0,1,1,1,1,1,1,1,1,1,1,1,1,1,1,1,1,1,1,1,1,1,0,1,1,0,0,0,0,1,0,0,0,0,0,0,1,0,0,0,0,0,0,0,0,0,1,0,0,0,0,-1,-1,-1,16000,0,0,-1,-1
1606,"BJ「破壊者」の原石",3406,91,0.0,0,100,0,-1,210045,-1,0,-1,341,0,-1,-1,-1,1,0,50,0,2,0,0,29,0,0,0,1,1,1,1,1,1,1,1,1,1,1,1,1,1,1,1,1,1,1,1,1,0,1,1,0,0,0,0,1,0,0,0,0,0,0,1,0,0,0,0,0,0,0,0,0,1,0,0,0,0,-1,-1,-1,16000,0,0,-1,-1
1607,"BJ「歓楽者」の原石",3407,91,0.0,0,100,0,-1,210046,-1,0,-1,334,0,-1,-1,-1,1,0,50,0,2,0,0,29,0,0,0,1,1,1,1,1,1,1,1,1,1,1,1,1,1,1,1,1,1,1,1,1,0,1,1,0,0,0,0,1,0,0,0,0,0,0,1,0,0,0,0,0,0,0,0,0,1,0,0,0,0,-1,-1,-1,16000,0,0,-1,-1
1608,"BJ「交わる者」の原石",3408,91,0.0,0,100,0,-1,210047,-1,0,-1,335,0,-1,-1,-1,1,0,50,0,2,0,0,29,0,0,0,1,1,1,1,1,1,1,1,1,1,1,1,1,1,1,1,1,1,1,1,1,0,1,1,0,0,0,0,1,0,0,0,0,0,0,1,0,0,0,0,0,0,0,0,0,1,0,0,0,0,-1,-1,-1,16000,0,0,-1,-1
1609,"BJ「継承者」の原石",3409,91,0.0,0,100,0,-1,210048,-1,0,-1,342,0,-1,-1,-1,1,0,50,0,2,0,0,29,0,0,0,1,1,1,1,1,1,1,1,1,1,1,1,1,1,1,1,1,1,1,1,1,0,1,1,0,0,0,0,1,0,0,0,0,0,0,1,0,0,0,0,0,0,0,0,0,1,0,0,0,0,-1,-1,-1,16000,0,0,-1,-1
1610,"BJ「獣」の原石",3410,91,0.0,0,100,0,-1,210140,-1,0,-1,338,0,-1,-1,-1,1,0,50,0,2,0,0,29,0,0,0,1,1,1,1,1,1,1,1,1,1,1,1,1,1,1,1,1,1,1,1,1,0,1,1,0,0,0,0,1,0,0,0,0,0,0,1,0,0,0,0,0,0,0,0,0,1,0,0,0,0,-1,-1,-1,16000,0,0,-1,-1
1611,"BJ「月」の原石",3411,91,0.0,0,100,0,-1,210120,-1,0,-1,330,0,-1,-1,-1,1,0,50,0,2,0,0,29,0,0,0,1,1,1,1,1,1,1,1,1,1,1,1,1,1,1,1,1,1,1,1,1,0,1,1,0,0,0,0,1,0,0,0,0,0,0,1,0,0,0,0,0,0,0,0,0,1,0,0,0,0,-1,-1,-1,16000,0,0,-1,-1
1612,"BJ「瞳」の原石",3412,91,0.0,0,100,0,-1,210130,-1,0,-1,331,0,-1,-1,-1,1,0,50,0,2,0,0,29,0,0,0,1,1,1,1,1,1,1,1,1,1,1,1,1,1,1,1,1,1,1,1,1,0,1,1,0,0,0,0,1,0,0,0,0,0,0,1,0,0,0,0,0,0,0,0,0,1,0,0,0,0,-1,-1,-1,16000,0,0,-1,-1
1650,"放射型魔石の原石　レベル1",3450,91,0.0,0,10,0,-1,130010,-1,0,-1,324,0,-1,-1,-1,1,0,50,0,2,0,0,29,0,0,0,1,1,1,1,1,1,1,1,1,1,1,1,1,1,1,1,1,1,1,1,1,0,1,1,0,0,0,0,1,0,0,0,0,0,0,1,0,0,0,0,0,0,0,0,0,1,0,0,0,0,-1,-1,-1,16000,0,0,-1,-1
1651,"放射型魔石の原石　レベル2",3451,91,0.0,0,20,0,-1,130020,-1,0,-1,324,0,-1,-1,-1,1,0,50,0,2,0,0,29,0,0,0,1,1,1,1,1,1,1,1,1,1,1,1,1,1,1,1,1,1,1,1,1,0,1,1,0,0,0,0,1,0,0,0,0,0,0,1,0,0,0,0,0,0,0,0,0,1,0,0,0,0,-1,-1,-1,16000,0,0,-1,-1
1652,"放射型魔石の原石　レベル3",3452,91,0.0,0,30,0,-1,130030,-1,0,-1,324,0,-1,-1,-1,1,0,50,0,2,0,0,29,0,0,0,1,1,1,1,1,1,1,1,1,1,1,1,1,1,1,1,1,1,1,1,1,0,1,1,0,0,0,0,1,0,0,0,0,0,0,1,0,0,0,0,0,0,0,0,0,1,0,0,0,0,-1,-1,-1,16000,0,0,-1,-1
1653,"放射型魔石の原石　レベル4",3453,91,0.0,0,40,0,-1,130040,-1,0,-1,324,0,-1,-1,-1,1,0,50,0,2,0,0,29,0,0,0,1,1,1,1,1,1,1,1,1,1,1,1,1,1,1,1,1,1,1,1,1,0,1,1,0,0,0,0,1,0,0,0,0,0,0,1,0,0,0,0,0,0,0,0,0,1,0,0,0,0,-1,-1,-1,16000,0,0,-1,-1
1654,"放射型魔石の原石　レベル5",3454,91,0.0,0,50,0,-1,130050,-1,0,-1,324,0,-1,-1,-1,1,0,50,0,2,0,0,29,0,0,0,1,1,1,1,1,1,1,1,1,1,1,1,1,1,1,1,1,1,1,1,1,0,1,1,0,0,0,0,1,0,0,0,0,0,0,1,0,0,0,0,0,0,0,0,0,1,0,0,0,0,-1,-1,-1,16000,0,0,-1,-1
1655,"放射型魔石の原石　レベル6",3455,91,0.0,0,60,0,-1,130060,-1,0,-1,324,0,-1,-1,-1,1,0,50,0,2,0,0,29,0,0,0,1,1,1,1,1,1,1,1,1,1,1,1,1,1,1,1,1,1,1,1,1,0,1,1,0,0,0,0,1,0,0,0,0,0,0,1,0,0,0,0,0,0,0,0,0,1,0,0,0,0,-1,-1,-1,16000,0,0,-1,-1
1656,"放射型魔石の原石　レベル7",3456,91,0.0,0,70,0,-1,130070,-1,0,-1,324,0,-1,-1,-1,1,0,50,0,2,0,0,29,0,0,0,1,1,1,1,1,1,1,1,1,1,1,1,1,1,1,1,1,1,1,1,1,0,1,1,0,0,0,0,1,0,0,0,0,0,0,1,0,0,0,0,0,0,0,0,0,1,0,0,0,0,-1,-1,-1,16000,0,0,-1,-1
1657,"三角型魔石の原石　レベル1",3457,91,0.0,0,10,0,-1,140010,-1,0,-1,325,0,-1,-1,-1,1,0,50,0,2,0,0,29,0,0,0,1,1,1,1,1,1,1,1,1,1,1,1,1,1,1,1,1,1,1,1,1,0,1,1,0,0,0,0,1,0,0,0,0,0,0,1,0,0,0,0,0,0,0,0,0,1,0,0,0,0,-1,-1,-1,16000,0,0,-1,-1
1658,"三角型魔石の原石　レベル2",3458,91,0.0,0,20,0,-1,140020,-1,0,-1,325,0,-1,-1,-1,1,0,50,0,2,0,0,29,0,0,0,1,1,1,1,1,1,1,1,1,1,1,1,1,1,1,1,1,1,1,1,1,0,1,1,0,0,0,0,1,0,0,0,0,0,0,1,0,0,0,0,0,0,0,0,0,1,0,0,0,0,-1,-1,-1,16000,0,0,-1,-1
1659,"三角型魔石の原石　レベル3",3459,91,0.0,0,30,0,-1,140030,-1,0,-1,325,0,-1,-1,-1,1,0,50,0,2,0,0,29,0,0,0,1,1,1,1,1,1,1,1,1,1,1,1,1,1,1,1,1,1,1,1,1,0,1,1,0,0,0,0,1,0,0,0,0,0,0,1,0,0,0,0,0,0,0,0,0,1,0,0,0,0,-1,-1,-1,16000,0,0,-1,-1
1660,"三角型魔石の原石　レベル4",3460,91,0.0,0,40,0,-1,140040,-1,0,-1,325,0,-1,-1,-1,1,0,50,0,2,0,0,29,0,0,0,1,1,1,1,1,1,1,1,1,1,1,1,1,1,1,1,1,1,1,1,1,0,1,1,0,0,0,0,1,0,0,0,0,0,0,1,0,0,0,0,0,0,0,0,0,1,0,0,0,0,-1,-1,-1,16000,0,0,-1,-1
1661,"三角型魔石の原石　レベル5",3461,91,0.0,0,50,0,-1,140050,-1,0,-1,325,0,-1,-1,-1,1,0,50,0,2,0,0,29,0,0,0,1,1,1,1,1,1,1,1,1,1,1,1,1,1,1,1,1,1,1,1,1,0,1,1,0,0,0,0,1,0,0,0,0,0,0,1,0,0,0,0,0,0,0,0,0,1,0,0,0,0,-1,-1,-1,16000,0,0,-1,-1
1662,"三角型魔石の原石　レベル6",3462,91,0.0,0,60,0,-1,140060,-1,0,-1,325,0,-1,-1,-1,1,0,50,0,2,0,0,29,0,0,0,1,1,1,1,1,1,1,1,1,1,1,1,1,1,1,1,1,1,1,1,1,0,1,1,0,0,0,0,1,0,0,0,0,0,0,1,0,0,0,0,0,0,0,0,0,1,0,0,0,0,-1,-1,-1,16000,0,0,-1,-1
1663,"三角型魔石の原石　レベル7",3463,91,0.0,0,70,0,-1,140070,-1,0,-1,325,0,-1,-1,-1,1,0,50,0,2,0,0,29,0,0,0,1,1,1,1,1,1,1,1,1,1,1,1,1,1,1,1,1,1,1,1,1,0,1,1,0,0,0,0,1,0,0,0,0,0,0,1,0,0,0,0,0,0,0,0,0,1,0,0,0,0,-1,-1,-1,16000,0,0,-1,-1
1664,"欠損型魔石の原石　レベル1",3464,91,0.0,0,10,0,-1,150010,-1,0,-1,326,0,-1,-1,-1,1,0,50,0,2,0,0,29,0,0,0,1,1,1,1,1,1,1,1,1,1,1,1,1,1,1,1,1,1,1,1,1,0,1,1,0,0,0,0,1,0,0,0,0,0,0,1,0,0,0,0,0,0,0,0,0,1,0,0,0,0,-1,-1,-1,16000,0,0,-1,-1
1665,"欠損型魔石の原石　レベル2",3465,91,0.0,0,20,0,-1,150020,-1,0,-1,326,0,-1,-1,-1,1,0,50,0,2,0,0,29,0,0,0,1,1,1,1,1,1,1,1,1,1,1,1,1,1,1,1,1,1,1,1,1,0,1,1,0,0,0,0,1,0,0,0,0,0,0,1,0,0,0,0,0,0,0,0,0,1,0,0,0,0,-1,-1,-1,16000,0,0,-1,-1
1666,"欠損型魔石の原石　レベル3",3466,91,0.0,0,30,0,-1,150030,-1,0,-1,326,0,-1,-1,-1,1,0,50,0,2,0,0,29,0,0,0,1,1,1,1,1,1,1,1,1,1,1,1,1,1,1,1,1,1,1,1,1,0,1,1,0,0,0,0,1,0,0,0,0,0,0,1,0,0,0,0,0,0,0,0,0,1,0,0,0,0,-1,-1,-1,16000,0,0,-1,-1
1667,"欠損型魔石の原石　レベル4",3467,91,0.0,0,40,0,-1,150040,-1,0,-1,326,0,-1,-1,-1,1,0,50,0,2,0,0,29,0,0,0,1,1,1,1,1,1,1,1,1,1,1,1,1,1,1,1,1,1,1,1,1,0,1,1,0,0,0,0,1,0,0,0,0,0,0,1,0,0,0,0,0,0,0,0,0,1,0,0,0,0,-1,-1,-1,16000,0,0,-1,-1
1668,"欠損型魔石の原石　レベル5",3468,91,0.0,0,50,0,-1,150050,-1,0,-1,326,0,-1,-1,-1,1,0,50,0,2,0,0,29,0,0,0,1,1,1,1,1,1,1,1,1,1,1,1,1,1,1,1,1,1,1,1,1,0,1,1,0,0,0,0,1,0,0,0,0,0,0,1,0,0,0,0,0,0,0,0,0,1,0,0,0,0,-1,-1,-1,16000,0,0,-1,-1
1669,"欠損型魔石の原石　レベル6",3469,91,0.0,0,60,0,-1,150060,-1,0,-1,326,0,-1,-1,-1,1,0,50,0,2,0,0,29,0,0,0,1,1,1,1,1,1,1,1,1,1,1,1,1,1,1,1,1,1,1,1,1,0,1,1,0,0,0,0,1,0,0,0,0,0,0,1,0,0,0,0,0,0,0,0,0,1,0,0,0,0,-1,-1,-1,16000,0,0,-1,-1
1670,"欠損型魔石の原石　レベル7",3470,91,0.0,0,70,0,-1,150070,-1,0,-1,326,0,-1,-1,-1,1,0,50,0,2,0,0,29,0,0,0,1,1,1,1,1,1,1,1,1,1,1,1,1,1,1,1,1,1,1,1,1,0,1,1,0,0,0,0,1,0,0,0,0,0,0,1,0,0,0,0,0,0,0,0,0,1,0,0,0,0,-1,-1,-1,16000,0,0,-1,-1
1671,"円型魔石の原石　レベル1",3471,91,0.0,0,10,0,-1,160010,-1,0,-1,327,0,-1,-1,-1,1,0,50,0,2,0,0,29,0,0,0,1,1,1,1,1,1,1,1,1,1,1,1,1,1,1,1,1,1,1,1,1,0,1,1,0,0,0,0,1,0,0,0,0,0,0,1,0,0,0,0,0,0,0,0,0,1,0,0,0,0,-1,-1,-1,16000,0,0,-1,-1
1672,"円型魔石の原石　レベル2",3472,91,0.0,0,20,0,-1,160020,-1,0,-1,327,0,-1,-1,-1,1,0,50,0,2,0,0,29,0,0,0,1,1,1,1,1,1,1,1,1,1,1,1,1,1,1,1,1,1,1,1,1,0,1,1,0,0,0,0,1,0,0,0,0,0,0,1,0,0,0,0,0,0,0,0,0,1,0,0,0,0,-1,-1,-1,16000,0,0,-1,-1
1673,"円型魔石の原石　レベル3",3473,91,0.0,0,30,0,-1,160030,-1,0,-1,327,0,-1,-1,-1,1,0,50,0,2,0,0,29,0,0,0,1,1,1,1,1,1,1,1,1,1,1,1,1,1,1,1,1,1,1,1,1,0,1,1,0,0,0,0,1,0,0,0,0,0,0,1,0,0,0,0,0,0,0,0,0,1,0,0,0,0,-1,-1,-1,16000,0,0,-1,-1
1674,"円型魔石の原石　レベル4",3474,91,0.0,0,40,0,-1,160040,-1,0,-1,327,0,-1,-1,-1,1,0,50,0,2,0,0,29,0,0,0,1,1,1,1,1,1,1,1,1,1,1,1,1,1,1,1,1,1,1,1,1,0,1,1,0,0,0,0,1,0,0,0,0,0,0,1,0,0,0,0,0,0,0,0,0,1,0,0,0,0,-1,-1,-1,16000,0,0,-1,-1
1675,"円型魔石の原石　レベル5",3475,91,0.0,0,50,0,-1,160050,-1,0,-1,327,0,-1,-1,-1,1,0,50,0,2,0,0,29,0,0,0,1,1,1,1,1,1,1,1,1,1,1,1,1,1,1,1,1,1,1,1,1,0,1,1,0,0,0,0,1,0,0,0,0,0,0,1,0,0,0,0,0,0,0,0,0,1,0,0,0,0,-1,-1,-1,16000,0,0,-1,-1
1676,"円型魔石の原石　レベル6",3476,91,0.0,0,60,0,-1,160060,-1,0,-1,327,0,-1,-1,-1,1,0,50,0,2,0,0,29,0,0,0,1,1,1,1,1,1,1,1,1,1,1,1,1,1,1,1,1,1,1,1,1,0,1,1,0,0,0,0,1,0,0,0,0,0,0,1,0,0,0,0,0,0,0,0,0,1,0,0,0,0,-1,-1,-1,16000,0,0,-1,-1
1677,"円型魔石の原石　レベル7",3477,91,0.0,0,70,0,-1,160070,-1,0,-1,327,0,-1,-1,-1,1,0,50,0,2,0,0,29,0,0,0,1,1,1,1,1,1,1,1,1,1,1,1,1,1,1,1,1,1,1,1,1,0,1,1,0,0,0,0,1,0,0,0,0,0,0,1,0,0,0,0,0,0,0,0,0,1,0,0,0,0,-1,-1,-1,16000,0,0,-1,-1
1678,"雫型魔石の原石　レベル1",3478,91,0.0,0,10,0,-1,170010,-1,0,-1,329,0,-1,-1,-1,1,0,50,0,2,0,0,29,0,0,0,1,1,1,1,1,1,1,1,1,1,1,1,1,1,1,1,1,1,1,1,1,0,1,1,0,0,0,0,1,0,0,0,0,0,0,1,0,0,0,0,0,0,0,0,0,1,0,0,0,0,-1,-1,-1,16000,0,0,-1,-1
1679,"雫型魔石の原石　レベル2",3479,91,0.0,0,20,0,-1,170020,-1,0,-1,329,0,-1,-1,-1,1,0,50,0,2,0,0,29,0,0,0,1,1,1,1,1,1,1,1,1,1,1,1,1,1,1,1,1,1,1,1,1,0,1,1,0,0,0,0,1,0,0,0,0,0,0,1,0,0,0,0,0,0,0,0,0,1,0,0,0,0,-1,-1,-1,16000,0,0,-1,-1
1680,"雫型魔石の原石　レベル3",3480,91,0.0,0,30,0,-1,170030,-1,0,-1,329,0,-1,-1,-1,1,0,50,0,2,0,0,29,0,0,0,1,1,1,1,1,1,1,1,1,1,1,1,1,1,1,1,1,1,1,1,1,0,1,1,0,0,0,0,1,0,0,0,0,0,0,1,0,0,0,0,0,0,0,0,0,1,0,0,0,0,-1,-1,-1,16000,0,0,-1,-1
1681,"雫型魔石の原石　レベル4",3481,91,0.0,0,40,0,-1,170040,-1,0,-1,329,0,-1,-1,-1,1,0,50,0,2,0,0,29,0,0,0,1,1,1,1,1,1,1,1,1,1,1,1,1,1,1,1,1,1,1,1,1,0,1,1,0,0,0,0,1,0,0,0,0,0,0,1,0,0,0,0,0,0,0,0,0,1,0,0,0,0,-1,-1,-1,16000,0,0,-1,-1
1682,"雫型魔石の原石　レベル5",3482,91,0.0,0,50,0,-1,170050,-1,0,-1,329,0,-1,-1,-1,1,0,50,0,2,0,0,29,0,0,0,1,1,1,1,1,1,1,1,1,1,1,1,1,1,1,1,1,1,1,1,1,0,1,1,0,0,0,0,1,0,0,0,0,0,0,1,0,0,0,0,0,0,0,0,0,1,0,0,0,0,-1,-1,-1,16000,0,0,-1,-1
1683,"雫型魔石の原石　レベル6",3483,91,0.0,0,60,0,-1,170060,-1,0,-1,329,0,-1,-1,-1,1,0,50,0,2,0,0,29,0,0,0,1,1,1,1,1,1,1,1,1,1,1,1,1,1,1,1,1,1,1,1,1,0,1,1,0,0,0,0,1,0,0,0,0,0,0,1,0,0,0,0,0,0,0,0,0,1,0,0,0,0,-1,-1,-1,16000,0,0,-1,-1
1684,"雫型魔石の原石　レベル7",3484,91,0.0,0,70,0,-1,170070,-1,0,-1,329,0,-1,-1,-1,1,0,50,0,2,0,0,29,0,0,0,1,1,1,1,1,1,1,1,1,1,1,1,1,1,1,1,1,1,1,1,1,0,1,1,0,0,0,0,1,0,0,0,0,0,0,1,0,0,0,0,0,0,0,0,0,1,0,0,0,0,-1,-1,-1,16000,0,0,-1,-1
1700,"血の淀み",2017,0,0.0,0,300,0,-1,110071,-1,0,-1,72,0,-1,-1,-1,99,0,50,0,2,0,0,33,0,0,0,1,1,1,1,1,1,1,1,1,1,1,1,1,1,1,1,1,1,1,1,1,0,1,1,0,0,0,1,1,0,0,0,0,0,0,1,0,0,0,0,0,0,0,0,0,600,0,0,0,0,-1,-1,-1,16000,0,0,-1,-1
2000,"触手召喚",370,-1,0.0,0,2400,0,-1,220040,-1,0,-1,42,0,-1,6,-1,1,0,50,0,1,0,0,21,0,0,0,1,1,1,1,1,1,1,1,1,1,1,1,1,1,1,1,1,1,1,1,1,0,1,0,0,0,1,1,1,0,0,0,0,0,0,1,0,0,0,0,0,0,0,0,0,99,0,0,0,18,-1,-1,-1,6000,1,0,-1,-1
2010,"宇宙召喚",380,-1,0.0,0,4800,0,-1,220050,-1,0,-1,43,0,-1,6,-1,1,0,50,0,1,0,0,22,0,0,0,1,1,1,1,1,1,1,1,1,1,1,1,1,1,1,1,1,1,1,1,1,0,1,0,0,0,1,1,1,0,0,0,0,0,0,1,0,0,0,0,0,0,0,0,0,99,0,0,0,40,-1,-1,-1,7000,7,0,-1,-1
2020,"リフレクトウォール",390,-1,0.0,0,2200,0,-1,220070,-1,0,-1,38,0,-1,6,-1,1,0,50,0,1,0,0,19,0,0,0,1,1,1,1,1,1,1,1,1,1,1,1,1,1,1,1,1,1,1,1,1,0,1,0,0,0,1,1,1,0,0,0,0,0,0,1,0,0,0,0,0,0,0,0,0,99,0,0,0,15,-1,-1,-1,15000,2,0,-1,-1
2030,"ヌルヌル化",320,10,0.0,0,400,0,-1,30050,-1,0,-1,39,0,-1,-1,-1,3,0,50,0,1,0,0,10,0,2,0,1,1,1,1,1,1,1,1,1,1,1,1,1,1,1,1,1,1,1,1,1,0,1,1,0,0,0,1,1,0,0,0,0,0,0,1,0,0,0,0,0,0,0,0,0,99,0,0,0,0,-1,-1,-1,16000,0,0,-1,-1
2050,"範囲回復",360,-1,0.0,0,5800,0,-1,220060,-1,0,-1,37,0,-1,6,-1,1,0,50,0,1,0,0,18,0,0,0,1,1,1,1,1,1,1,1,1,1,1,1,1,1,1,1,1,1,1,1,1,0,1,0,0,0,1,1,1,0,0,0,0,0,0,1,0,0,0,0,0,0,0,0,0,99,0,0,0,15,-1,-1,-1,5000,7,0,-1,-1
2060,"加速",1120,-1,0.0,0,1000,0,-1,220010,-1,0,-1,40,0,-1,6,-1,1,0,50,0,2,0,0,20,0,2,0,1,1,1,1,1,1,1,1,1,1,1,1,1,1,1,1,1,1,1,1,1,0,1,0,0,0,1,1,1,0,0,0,0,0,0,1,0,0,0,0,0,0,0,0,0,99,0,0,0,15,-1,-1,-1,15000,4,0,-1,-1
2070,"カインの衝撃",410,-1,0.0,0,2000,0,-1,220020,-1,0,-1,44,0,-1,6,-1,1,0,50,0,1,0,0,23,0,0,0,1,1,1,1,1,1,1,1,1,1,1,1,1,1,1,1,1,1,1,1,1,0,1,0,0,0,1,1,1,0,0,0,0,0,0,1,0,0,0,0,0,0,0,0,0,99,0,0,0,25,-1,-1,-1,8000,6,0,-1,-1
2080,"誘導弾",350,-1,0.0,0,3600,0,-1,220080,-1,0,-1,45,0,-1,6,-1,1,0,50,0,1,0,0,24,0,0,0,1,1,1,1,1,1,1,1,1,1,1,1,1,1,1,1,1,1,1,1,1,0,1,0,0,0,1,1,1,0,0,0,0,0,0,1,0,0,0,0,0,0,0,0,0,99,0,0,0,20,-1,-1,-1,9000,3,0,-1,-1
2090,"同士討ち",310,-1,0.0,0,200,0,-1,80010,-1,0,-1,46,0,-1,-1,-1,3,0,50,0,1,0,0,25,0,0,0,1,1,1,1,1,1,1,1,1,1,1,1,1,1,1,1,1,1,1,1,1,0,1,1,0,0,0,1,1,0,0,0,0,0,0,1,0,0,0,0,0,0,0,0,0,99,0,0,0,0,-1,-1,-1,16000,0,0,-1,-1
2110,"メッセンジャー擬態",340,-1,0.0,0,2400,0,-1,220090,-1,0,-1,41,0,-1,6,-1,1,0,50,0,1,0,0,6,0,2,0,1,1,1,1,1,1,1,1,1,1,1,1,1,1,1,1,1,1,1,1,1,0,1,0,0,0,1,1,1,0,0,0,0,0,0,1,0,0,0,0,0,0,0,0,0,99,0,0,0,10,-1,-1,-1,15000,1,0,-1,-1
2120,"コズミックアロー",460,-1,0.0,0,2000,0,-1,220039,-1,0,-1,134,0,-1,-1,-1,1,0,50,0,1,0,0,30,0,0,0,1,1,1,1,1,1,1,1,1,1,1,1,1,1,1,1,1,1,1,1,1,0,1,0,0,0,1,1,1,0,0,0,0,0,0,1,0,0,0,0,0,0,0,0,0,99,0,0,0,16,-1,-1,-1,6000,1,0,-1,-1
2130,"怨霊弾",470,-1,0.0,0,3800,0,-1,220081,-1,0,-1,135,0,-1,-1,-1,1,0,50,0,1,0,0,31,0,0,0,1,1,1,1,1,1,1,1,1,1,1,1,1,1,1,1,1,1,1,1,1,0,1,0,0,0,1,1,1,0,0,0,0,0,0,1,0,0,0,0,0,0,0,0,0,99,0,0,0,30,-1,-1,-1,6000,2,0,-1,-1
2140,"蛇召喚",480,-1,0.0,0,4400,0,-1,220071,-1,0,-1,136,0,-1,-1,-1,1,0,50,0,1,0,0,32,0,0,0,1,1,1,1,1,1,1,1,1,1,1,1,1,1,1,1,1,1,1,1,1,0,1,0,0,0,1,1,1,0,0,0,0,0,0,1,0,0,0,0,0,0,0,0,0,99,0,0,18,0,-1,-1,-1,17000,4,0,-1,-1
3000,"武器強化素材【コモン】",-1,-1,0.0,0,200,0,-1,80010,-1,0,-1,83,0,-1,-1,-1,99,0,50,2,0,0,0,0,0,0,0,1,1,1,1,1,1,1,1,1,1,1,1,1,1,1,1,1,1,1,1,1,0,0,1,0,0,0,1,1,0,0,0,0,0,0,1,0,0,0,0,0,0,0,0,0,600,0,0,0,0,-1,-1,-1,0,0,0,-1,-1
3010,"武器強化素材【アンコモン】",-1,-1,0.0,0,400,0,-1,80020,-1,0,-1,84,0,-1,-1,-1,99,0,50,2,0,0,0,0,0,0,0,1,1,1,1,1,1,1,1,1,1,1,1,1,1,1,1,1,1,1,1,1,0,0,1,0,0,0,1,1,0,0,0,0,0,0,1,0,0,0,0,0,0,0,0,0,600,0,0,0,0,-1,-1,-1,0,0,0,-1,-1
3020,"武器強化素材【レア】",-1,-1,0.0,0,800,0,-1,80030,-1,0,-1,85,0,-1,-1,-1,99,0,50,2,0,0,0,0,0,0,0,1,1,1,1,1,1,1,1,1,1,1,1,1,1,1,1,1,1,1,1,1,0,0,1,0,0,0,1,1,0,0,0,0,0,0,1,0,0,0,0,0,0,0,0,0,600,0,0,0,0,-1,-1,-1,0,0,0,-1,-1
3030,"武器強化素材【Sレア】",-1,-1,0.0,0,1600,0,-1,80040,-1,0,-1,86,0,-1,-1,-1,99,0,50,2,0,0,0,0,0,0,0,1,1,1,1,1,1,1,1,1,1,1,1,1,1,1,1,1,1,1,1,1,0,0,1,0,0,0,1,1,0,0,0,0,0,0,1,0,0,0,0,0,0,0,0,0,600,0,0,0,0,-1,-1,-1,0,0,0,-1,-1
4000,"聖堂街Bの鍵",-1,-1,0.0,0,-1,0,-1,600010,-1,0,-1,111,0,-1,-1,-1,1,0,50,1,0,0,0,0,0,0,0,1,1,1,1,1,1,1,1,1,1,1,1,1,1,1,1,1,1,1,1,1,0,0,1,0,0,0,0,0,0,0,0,0,0,0,0,0,0,0,0,0,0,0,0,0,0,0,0,0,0,-1,-1,-1,0,0,0,-1,-1
4001,"金のペンダント",3392,91,0.0,0,-1,0,-1,120015,-1,0,-1,112,0,-1,-1,-1,1,0,50,0,2,0,0,29,0,0,0,1,1,1,1,1,1,1,1,1,1,1,1,1,1,1,1,1,1,1,1,1,0,1,1,0,0,0,0,1,0,0,0,0,0,0,1,0,0,0,0,0,0,0,0,0,1,0,0,0,0,-1,-1,-1,16000,0,0,-1,-1
4003,"古城への招待状",-1,-1,0.0,0,-1,0,-1,620010,-1,0,-1,113,0,-1,-1,-1,1,0,50,1,0,0,0,0,0,0,0,1,1,1,1,1,1,1,1,1,1,1,1,1,1,1,1,1,1,1,1,1,0,0,1,0,0,0,0,0,0,0,0,0,0,0,0,0,0,0,0,0,0,0,0,0,0,0,0,0,0,-1,-1,-1,0,0,0,-1,-1
4006,"聖堂街C孤児院1Fの鍵",-1,-1,0.0,0,-1,0,-1,603020,-1,0,-1,114,0,-1,-1,-1,1,0,50,1,0,0,0,0,0,0,0,1,1,1,1,1,1,1,1,1,1,1,1,1,1,1,1,1,1,1,1,1,0,0,1,0,0,0,0,0,0,0,0,0,0,0,0,0,0,0,0,0,0,0,0,0,0,0,0,0,0,-1,-1,-1,0,0,0,-1,-1
4009,"邪眼橋の鍵",-1,-1,0.0,0,-1,0,-1,604010,-1,0,-1,129,0,-1,-1,-1,1,0,50,1,0,0,0,0,0,0,0,1,1,1,1,1,1,1,1,1,1,1,1,1,1,1,1,1,1,1,1,1,0,0,1,0,0,0,0,0,0,0,0,0,0,0,0,0,0,0,0,0,0,0,0,0,0,0,0,0,0,-1,-1,-1,0,0,0,-1,-1
4010,"聖堂街Cへの鍵",-1,-1,0.0,0,-1,0,-1,603010,-1,0,-1,130,0,-1,-1,-1,1,0,50,1,0,0,0,0,0,0,0,1,1,1,1,1,1,1,1,1,1,1,1,1,1,1,1,1,1,1,1,1,0,0,1,0,0,0,0,0,0,0,0,0,0,0,0,0,0,0,0,0,0,0,0,0,0,0,0,0,0,-1,-1,-1,0,0,0,-1,-1
4011,"旧市街への鍵",-1,-1,0.0,0,-1,0,-1,606010,-1,0,-1,6,0,-1,-1,-1,1,0,50,1,0,0,0,0,0,0,0,1,1,1,1,1,1,1,1,1,1,1,1,1,1,1,1,1,1,1,1,1,0,0,1,0,0,0,0,0,0,0,0,0,0,0,0,0,0,0,0,0,0,0,0,0,0,0,0,0,0,-1,-1,-1,0,0,0,-1,-1
4012,"悪夢教室の鍵",-1,-1,0.0,0,-1,0,-1,602010,-1,0,-1,116,0,-1,-1,-1,1,0,50,1,0,0,0,0,0,0,0,1,1,1,1,1,1,1,1,1,1,1,1,1,1,1,1,1,1,1,1,1,0,0,1,0,0,0,0,0,0,0,0,0,0,0,0,0,0,0,0,0,0,0,0,0,0,0,0,0,0,-1,-1,-1,0,0,0,-1,-1
4013,"ベランダの鍵",-1,-1,0.0,0,-1,0,-1,601010,-1,0,-1,34,0,-1,-1,-1,1,0,50,1,0,0,0,0,0,0,0,1,1,1,1,1,1,1,1,1,1,1,1,1,1,1,1,1,1,1,1,1,0,0,1,0,0,0,0,0,0,0,0,0,0,0,0,0,0,0,0,0,0,0,0,0,0,0,0,0,0,-1,-1,-1,0,0,0,-1,-1
4014,"教区長Ω起動アイテム",-1,-1,0.0,0,-1,0,-1,620011,-1,0,-1,97,0,-1,-1,-1,1,0,50,1,0,0,0,0,0,0,0,1,1,1,1,1,1,1,1,1,1,1,1,1,1,1,1,1,1,1,1,1,0,0,1,0,0,0,0,0,0,0,0,0,0,0,0,0,0,0,0,0,0,0,0,0,0,0,0,0,0,-1,-1,-1,0,0,0,-1,-1
4015,"時計塔：地下牢の鍵",-1,-1,0.0,0,-1,0,-1,604014,-1,0,-1,98,0,-1,-1,-1,1,0,50,1,0,0,0,0,0,0,0,1,1,1,1,1,1,1,1,1,1,1,1,1,1,1,1,1,1,1,1,1,0,0,1,0,0,0,0,0,0,0,0,0,0,0,0,0,0,0,0,0,0,0,0,0,0,0,0,0,0,-1,-1,-1,0,0,0,-1,-1
4016,"観測盤の鍵",-1,-1,0.0,0,-1,0,-1,-1,-1,0,-1,101,0,-1,-1,-1,1,0,50,1,0,0,0,0,0,0,0,1,1,1,1,1,1,1,1,1,1,1,1,1,1,1,1,1,1,1,1,1,0,0,1,0,0,0,0,0,0,0,0,0,0,0,0,0,0,0,0,0,0,0,0,0,0,0,0,0,0,-1,-1,-1,0,0,0,-1,-1
4017,"祭壇エレベーター起動アイテム",-1,-1,0.0,0,-1,0,-1,620012,-1,0,-1,104,0,-1,-1,-1,1,0,50,1,0,0,0,0,0,0,0,1,1,1,1,1,1,1,1,1,1,1,1,1,1,1,1,1,1,1,1,1,0,0,1,0,0,0,0,0,0,0,0,0,0,0,0,0,0,0,0,0,0,0,0,0,0,0,0,0,0,-1,-1,-1,0,0,0,-1,-1
4018,"地下牢通常扉の鍵",-1,-1,0.0,0,-1,0,-1,604011,-1,0,-1,109,0,-1,-1,-1,1,0,50,1,0,0,0,0,0,0,0,1,1,1,1,1,1,1,1,1,1,1,1,1,1,1,1,1,1,1,1,1,0,0,1,0,0,0,0,0,0,0,0,0,0,0,0,0,0,0,0,0,0,0,0,0,0,0,0,0,0,-1,-1,-1,0,0,0,-1,-1
4019,"時計塔の扉の鍵",-1,-1,0.0,0,-1,0,-1,604012,-1,0,-1,110,0,-1,-1,-1,1,0,50,1,0,0,0,0,0,0,0,1,1,1,1,1,1,1,1,1,1,1,1,1,1,1,1,1,1,1,1,1,0,0,1,0,0,0,0,0,0,0,0,0,0,0,0,0,0,0,0,0,0,0,0,0,0,0,0,0,0,-1,-1,-1,0,0,0,-1,-1
4020,"時計塔狩人部屋（ボス部屋）の鍵",-1,-1,0.0,0,-1,0,-1,604013,-1,0,-1,126,0,-1,-1,-1,1,0,50,1,0,0,0,0,0,0,0,1,1,1,1,1,1,1,1,1,1,1,1,1,1,1,1,1,1,1,1,1,0,0,1,0,0,0,0,0,0,0,0,0,0,0,0,0,0,0,0,0,0,0,0,0,0,0,0,0,0,-1,-1,-1,0,0,0,-1,-1
4021,"時計盤起動アイテム",-1,-1,0.0,0,-1,0,-1,620013,-1,0,-1,107,0,-1,-1,-1,1,0,50,1,0,0,0,0,0,0,0,1,1,1,1,1,1,1,1,1,1,1,1,1,1,1,1,1,1,1,1,1,0,0,1,0,0,0,0,0,0,0,0,0,0,0,0,0,0,0,0,0,0,0,0,0,0,0,0,0,0,-1,-1,-1,0,0,0,-1,-1
4102,"武器強化解禁アイテム",-1,-1,0.0,0,-1,0,-1,670040,-1,0,-1,118,0,-1,-1,-1,1,0,50,1,0,0,0,0,0,0,0,1,1,1,1,1,1,1,1,1,1,1,1,1,1,1,1,1,1,1,1,1,0,0,1,0,0,0,0,0,0,0,0,0,0,0,0,0,0,0,0,0,0,0,0,0,0,0,0,0,0,-1,-1,-1,0,0,0,-1,-1
4103,"魔石着脱解禁アイテム",-1,-1,0.0,0,-1,0,-1,670020,-1,0,-1,119,0,-1,-1,-1,1,0,50,1,0,0,0,0,0,0,0,1,1,1,1,1,1,1,1,1,1,1,1,1,1,1,1,1,1,1,1,1,0,0,1,0,0,0,0,0,0,0,0,0,0,0,0,0,0,0,0,0,0,0,0,0,0,0,0,0,0,-1,-1,-1,0,0,0,-1,-1
4104,"ボディジェム着脱アイテム",-1,-1,0.0,0,-1,0,-1,670030,-1,0,-1,120,0,-1,-1,-1,1,0,50,1,0,0,0,0,0,0,0,1,1,1,1,1,1,1,1,1,1,1,1,1,1,1,1,1,1,1,1,1,0,0,1,0,0,0,0,0,0,0,0,0,0,0,0,0,0,0,0,0,0,0,0,0,0,0,0,0,0,-1,-1,-1,0,0,0,-1,-1
4105,"クイックダンジョン解禁アイテム",-1,-1,0.0,0,-1,0,-1,670010,-1,0,-1,8,0,-1,-1,-1,1,0,50,1,0,0,0,0,0,0,0,1,1,1,1,1,1,1,1,1,1,1,1,1,1,1,1,1,1,1,1,1,0,0,1,0,0,0,0,0,0,0,0,0,0,0,0,0,0,0,0,0,0,0,0,0,0,0,0,0,0,-1,-1,-1,0,0,0,-1,-1
4110,"ショップ解禁　工房ショップA",-1,-1,0.0,0,-1,0,-1,680010,-1,0,-1,117,0,-1,-1,-1,1,0,50,1,0,0,0,0,0,0,0,1,1,1,1,1,1,1,1,1,1,1,1,1,1,1,1,1,1,1,1,1,0,0,1,0,0,0,0,0,0,0,0,0,0,0,0,0,0,0,0,0,0,0,0,0,0,0,0,0,0,-1,-1,-1,0,0,0,-1,-1
4111,"ショップ解禁　工房ショップD",-1,-1,0.0,0,-1,0,-1,680040,-1,0,-1,139,0,-1,-1,-1,1,0,50,1,0,0,0,0,0,0,0,1,1,1,1,1,1,1,1,1,1,1,1,1,1,1,1,1,1,1,1,1,0,0,1,0,0,0,0,0,0,0,0,0,0,0,0,0,0,0,0,0,0,0,0,0,0,0,0,0,0,-1,-1,-1,0,0,0,-1,-1
4112,"ショップ解禁　工房ショップB",-1,-1,0.0,0,-1,0,-1,680020,-1,0,-1,140,0,-1,-1,-1,1,0,50,1,0,0,0,0,0,0,0,1,1,1,1,1,1,1,1,1,1,1,1,1,1,1,1,1,1,1,1,1,0,0,1,0,0,0,0,0,0,0,0,0,0,0,0,0,0,0,0,0,0,0,0,0,0,0,0,0,0,-1,-1,-1,0,0,0,-1,-1
4113,"ショップ解禁　工房ショップC",-1,-1,0.0,0,-1,0,-1,680030,-1,0,-1,141,0,-1,-1,-1,1,0,50,1,0,0,0,0,0,0,0,1,1,1,1,1,1,1,1,1,1,1,1,1,1,1,1,1,1,1,1,1,0,0,1,0,0,0,0,0,0,0,0,0,0,0,0,0,0,0,0,0,0,0,0,0,0,0,0,0,0,-1,-1,-1,0,0,0,-1,-1
4114,"ショップ解禁　教会ショップA",-1,-1,0.0,0,-1,0,-1,680060,-1,0,-1,142,0,-1,-1,-1,1,0,50,1,0,0,0,0,0,0,0,1,1,1,1,1,1,1,1,1,1,1,1,1,1,1,1,1,1,1,1,1,0,0,1,0,0,0,0,0,0,0,0,0,0,0,0,0,0,0,0,0,0,0,0,0,0,0,0,0,0,-1,-1,-1,0,0,0,-1,-1
4115,"ショップ解禁　教会ショップB",-1,-1,0.0,0,-1,0,-1,680070,-1,0,-1,143,0,-1,-1,-1,1,0,50,1,0,0,0,0,0,0,0,1,1,1,1,1,1,1,1,1,1,1,1,1,1,1,1,1,1,1,1,1,0,0,1,0,0,0,0,0,0,0,0,0,0,0,0,0,0,0,0,0,0,0,0,0,0,0,0,0,0,-1,-1,-1,0,0,0,-1,-1
4116,"ショップ解禁　教会ショップC",-1,-1,0.0,0,-1,0,-1,680080,-1,0,-1,144,0,-1,-1,-1,1,0,50,1,0,0,0,0,0,0,0,1,1,1,1,1,1,1,1,1,1,1,1,1,1,1,1,1,1,1,1,1,0,0,1,0,0,0,0,0,0,0,0,0,0,0,0,0,0,0,0,0,0,0,0,0,0,0,0,0,0,-1,-1,-1,0,0,0,-1,-1
4117,"ショップ解禁　ヴァンパイア",-1,-1,0.0,0,-1,0,-1,680090,-1,0,-1,145,0,-1,-1,-1,1,0,50,1,0,0,0,0,0,0,0,1,1,1,1,1,1,1,1,1,1,1,1,1,1,1,1,1,1,1,1,1,0,0,1,0,0,0,0,0,0,0,0,0,0,0,0,0,0,0,0,0,0,0,0,0,0,0,0,0,0,-1,-1,-1,0,0,0,-1,-1
4118,"ショップ解禁　工房ショップE",-1,-1,0.0,0,-1,0,-1,680050,-1,0,-1,182,0,-1,-1,-1,1,0,50,1,0,0,0,0,0,0,0,1,1,1,1,1,1,1,1,1,1,1,1,1,1,1,1,1,1,1,1,1,0,0,1,0,0,0,0,0,0,0,0,0,0,0,0,0,0,0,0,0,0,0,0,0,0,0,0,0,0,-1,-1,-1,0,0,0,-1,-1
4119,"ショップ解禁　教会ショップD",-1,-1,0.0,0,-1,0,-1,680085,-1,0,-1,19,0,-1,-1,-1,1,0,50,1,0,0,0,0,0,0,0,1,1,1,1,1,1,1,1,1,1,1,1,1,1,1,1,1,1,1,1,1,0,0,1,0,0,0,0,0,0,0,0,0,0,0,0,0,0,0,0,0,0,0,0,0,0,0,0,0,0,-1,-1,-1,0,0,0,-1,-1
4120,"ショップ解禁　古い狩人証",-1,-1,0.0,0,-1,0,-1,680086,-1,0,-1,124,0,-1,-1,-1,1,0,50,1,0,0,0,0,0,0,0,1,1,1,1,1,1,1,1,1,1,1,1,1,1,1,1,1,1,1,1,1,0,0,1,0,0,0,0,0,0,0,0,0,0,0,0,0,0,0,0,0,0,0,0,0,0,0,0,0,0,-1,-1,-1,0,0,0,-1,-1
4121,"ショップ解禁　時計塔の狩人証",-1,-1,0.0,0,-1,0,-1,680087,-1,0,-1,125,0,-1,-1,-1,1,0,50,1,0,0,0,0,0,0,0,1,1,1,1,1,1,1,1,1,1,1,1,1,1,1,1,1,1,1,1,1,0,0,1,0,0,0,0,0,0,0,0,0,0,0,0,0,0,0,0,0,0,0,0,0,0,0,0,0,0,-1,-1,-1,0,0,0,-1,-1
4300,"人形にゆかりのあるもの",-1,-1,0.0,0,-1,0,-1,625010,-1,0,-1,180,0,-1,-1,-1,1,0,50,1,0,0,0,0,0,0,0,1,1,1,1,1,1,1,1,1,1,1,1,1,1,1,1,1,1,1,1,1,0,0,1,0,0,0,0,0,0,0,0,0,0,0,0,0,0,0,0,0,0,0,0,0,0,0,0,0,0,-1,-1,-1,0,0,0,-1,-1
4301,"人形の涙",3391,91,0.0,0,-1,0,-1,120020,-1,0,-1,181,0,-1,-1,-1,1,0,50,0,2,0,0,29,0,0,0,1,1,1,1,1,1,1,1,1,1,1,1,1,1,1,1,1,1,1,1,1,0,1,1,0,0,0,0,1,0,0,0,0,0,0,1,0,0,0,0,0,0,0,0,0,1,0,0,0,0,-1,-1,-1,16000,0,0,-1,-1
4304,"婚約指輪",-1,-1,0.0,0,-1,0,-1,630010,-1,0,-1,185,0,-1,-1,-1,1,0,50,1,0,0,0,0,0,0,0,1,1,1,1,1,1,1,1,1,1,1,1,1,1,1,1,1,1,1,1,1,0,0,1,0,0,0,0,0,0,0,0,0,0,0,0,0,0,0,0,0,0,0,0,0,0,0,0,0,0,-1,-1,-1,0,0,0,-1,-1
4305,"ピンク色の肉片",-1,-1,0.0,0,-1,0,-1,630020,-1,0,-1,186,0,-1,-1,-1,1,0,50,1,0,0,0,0,0,0,0,1,1,1,1,1,1,1,1,1,1,1,1,1,1,1,1,1,1,1,1,1,0,0,1,0,0,0,0,0,0,0,0,0,0,0,0,0,0,0,0,0,0,0,0,0,0,0,0,0,0,-1,-1,-1,0,0,0,-1,-1
4306,"真っ赤なブローチ",3390,-1,0.0,0,-1,0,-1,120010,-1,10010843,-1,187,0,-1,-1,-1,1,0,50,0,2,0,0,29,1,0,0,1,1,1,1,1,1,1,1,1,1,1,1,1,1,1,1,1,1,1,1,1,0,1,1,0,0,0,0,1,0,0,0,0,0,0,1,0,0,0,0,0,0,0,0,0,1,0,0,0,0,-1,-1,-1,16000,0,0,-1,-1
4308,"古城への招待状（無記名）",-1,-1,0.0,0,-1,0,-1,620020,-1,0,-1,189,0,-1,-1,-1,1,0,50,1,0,0,0,0,0,0,0,1,1,1,1,1,1,1,1,1,1,1,1,1,1,1,1,1,1,1,1,1,0,0,1,0,0,0,0,0,0,0,0,0,0,0,0,0,0,0,0,0,0,0,0,0,0,0,0,0,0,-1,-1,-1,0,0,0,-1,-1
4310,"邪神投げで故郷へワープできるアイテム",-1,-1,0.0,0,-1,0,-1,640010,-1,0,-1,191,0,-1,-1,-1,1,0,50,1,0,0,0,0,0,0,0,1,1,1,1,1,1,1,1,1,1,1,1,1,1,1,1,1,1,1,1,1,0,0,1,0,0,0,0,0,0,0,0,0,0,0,0,0,0,0,0,0,0,0,0,0,0,0,0,0,0,-1,-1,-1,0,0,0,-1,-1
4311,"【DLC】邪神投げで聖堂街Dへワープできるアイテム",-1,-1,0.0,0,-1,0,-1,640011,-1,0,-1,70,0,-1,-1,-1,1,0,50,1,0,0,0,0,0,0,0,1,1,1,1,1,1,1,1,1,1,1,1,1,1,1,1,1,1,1,1,1,0,0,1,0,0,0,0,0,0,0,0,0,0,0,0,0,0,0,0,0,0,0,0,0,0,0,0,0,0,-1,-1,-1,0,0,0,-1,-1
4312,"【DLC】NPC召喚アイテム",-1,-1,0.0,0,-1,0,-1,680094,-1,0,-1,71,0,-1,-1,-1,1,0,50,1,0,0,0,0,0,0,0,1,1,1,1,1,1,1,1,1,1,1,1,1,1,1,1,1,1,1,1,1,0,0,1,0,0,0,0,0,0,0,0,0,0,0,0,0,0,0,0,0,0,0,0,0,0,0,0,0,0,-1,-1,-1,0,0,0,-1,-1
4313,"【DLC】連盟の杖",-1,-1,0.0,0,-1,0,-1,-1,-1,0,-1,107,0,-1,-1,-1,1,0,50,1,0,0,0,0,0,0,0,1,1,1,1,1,1,1,1,1,1,1,1,1,1,1,1,1,1,1,1,1,0,0,1,0,0,0,0,0,0,0,0,0,0,0,0,0,0,0,0,0,0,0,0,0,0,0,0,0,0,-1,-1,-1,0,0,0,-1,-1
4320,"3本目のへその緒A",4685,-1,0.0,0,-1,0,-1,110030,-1,10010844,-1,35,0,-1,-1,-1,1,0,50,0,2,0,0,35,1,0,0,1,1,1,1,1,1,1,1,1,1,1,1,1,1,1,1,1,1,0,0,1,0,1,1,0,0,1,1,0,0,0,0,0,0,0,1,0,0,0,0,0,0,0,0,0,0,0,0,0,0,-1,-1,-1,16000,0,0,-1,-1
4321,"3本目のへその緒B",4686,-1,0.0,0,-1,0,-1,110040,-1,10010845,-1,63,0,-1,-1,-1,1,0,50,0,2,0,0,35,1,0,0,1,1,1,1,1,1,1,1,1,1,1,1,1,1,1,1,1,1,0,0,1,0,1,1,0,0,1,1,0,0,0,0,0,0,0,1,0,0,0,0,0,0,0,0,0,0,0,0,0,0,-1,-1,-1,16000,0,0,-1,-1
4322,"3本目のへその緒A",4687,-1,0.0,0,-1,0,-1,110050,-1,10010846,-1,64,0,-1,-1,-1,1,0,50,0,2,0,0,35,1,0,0,1,1,1,1,1,1,1,1,1,1,1,1,1,1,1,1,1,1,0,0,1,0,1,1,0,0,1,1,0,0,0,0,0,0,0,1,0,0,0,0,0,0,0,0,0,0,0,0,0,0,-1,-1,-1,16000,0,0,-1,-1
4323,"3本目のへその緒B",4688,-1,0.0,0,-1,0,-1,110060,-1,10010847,-1,65,0,-1,-1,-1,1,0,50,0,2,0,0,35,1,0,0,1,1,1,1,1,1,1,1,1,1,1,1,1,1,1,1,1,1,0,0,1,0,1,1,0,0,1,1,0,0,0,0,0,0,0,1,0,0,0,0,0,0,0,0,0,0,0,0,0,0,-1,-1,-1,16000,0,0,-1,-1
4330,"深き彼方の最終聖杯",-1,-1,0.0,0,-1,0,-1,660010,-1,0,-1,36,0,-1,-1,-1,1,0,50,1,0,0,0,0,0,0,0,1,1,1,1,1,1,1,1,1,1,1,1,1,1,1,1,1,1,1,1,1,0,0,1,0,0,0,0,0,0,0,0,0,0,0,0,0,0,0,0,0,0,0,0,0,0,0,0,0,0,-1,-1,-1,0,0,0,-1,-1
4340,"脳液A",-1,-1,0.0,0,-1,0,-1,680091,-1,0,-1,100,0,-1,-1,-1,1,0,50,1,0,0,0,0,0,0,0,1,1,1,1,1,1,1,1,1,1,1,1,1,1,1,1,1,1,1,1,1,0,0,1,0,0,0,0,0,0,0,0,0,0,0,0,0,0,0,0,0,0,0,0,0,0,0,0,0,0,-1,-1,-1,0,0,0,-1,-1
4341,"脳液B",-1,-1,0.0,0,-1,0,-1,680092,-1,0,-1,100,0,-1,-1,-1,1,0,50,1,0,0,0,0,0,0,0,1,1,1,1,1,1,1,1,1,1,1,1,1,1,1,1,1,1,1,1,1,0,0,1,0,0,0,0,0,0,0,0,0,0,0,0,0,0,0,0,0,0,0,0,0,0,0,0,0,0,-1,-1,-1,0,0,0,-1,-1
4342,"脳液C",-1,-1,0.0,0,-1,0,-1,680093,-1,0,-1,100,0,-1,-1,-1,1,0,50,1,0,0,0,0,0,0,0,1,1,1,1,1,1,1,1,1,1,1,1,1,1,1,1,1,1,1,1,1,0,0,1,0,0,0,0,0,0,0,0,0,0,0,0,0,0,0,0,0,0,0,0,0,0,0,0,0,0,-1,-1,-1,0,0,0,-1,-1
4900,"メッセンジャー装備（帽子A）",-1,-1,0.0,0,-1,0,-1,710040,-1,0,-1,58,0,-1,-1,-1,1,0,50,1,0,0,0,0,0,0,0,1,1,1,1,1,1,1,1,1,1,1,1,1,1,1,1,1,1,1,1,1,0,0,1,0,0,0,0,0,0,0,0,0,0,0,0,0,0,0,0,0,0,0,0,0,0,0,0,0,0,-1,-1,-1,0,0,0,-1,-1
4901,"メッセンジャー装備（帽子B）",-1,-1,0.0,0,-1,0,-1,710020,-1,0,-1,59,0,-1,-1,-1,1,0,50,1,0,0,0,0,0,0,0,1,1,1,1,1,1,1,1,1,1,1,1,1,1,1,1,1,1,1,1,1,0,0,1,0,0,0,0,0,0,0,0,0,0,0,0,0,0,0,0,0,0,0,0,0,0,0,0,0,0,-1,-1,-1,0,0,0,-1,-1
4902,"メッセンジャー装備（包帯）",-1,-1,0.0,0,-1,0,-1,710050,-1,0,-1,60,0,-1,-1,-1,1,0,50,1,0,0,0,0,0,0,0,1,1,1,1,1,1,1,1,1,1,1,1,1,1,1,1,1,1,1,1,1,0,0,1,0,0,0,0,0,0,0,0,0,0,0,0,0,0,0,0,0,0,0,0,0,0,0,0,0,0,-1,-1,-1,0,0,0,-1,-1
4903,"メッセンジャー装備（白いリボン）",-1,-1,0.0,0,-1,0,-1,710070,-1,0,-1,61,0,-1,-1,-1,1,0,50,1,0,0,0,0,0,0,0,1,1,1,1,1,1,1,1,1,1,1,1,1,1,1,1,1,1,1,1,1,0,0,1,0,0,0,0,0,0,0,0,0,0,0,0,0,0,0,0,0,0,0,0,0,0,0,0,0,0,-1,-1,-1,0,0,0,-1,-1
4904,"メッセンジャー装備（臓物まみれの白いリボン）",-1,-1,0.0,0,-1,0,-1,710080,-1,0,-1,62,0,-1,-1,-1,1,0,50,1,0,0,0,0,0,0,0,1,1,1,1,1,1,1,1,1,1,1,1,1,1,1,1,1,1,1,1,1,0,0,1,0,0,0,0,0,0,0,0,0,0,0,0,0,0,0,0,0,0,0,0,0,0,0,0,0,0,-1,-1,-1,0,0,0,-1,-1
4905,"メッセンジャー装備（使者のしっかりトップ（よれよれでないトップハット））",-1,-1,0.0,0,-1,0,-1,710010,-1,0,-1,66,0,-1,-1,-1,1,0,50,1,0,0,0,0,0,0,0,1,1,1,1,1,1,1,1,1,1,1,1,1,1,1,1,1,1,1,1,1,0,0,1,0,0,0,0,0,0,0,0,0,0,0,0,0,0,0,0,0,0,0,0,0,0,0,0,0,0,-1,-1,-1,0,0,0,-1,-1
4906,"メッセンジャー装備（使者の教会帽子）",-1,-1,0.0,0,-1,0,-1,710030,-1,0,-1,67,0,-1,-1,-1,1,0,50,1,0,0,0,0,0,0,0,1,1,1,1,1,1,1,1,1,1,1,1,1,1,1,1,1,1,1,1,1,0,0,1,0,0,0,0,0,0,0,0,0,0,0,0,0,0,0,0,0,0,0,0,0,0,0,0,0,0,-1,-1,-1,0,0,0,-1,-1
4907,"メッセンジャー装備（使者の血塗れ包帯）",-1,-1,0.0,0,-1,0,-1,710060,-1,0,-1,68,0,-1,-1,-1,1,0,50,1,0,0,0,0,0,0,0,1,1,1,1,1,1,1,1,1,1,1,1,1,1,1,1,1,1,1,1,1,0,0,1,0,0,0,0,0,0,0,0,0,0,0,0,0,0,0,0,0,0,0,0,0,0,0,0,0,0,-1,-1,-1,0,0,0,-1,-1
4908,"メッセンジャー装備（使者の壺祭り）",-1,-1,0.0,0,-1,0,-1,710090,-1,0,-1,69,0,-1,-1,-1,1,0,50,1,0,0,0,0,0,0,0,1,1,1,1,1,1,1,1,1,1,1,1,1,1,1,1,1,1,1,1,1,0,0,1,0,0,0,0,0,0,0,0,0,0,0,0,0,0,0,0,0,0,0,0,0,0,0,0,0,0,-1,-1,-1,0,0,0,-1,-1
6100,"自動生成聖杯【レベル1】トゥメル",-1,-1,0.0,0,-1,0,-1,10020,-1,0,-1,202,0,-1,-1,-1,1,0,50,6,0,0,0,0,0,0,0,1,1,1,1,1,1,1,1,1,1,1,1,1,1,1,1,1,1,1,1,1,0,0,0,0,0,1,0,1,0,0,0,0,0,0,0,0,0,0,0,0,0,0,0,0,99,0,0,0,0,-1,-1,-1,0,0,0,-1,-1
6109,"固定聖杯【レベル1】トゥメル",-1,-1,0.0,0,-1,0,-1,10010,-1,0,-1,192,0,-1,-1,31,1,0,50,6,0,0,0,0,0,0,0,1,1,1,1,1,1,1,1,1,1,1,1,1,1,1,1,1,1,1,1,1,0,0,0,0,0,1,0,1,0,0,0,0,0,0,0,0,0,0,0,0,0,0,0,0,99,0,0,0,0,-1,-1,-1,0,0,0,-1,-1
6200,"自動生成聖杯【レベル2】トゥメル",-1,-1,0.0,0,-1,0,-1,20020,-1,0,-1,203,0,-1,-1,-1,1,0,50,6,0,0,0,0,0,0,0,1,1,1,1,1,1,1,1,1,1,1,1,1,1,1,1,1,1,1,1,1,0,0,0,0,0,1,0,1,0,0,0,0,0,0,0,0,0,0,0,0,0,0,0,0,99,0,0,0,0,-1,-1,-1,0,0,0,-1,-1
6209,"固定聖杯【レベル2】トゥメル",-1,-1,0.0,0,-1,0,-1,20010,-1,0,-1,193,0,-1,-1,31,1,0,50,6,0,0,0,0,0,0,0,1,1,1,1,1,1,1,1,1,1,1,1,1,1,1,1,1,1,1,1,1,0,0,0,0,0,1,0,1,0,0,0,0,0,0,0,0,0,0,0,0,0,0,0,0,99,0,0,0,0,-1,-1,-1,0,0,0,-1,-1
6210,"自動生成聖杯【レベル2】僻墓",-1,-1,0.0,0,-1,0,-1,100020,-1,0,-1,204,0,-1,-1,-1,1,0,50,6,0,0,0,0,0,0,0,1,1,1,1,1,1,1,1,1,1,1,1,1,1,1,1,1,1,1,1,1,0,0,0,0,0,1,0,1,0,0,0,0,0,0,0,0,0,0,0,0,0,0,0,0,99,0,0,0,0,-1,-1,-1,0,0,0,-1,-1
6219,"固定聖杯【レベル2】僻墓",-1,-1,0.0,0,-1,0,-1,100010,-1,0,-1,194,0,-1,-1,-1,1,0,50,6,0,0,0,0,0,0,0,1,1,1,1,1,1,1,1,1,1,1,1,1,1,1,1,1,1,1,1,1,0,0,0,0,0,1,0,1,0,0,0,0,0,0,0,0,0,0,0,0,0,0,0,0,99,0,0,0,0,-1,-1,-1,0,0,0,-1,-1
6300,"自動生成聖杯【レベル3】トゥメル",-1,-1,0.0,0,-1,0,-1,30020,-1,0,-1,205,0,-1,-1,-1,1,0,50,6,0,0,0,0,0,0,0,1,1,1,1,1,1,1,1,1,1,1,1,1,1,1,1,1,1,1,1,1,0,0,0,0,0,1,0,1,0,0,0,0,0,0,0,0,0,0,0,0,0,0,0,0,99,0,0,0,0,-1,-1,-1,0,0,0,-1,-1
6302,"自動生成聖杯【レベル3】トゥメル_マルチ",-1,-1,0.0,0,-1,0,-1,30030,-1,0,-1,206,0,-1,-1,-1,1,0,50,6,0,0,0,0,0,0,0,1,1,1,1,1,1,1,1,1,1,1,1,1,1,1,1,1,1,1,1,1,0,0,0,0,0,1,0,1,0,0,0,0,0,0,0,0,0,0,0,0,0,0,0,0,99,0,0,0,0,-1,-1,-1,0,0,0,-1,-1
6309,"固定聖杯【レベル3】トゥメル",-1,-1,0.0,0,-1,0,-1,30010,-1,0,-1,195,0,-1,-1,31,1,0,50,6,0,0,0,0,0,0,0,1,1,1,1,1,1,1,1,1,1,1,1,1,1,1,1,1,1,1,1,1,0,0,0,0,0,1,0,1,0,0,0,0,0,0,0,0,0,0,0,0,0,0,0,0,99,0,0,0,0,-1,-1,-1,0,0,0,-1,-1
6310,"自動生成聖杯【レベル3】僻墓",-1,-1,0.0,0,-1,0,-1,110020,-1,0,-1,207,0,-1,-1,-1,1,0,50,6,0,0,0,0,0,0,0,1,1,1,1,1,1,1,1,1,1,1,1,1,1,1,1,1,1,1,1,1,0,0,0,0,0,1,0,1,0,0,0,0,0,0,0,0,0,0,0,0,0,0,0,0,99,0,0,0,0,-1,-1,-1,0,0,0,-1,-1
6312,"自動生成聖杯【レベル3】僻墓_マルチ",-1,-1,0.0,0,-1,0,-1,110030,-1,0,-1,208,0,-1,-1,-1,1,0,50,6,0,0,0,0,0,0,0,1,1,1,1,1,1,1,1,1,1,1,1,1,1,1,1,1,1,1,1,1,0,0,0,0,0,1,0,1,0,0,0,0,0,0,0,0,0,0,0,0,0,0,0,0,99,0,0,0,0,-1,-1,-1,0,0,0,-1,-1
6319,"固定聖杯【レベル3】僻墓",-1,-1,0.0,0,-1,0,-1,110010,-1,0,-1,196,0,-1,-1,-1,1,0,50,6,0,0,0,0,0,0,0,1,1,1,1,1,1,1,1,1,1,1,1,1,1,1,1,1,1,1,1,1,0,0,0,0,0,1,0,1,0,0,0,0,0,0,0,0,0,0,0,0,0,0,0,0,99,0,0,0,0,-1,-1,-1,0,0,0,-1,-1
6401,"自動生成聖杯【レベル4】トゥメル_呪い",-1,-1,0.0,0,-1,0,-1,40020,-1,0,-1,209,0,-1,-1,-1,1,0,50,6,0,0,0,0,0,0,0,1,1,1,1,1,1,1,1,1,1,1,1,1,1,1,1,1,1,1,1,1,0,0,0,0,0,1,0,1,0,0,0,0,0,0,0,0,0,0,0,0,0,0,0,0,99,0,0,0,0,-1,-1,-1,0,0,0,-1,-1
6409,"固定聖杯【レベル4】トゥメル_呪い",-1,-1,0.0,0,-1,0,-1,40010,-1,0,-1,197,0,-1,-1,31,1,0,50,6,0,0,0,0,0,0,0,1,1,1,1,1,1,1,1,1,1,1,1,1,1,1,1,1,1,1,1,1,0,0,0,0,0,1,0,1,0,0,0,0,0,0,0,0,0,0,0,0,0,0,0,0,99,0,0,0,0,-1,-1,-1,0,0,0,-1,-1
6420,"自動生成聖杯【レベル4】ローラン",-1,-1,0.0,0,-1,0,-1,120020,-1,0,-1,210,0,-1,-1,-1,1,0,50,6,0,0,0,0,0,0,0,1,1,1,1,1,1,1,1,1,1,1,1,1,1,1,1,1,1,1,1,1,0,0,0,0,0,1,0,1,0,0,0,0,0,0,0,0,0,0,0,0,0,0,0,0,99,0,0,0,0,-1,-1,-1,0,0,0,-1,-1
6429,"固定聖杯【レベル4】ローラン",-1,-1,0.0,0,-1,0,-1,120010,-1,0,-1,198,0,-1,-1,32,1,0,50,6,0,0,0,0,0,0,0,1,1,1,1,1,1,1,1,1,1,1,1,1,1,1,1,1,1,1,1,1,0,0,0,0,0,1,0,1,0,0,0,0,0,0,0,0,0,0,0,0,0,0,0,0,99,0,0,0,0,-1,-1,-1,0,0,0,-1,-1
6500,"自動生成聖杯【レベル5】トゥメル",-1,-1,0.0,0,-1,0,-1,50020,-1,0,-1,211,0,-1,-1,-1,1,0,50,6,0,0,0,0,0,0,0,1,1,1,1,1,1,1,1,1,1,1,1,1,1,1,1,1,1,1,1,1,0,0,0,0,0,1,0,1,0,0,0,0,0,0,0,0,0,0,0,0,0,0,0,0,99,0,0,0,0,-1,-1,-1,0,0,0,-1,-1
6502,"自動生成聖杯【レベル5】トゥメル_マルチ",-1,-1,0.0,0,-1,0,-1,50030,-1,0,-1,212,0,-1,-1,-1,1,0,50,6,0,0,0,0,0,0,0,1,1,1,1,1,1,1,1,1,1,1,1,1,1,1,1,1,1,1,1,1,0,0,0,0,0,1,0,1,0,0,0,0,0,0,0,0,0,0,0,0,0,0,0,0,99,0,0,0,0,-1,-1,-1,0,0,0,-1,-1
6509,"固定聖杯【レベル5】トゥメル",-1,-1,0.0,0,-1,0,-1,50010,-1,0,-1,199,0,-1,-1,31,1,0,50,6,0,0,0,0,0,0,0,1,1,1,1,1,1,1,1,1,1,1,1,1,1,1,1,1,1,1,1,1,0,0,0,0,0,1,0,1,0,0,0,0,0,0,0,0,0,0,0,0,0,0,0,0,99,0,0,0,0,-1,-1,-1,0,0,0,-1,-1
6520,"自動生成聖杯【レベル5】ローラン",-1,-1,0.0,0,-1,0,-1,130020,-1,0,-1,213,0,-1,-1,-1,1,0,50,6,0,0,0,0,0,0,0,1,1,1,1,1,1,1,1,1,1,1,1,1,1,1,1,1,1,1,1,1,0,0,0,0,0,1,0,1,0,0,0,0,0,0,0,0,0,0,0,0,0,0,0,0,99,0,0,0,0,-1,-1,-1,0,0,0,-1,-1
6522,"自動生成聖杯【レベル5】ローラン_マルチ",-1,-1,0.0,0,-1,0,-1,130030,-1,0,-1,214,0,-1,-1,-1,1,0,50,6,0,0,0,0,0,0,0,1,1,1,1,1,1,1,1,1,1,1,1,1,1,1,1,1,1,1,1,1,0,0,0,0,0,1,0,1,0,0,0,0,0,0,0,0,0,0,0,0,0,0,0,0,99,0,0,0,0,-1,-1,-1,0,0,0,-1,-1
6529,"固定聖杯【レベル5】ローラン",-1,-1,0.0,0,-1,0,-1,130010,-1,0,-1,200,0,-1,-1,32,1,0,50,6,0,0,0,0,0,0,0,1,1,1,1,1,1,1,1,1,1,1,1,1,1,1,1,1,1,1,1,1,0,0,0,0,0,1,0,1,0,0,0,0,0,0,0,0,0,0,0,0,0,0,0,0,99,0,0,0,0,-1,-1,-1,0,0,0,-1,-1
6530,"自動生成聖杯【レベル5】イズ",-1,-1,0.0,0,-1,0,-1,161020,-1,0,-1,215,0,-1,-1,-1,1,0,50,6,0,0,0,0,0,0,0,1,1,1,1,1,1,1,1,1,1,1,1,1,1,1,1,1,1,1,1,1,0,0,0,0,0,1,0,1,0,0,0,0,0,0,0,0,0,0,0,0,0,0,0,0,99,0,0,0,0,-1,-1,-1,0,0,0,-1,-1
6532,"自動生成聖杯【レベル5】イズ_マルチ",-1,-1,0.0,0,-1,0,-1,161030,-1,0,-1,216,0,-1,-1,-1,1,0,50,6,0,0,0,0,0,0,0,1,1,1,1,1,1,1,1,1,1,1,1,1,1,1,1,1,1,1,1,1,0,0,0,0,0,1,0,1,0,0,0,0,0,0,0,0,0,0,0,0,0,0,0,0,99,0,0,0,0,-1,-1,-1,0,0,0,-1,-1
6539,"固定聖杯【レベル5】イズ",-1,-1,0.0,0,-1,0,-1,161010,-1,0,-1,201,0,-1,-1,33,1,0,50,6,0,0,0,0,0,0,0,1,1,1,1,1,1,1,1,1,1,1,1,1,1,1,1,1,1,1,1,1,0,0,0,0,0,1,0,1,0,0,0,0,0,0,0,0,0,0,0,0,0,0,0,0,99,0,0,0,0,-1,-1,-1,0,0,0,-1,-1
7000,"儀式素材【コモンA】レベル1",-1,-1,0.0,2,500,0,-1,200010,-1,0,-1,87,0,-1,-1,-1,99,0,50,2,0,0,0,0,0,0,0,1,1,1,1,1,1,1,1,1,1,1,1,1,1,1,1,1,1,1,1,1,0,0,1,0,0,0,1,1,0,0,0,0,0,0,0,0,0,0,0,0,0,0,0,0,600,0,0,0,0,-1,-1,-1,0,0,0,-1,-1
7001,"儀式素材【コモンA】レベル2",-1,-1,0.0,5,1200,0,-1,200020,-1,0,-1,88,0,-1,-1,-1,99,0,50,2,0,0,0,0,0,0,0,1,1,1,1,1,1,1,1,1,1,1,1,1,1,1,1,1,1,1,1,1,0,0,1,0,0,0,1,1,0,0,0,0,0,0,0,0,0,0,0,0,0,0,0,0,600,0,0,0,0,-1,-1,-1,0,0,0,-1,-1
7002,"儀式素材【コモンA】レベル3",-1,-1,0.0,7,2400,0,-1,200030,-1,0,-1,89,0,-1,-1,-1,99,0,50,2,0,0,0,0,0,0,0,1,1,1,1,1,1,1,1,1,1,1,1,1,1,1,1,1,1,1,1,1,0,0,1,0,0,0,1,1,0,0,0,0,0,0,0,0,0,0,0,0,0,0,0,0,600,0,0,0,0,-1,-1,-1,0,0,0,-1,-1
7003,"儀式素材【コモンA】レベル4",-1,-1,0.0,10,4800,0,-1,200040,-1,0,-1,148,0,-1,-1,-1,99,0,50,2,0,0,0,0,0,0,0,1,1,1,1,1,1,1,1,1,1,1,1,1,1,1,1,1,1,1,1,1,0,0,1,0,0,0,1,1,0,0,0,0,0,0,0,0,0,0,0,0,0,0,0,0,600,0,0,0,0,-1,-1,-1,0,0,0,-1,-1
7004,"儀式素材【コモンA】レベル5",-1,-1,0.0,12,10000,0,-1,200050,-1,0,-1,149,0,-1,-1,-1,99,0,50,2,0,0,0,0,0,0,0,1,1,1,1,1,1,1,1,1,1,1,1,1,1,1,1,1,1,1,1,1,0,0,1,0,0,0,1,1,0,0,0,0,0,0,0,0,0,0,0,0,0,0,0,0,600,0,0,0,0,-1,-1,-1,0,0,0,-1,-1
7012,"儀式素材【コモンB】レベル3",-1,-1,0.0,7,400,0,-1,220010,-1,0,-1,92,0,-1,-1,-1,99,0,50,2,0,0,0,0,0,0,0,1,1,1,1,1,1,1,1,1,1,1,1,1,1,1,1,1,1,1,1,1,0,0,1,0,0,0,1,1,0,0,0,0,0,0,0,0,0,0,0,0,0,0,0,0,600,0,0,0,0,-1,-1,-1,0,0,0,-1,-1
7013,"儀式素材【コモンB】レベル4",-1,-1,0.0,10,800,0,-1,220020,-1,0,-1,152,0,-1,-1,-1,99,0,50,2,0,0,0,0,0,0,0,1,1,1,1,1,1,1,1,1,1,1,1,1,1,1,1,1,1,1,1,1,0,0,1,0,0,0,1,1,0,0,0,0,0,0,0,0,0,0,0,0,0,0,0,0,600,0,0,0,0,-1,-1,-1,0,0,0,-1,-1
7014,"儀式素材【コモンB】レベル5",-1,-1,0.0,12,1600,0,-1,220030,-1,0,-1,153,0,-1,-1,-1,99,0,50,2,0,0,0,0,0,0,0,1,1,1,1,1,1,1,1,1,1,1,1,1,1,1,1,1,1,1,1,1,0,0,1,0,0,0,1,1,0,0,0,0,0,0,0,0,0,0,0,0,0,0,0,0,600,0,0,0,0,-1,-1,-1,0,0,0,-1,-1
7020,"儀式素材【コモンC】レベル1",-1,-1,0.0,2,400,0,-1,210010,-1,0,-1,93,0,-1,-1,-1,99,0,50,2,0,0,0,0,0,0,0,1,1,1,1,1,1,1,1,1,1,1,1,1,1,1,1,1,1,1,1,1,0,0,1,0,0,0,1,1,0,0,0,0,0,0,0,0,0,0,0,0,0,0,0,0,600,0,0,0,0,-1,-1,-1,0,0,0,-1,-1
7021,"儀式素材【コモンC】レベル2",-1,-1,0.0,5,1000,0,-1,210020,-1,0,-1,94,0,-1,-1,-1,99,0,50,2,0,0,0,0,0,0,0,1,1,1,1,1,1,1,1,1,1,1,1,1,1,1,1,1,1,1,1,1,0,0,1,0,0,0,1,1,0,0,0,0,0,0,0,0,0,0,0,0,0,0,0,0,600,0,0,0,0,-1,-1,-1,0,0,0,-1,-1
7022,"儀式素材【コモンC】レベル3",-1,-1,0.0,7,2000,0,-1,210030,-1,0,-1,95,0,-1,-1,-1,99,0,50,2,0,0,0,0,0,0,0,1,1,1,1,1,1,1,1,1,1,1,1,1,1,1,1,1,1,1,1,1,0,0,1,0,0,0,1,1,0,0,0,0,0,0,0,0,0,0,0,0,0,0,0,0,600,0,0,0,0,-1,-1,-1,0,0,0,-1,-1
7023,"儀式素材【コモンC】レベル4",-1,-1,0.0,10,4000,0,-1,210040,-1,0,-1,156,0,-1,-1,-1,99,0,50,2,0,0,0,0,0,0,0,1,1,1,1,1,1,1,1,1,1,1,1,1,1,1,1,1,1,1,1,1,0,0,1,0,0,0,1,1,0,0,0,0,0,0,0,0,0,0,0,0,0,0,0,0,600,0,0,0,0,-1,-1,-1,0,0,0,-1,-1
7024,"儀式素材【コモンC】レベル5",-1,-1,0.0,12,10000,0,-1,210050,-1,0,-1,157,0,-1,-1,-1,99,0,50,2,0,0,0,0,0,0,0,1,1,1,1,1,1,1,1,1,1,1,1,1,1,1,1,1,1,1,1,1,0,0,1,0,0,0,1,1,0,0,0,0,0,0,0,0,0,0,0,0,0,0,0,0,600,0,0,0,0,-1,-1,-1,0,0,0,-1,-1
7050,"儀式素材のかけら",-1,-1,0.0,0,1,0,-1,230010,-1,0,-1,147,0,-1,-1,-1,99,0,50,2,0,0,0,0,0,0,0,1,1,1,1,1,1,1,1,1,1,1,1,1,1,1,1,1,1,1,1,1,0,0,1,0,0,0,1,1,0,0,0,0,0,0,0,0,0,0,0,0,0,0,0,0,600,0,0,0,0,-1,-1,-1,0,0,0,-1,-1
7100,"儀式素材【アンコモンA】レベル1",-1,-1,0.0,5,600,0,-1,270010,-1,0,-1,96,0,-1,-1,-1,99,0,50,2,0,0,0,0,0,0,0,1,1,1,1,1,1,1,1,1,1,1,1,1,1,1,1,1,1,1,1,1,0,0,1,0,0,0,1,1,0,0,0,0,0,0,0,0,0,0,0,0,0,0,0,0,600,0,0,0,0,-1,-1,-1,0,0,0,-1,-1
7110,"儀式素材【アンコモンB】レベル1",-1,-1,0.0,5,600,0,-1,260010,-1,0,-1,99,0,-1,-1,-1,99,0,50,2,0,0,0,0,0,0,0,1,1,1,1,1,1,1,1,1,1,1,1,1,1,1,1,1,1,1,1,1,0,0,1,0,0,0,1,1,0,0,0,0,0,0,0,0,0,0,0,0,0,0,0,0,600,0,0,0,0,-1,-1,-1,0,0,0,-1,-1
7120,"儀式素材【アンコモンC】レベル1",-1,-1,0.0,5,600,0,-1,280010,-1,0,-1,102,0,-1,-1,-1,99,0,50,2,0,0,0,0,0,0,0,1,1,1,1,1,1,1,1,1,1,1,1,1,1,1,1,1,1,1,1,1,0,0,1,0,0,0,1,1,0,0,0,0,0,0,0,0,0,0,0,0,0,0,0,0,600,0,0,0,0,-1,-1,-1,0,0,0,-1,-1
7121,"儀式素材【アンコモンC】レベル2",-1,-1,0.0,11,1200,0,-1,280020,-1,0,-1,103,0,-1,-1,-1,99,0,50,2,0,0,0,0,0,0,0,1,1,1,1,1,1,1,1,1,1,1,1,1,1,1,1,1,1,1,1,1,0,0,1,0,0,0,1,1,0,0,0,0,0,0,0,0,0,0,0,0,0,0,0,0,600,0,0,0,0,-1,-1,-1,0,0,0,-1,-1
7130,"儀式素材【アンコモンD】レベル1",-1,-1,0.0,5,600,0,-1,290010,-1,0,-1,105,0,-1,-1,-1,99,0,50,2,0,0,0,0,0,0,0,1,1,1,1,1,1,1,1,1,1,1,1,1,1,1,1,1,1,1,1,1,0,0,1,0,0,0,1,1,0,0,0,0,0,0,0,0,0,0,0,0,0,0,0,0,600,0,0,0,0,-1,-1,-1,0,0,0,-1,-1
7131,"儀式素材【アンコモンD】レベル2",-1,-1,0.0,11,1200,0,-1,290020,-1,0,-1,106,0,-1,-1,-1,99,0,50,2,0,0,0,0,0,0,0,1,1,1,1,1,1,1,1,1,1,1,1,1,1,1,1,1,1,1,1,1,0,0,1,0,0,0,1,1,0,0,0,0,0,0,0,0,0,0,0,0,0,0,0,0,600,0,0,0,0,-1,-1,-1,0,0,0,-1,-1
7140,"儀式素材【アンコモンE】レベル1",-1,-1,0.0,5,600,0,-1,300010,-1,0,-1,108,0,-1,-1,-1,99,0,50,2,0,0,0,0,0,0,0,1,1,1,1,1,1,1,1,1,1,1,1,1,1,1,1,1,1,1,1,1,0,0,1,0,0,0,1,1,0,0,0,0,0,0,0,0,0,0,0,0,0,0,0,0,600,0,0,0,0,-1,-1,-1,0,0,0,-1,-1
7150,"儀式素材【アンコモンF】レベル1",-1,-1,0.0,5,400,0,-1,240010,-1,0,-1,122,0,-1,-1,-1,99,0,50,2,0,0,0,0,0,0,0,1,1,1,1,1,1,1,1,1,1,1,1,1,1,1,1,1,1,1,1,1,0,0,1,0,0,0,1,1,0,0,0,0,0,0,0,0,0,0,0,0,0,0,0,0,600,0,0,0,0,-1,-1,-1,0,0,0,-1,-1
7200,"儀式素材【A5ロック】",-1,-1,0.0,24,2000,0,-1,250010,-1,0,-1,123,0,-1,-1,-1,99,0,50,2,0,0,0,0,0,0,0,1,1,1,1,1,1,1,1,1,1,1,1,1,1,1,1,1,1,1,1,1,0,0,1,0,0,0,1,1,0,0,0,0,0,0,0,0,0,0,0,0,0,0,0,0,600,0,0,0,0,-1,-1,-1,0,0,0,-1,-1
10900,"弾丸【PG直接指定】",-1,0,0.0,0,-1,0,-1,-1,-1,0,-1,0,0,-1,-1,-1,99,0,50,0,0,0,0,253,0,0,0,1,1,1,1,1,1,1,1,1,1,1,1,1,1,1,1,0,0,0,0,0,0,1,1,1,0,0,0,0,0,0,0,0,0,0,1,0,0,0,0,0,0,0,0,0,0,0,0,0,0,-1,-1,-1,16000,0,0,-1,-1
10910,"弾丸回復",3010,0,0.0,0,-1,0,-1,-1,-1,0,-1,0,0,-1,-1,-1,99,0,50,0,0,0,0,27,0,0,0,1,1,1,1,1,1,1,1,1,1,1,1,1,1,1,1,1,1,1,1,1,0,1,1,1,0,0,0,0,0,0,0,0,0,0,1,0,0,0,0,0,0,0,0,0,0,0,0,0,0,-1,-1,-1,16000,0,0,-1,-1
11000,"HP回復【PG直接指定】",3010,50,0.0,0,-1,0,-1,-1,-1,0,-1,0,0,-1,-1,-1,99,0,50,0,2,0,0,26,0,0,0,1,1,1,1,1,1,1,1,1,1,1,1,1,1,1,1,1,1,1,1,1,0,1,0,1,0,0,0,0,0,0,0,0,0,0,0,0,0,0,0,0,0,0,0,0,0,0,0,0,0,-1,-1,-1,16000,0,0,-1,-1
11100,"毒・出血回復薬",200,55,0.0,0,-1,0,-1,-1,-1,0,-1,0,0,-1,-1,-1,99,0,50,0,1,0,0,0,0,0,0,1,1,1,1,1,1,1,1,1,1,1,1,1,1,1,1,1,1,1,1,1,0,1,0,1,0,0,0,0,0,0,0,0,0,0,0,0,0,0,0,0,0,0,0,0,0,0,0,0,0,-1,-1,-1,16000,0,0,-1,-1
11101,"狂気・獣化回復薬",230,57,0.0,0,-1,0,-1,-1,-1,0,-1,0,0,-1,-1,-1,99,0,50,0,1,0,0,10,0,0,0,1,1,1,1,1,1,1,1,1,1,1,1,1,1,1,1,1,1,1,1,1,0,1,0,1,0,0,0,0,0,0,0,0,0,0,0,0,0,0,0,0,0,0,0,0,0,0,0,0,0,-1,-1,-1,16000,0,0,-1,-1
11110,"獣化薬",3240,58,0.0,0,-1,0,-1,-1,-1,0,-1,0,0,-1,-1,-1,99,0,50,0,2,0,0,0,0,0,0,1,1,1,1,1,1,1,1,1,1,1,1,1,1,1,1,1,1,1,1,1,0,1,0,1,0,0,0,0,0,0,0,0,0,0,0,0,0,0,0,0,0,0,0,0,0,0,0,0,0,-1,-1,-1,16000,0,0,-1,-1
11130,"リゲインアップ",2016,22,0.0,0,-1,0,-1,-1,-1,0,-1,0,0,-1,-1,-1,99,0,50,0,2,0,0,10,0,0,0,1,1,1,1,1,1,1,1,1,1,1,1,1,1,1,1,1,1,1,1,1,0,1,1,1,0,0,0,0,0,0,0,0,0,0,0,0,0,0,0,0,0,0,0,0,0,0,0,0,0,-1,-1,-1,16000,0,0,-1,-1
11200,"火炎壺",100,0,0.0,0,-1,0,-1,-1,-1,0,-1,0,0,-1,-1,-1,99,0,50,0,1,5,0,3,0,0,0,1,1,1,1,1,1,1,1,1,1,1,1,1,1,1,1,1,1,1,1,1,0,1,0,1,0,0,0,0,0,0,0,0,0,0,0,0,0,0,0,0,0,0,0,0,0,0,0,0,0,-1,-1,-1,2000,0,0,-1,-1
11201,"時限爆発瓶",105,20,0.0,0,-1,0,-1,-1,-1,0,-1,0,0,-1,-1,-1,99,0,50,0,1,5,0,34,0,0,0,1,1,1,1,1,1,1,1,1,1,1,1,1,1,1,1,1,1,1,1,1,0,1,1,1,0,0,0,0,0,0,0,0,0,0,0,0,0,0,0,0,0,0,0,0,0,0,0,0,0,-1,-1,-1,2000,0,0,-1,-1
11210,"毒ナイフ",121,5,0.0,0,-1,0,-1,-1,-1,0,-1,0,0,-1,-1,-1,99,0,50,0,1,5,0,2,0,0,0,1,1,1,1,1,1,1,1,1,1,1,1,1,1,1,1,1,1,1,1,1,0,1,0,1,0,0,0,0,0,0,0,0,0,0,0,0,0,0,0,0,0,0,0,0,0,0,0,0,0,-1,-1,-1,2000,0,0,-1,-1
11220,"油壺",150,1,0.0,0,-1,0,-1,-1,-1,0,-1,0,0,-1,-1,-1,99,0,50,0,1,5,0,3,0,0,0,1,1,1,1,1,1,1,1,1,1,1,1,1,1,1,1,1,1,1,1,1,0,1,0,1,0,0,0,0,0,0,0,0,0,0,0,0,0,0,0,0,0,0,0,0,0,0,0,0,0,-1,-1,-1,2000,0,0,-1,-1
11230,"石ころ",170,3,0.0,0,-1,0,-1,-1,-1,0,-1,0,0,-1,-1,-1,99,0,50,0,1,5,0,3,0,0,0,1,1,1,1,1,1,1,1,1,1,1,1,1,1,1,1,1,1,1,1,1,0,1,0,1,0,0,0,0,0,0,0,0,0,0,0,0,0,0,0,0,0,0,0,0,0,0,0,0,0,-1,-1,-1,2000,0,0,-1,-1
11240,"投げナイフ",120,4,0.0,0,-1,0,-1,-1,-1,0,-1,0,0,-1,-1,-1,99,0,50,0,1,5,0,2,0,0,0,1,1,1,1,1,1,1,1,1,1,1,1,1,1,1,1,1,1,1,1,1,0,1,0,1,0,0,0,0,0,0,0,0,0,0,0,0,0,0,0,0,0,0,0,0,0,0,0,0,0,-1,-1,-1,2000,0,0,-1,-1
11250,"背後火炎壺",110,0,0.0,0,-1,0,-1,-1,-1,0,-1,0,0,-1,-1,-1,99,0,50,0,1,5,0,13,0,0,0,1,1,1,1,1,1,1,1,1,1,1,1,1,1,1,1,1,1,1,1,1,0,1,0,1,0,0,0,0,0,0,0,0,0,0,0,0,0,0,0,0,0,0,0,0,0,0,0,0,0,-1,-1,-1,2000,0,0,-1,-1
11251,"背後時限爆発瓶",114,20,0.0,0,-1,0,-1,-1,-1,0,-1,0,0,-1,-1,-1,99,0,50,0,1,5,0,13,0,0,0,1,1,1,1,1,1,1,1,1,1,1,1,1,1,1,1,1,1,1,1,1,0,1,1,1,0,0,0,0,0,0,0,0,0,0,0,0,0,0,0,0,0,0,0,0,0,0,0,0,0,-1,-1,-1,2000,0,0,-1,-1
11260,"獣誘い",160,7,0.0,0,-1,0,-1,-1,-1,0,-1,0,0,-1,-1,-1,99,0,50,0,1,5,0,3,0,0,0,1,1,1,1,1,1,1,1,1,1,1,1,1,1,1,1,1,1,1,1,1,0,1,0,1,0,0,0,0,0,0,0,0,0,0,0,0,0,0,0,0,0,0,0,0,0,0,0,0,0,-1,-1,-1,16000,0,0,-1,-1
11270,"HP回復不可",180,8,0.0,0,-1,0,-1,-1,-1,0,-1,0,0,-1,-1,-1,99,0,50,0,1,5,0,3,0,0,0,1,1,1,1,1,1,1,1,1,1,1,1,1,1,1,1,1,1,1,1,1,0,1,0,1,0,0,0,0,0,0,0,0,0,0,0,0,0,0,0,0,0,0,0,0,0,0,0,0,0,-1,-1,-1,16000,0,0,-1,-1
11300,"エンチャント【炎】",2200,0,0.0,0,-1,0,-1,-1,-1,0,-1,0,0,-1,-1,-1,99,0,50,0,2,0,0,1,0,1,0,1,1,1,1,1,1,1,1,1,1,1,1,1,1,1,1,1,1,1,1,1,0,1,0,1,0,0,0,0,0,0,0,0,1,0,0,0,0,0,0,0,0,0,0,0,0,0,0,0,0,-1,-1,-1,2000,0,0,-1,-1
11310,"エンチャント【魔法】",2210,0,0.0,0,-1,0,-1,-1,-1,0,-1,0,0,-1,-1,-1,99,0,50,0,2,0,0,1,0,1,0,1,1,1,1,1,1,1,1,1,1,1,1,1,1,1,1,1,1,1,1,1,0,1,0,1,0,0,0,0,0,0,0,0,1,0,0,0,0,0,0,0,0,0,0,0,0,0,0,0,0,-1,-1,-1,2000,0,0,-1,-1
11320,"エンチャント【雷】",2220,0,0.0,0,-1,0,-1,-1,-1,0,-1,0,0,-1,-1,-1,99,0,50,0,2,0,0,1,0,1,0,1,1,1,1,1,1,1,1,1,1,1,1,1,1,1,1,1,1,1,1,1,0,1,0,1,0,0,0,0,0,0,0,0,1,0,0,0,0,0,0,0,0,0,0,0,0,0,0,0,0,-1,-1,-1,2000,0,0,-1,-1
11330,"銃威力アップ",2230,0,0.0,0,-1,0,-1,-1,-1,0,-1,0,0,-1,-1,-1,99,0,50,0,2,0,0,5,0,13,0,1,1,1,1,1,1,1,1,1,1,1,1,1,1,1,1,1,1,1,1,0,0,1,0,1,0,0,0,0,0,0,0,0,0,0,0,0,0,0,0,0,0,0,0,0,0,0,0,0,0,-1,-1,-1,2000,0,0,-1,-1
12000,"触手召喚",370,-1,0.0,0,-1,0,-1,-1,-1,0,-1,0,0,-1,-1,-1,99,0,50,0,1,0,0,21,0,0,0,1,1,1,1,1,1,1,1,1,1,1,1,1,1,1,1,1,1,1,1,1,0,1,0,1,0,0,0,0,0,0,0,0,0,0,1,0,0,0,0,0,0,0,0,1,0,0,0,0,0,-1,-1,-1,6000,0,0,-1,-1
12010,"宇宙召喚",380,-1,0.0,0,-1,0,-1,-1,-1,0,-1,0,0,-1,-1,-1,99,0,50,0,1,0,0,22,0,0,0,1,1,1,1,1,1,1,1,1,1,1,1,1,1,1,1,1,1,1,1,1,0,1,0,1,0,0,0,0,0,0,0,0,0,0,1,0,0,0,0,0,0,0,0,1,0,0,0,0,0,-1,-1,-1,7000,0,0,-1,-1
12020,"リフレクトウォール",390,-1,0.0,0,-1,0,-1,-1,-1,0,-1,0,0,-1,-1,-1,99,0,50,0,1,0,0,19,0,0,0,1,1,1,1,1,1,1,1,1,1,1,1,1,1,1,1,1,1,1,1,1,0,1,0,1,0,0,0,0,0,0,0,0,0,0,1,0,0,0,0,0,0,0,0,0,0,0,0,0,0,-1,-1,-1,15000,0,0,-1,-1
12030,"ヌルヌル化",320,10,0.0,0,-1,0,-1,-1,-1,0,-1,0,0,-1,-1,-1,99,0,50,0,1,0,0,10,0,0,0,1,1,1,1,1,1,1,1,1,1,1,1,1,1,1,1,1,1,1,1,1,0,1,0,1,0,0,0,0,0,0,0,0,0,0,1,0,0,0,0,0,0,0,0,0,0,0,0,0,0,-1,-1,-1,16000,0,0,-1,-1
12050,"範囲回復",360,-1,0.0,0,-1,0,-1,-1,-1,0,-1,0,0,-1,-1,-1,99,0,50,0,1,0,0,18,0,0,0,1,1,1,1,1,1,1,1,1,1,1,1,1,1,1,1,1,1,1,1,1,0,1,0,1,0,0,0,0,0,0,0,0,0,0,1,0,0,0,0,0,0,0,0,1,0,0,0,0,0,-1,-1,-1,5000,0,0,-1,-1
12060,"加速",1120,-1,0.0,0,-1,0,-1,-1,-1,0,-1,0,0,-1,-1,-1,99,0,50,0,2,0,0,20,0,0,0,1,1,1,1,1,1,1,1,1,1,1,1,1,1,1,1,1,1,1,1,1,0,1,0,1,0,0,0,0,0,0,0,0,0,0,1,0,0,0,0,0,0,0,0,0,0,0,0,0,0,-1,-1,-1,15000,0,0,-1,-1
12070,"地を這う魔法",410,-1,0.0,0,-1,0,-1,-1,-1,0,-1,0,0,-1,-1,-1,99,0,50,0,1,0,0,23,0,0,0,1,1,1,1,1,1,1,1,1,1,1,1,1,1,1,1,1,1,1,1,1,0,1,0,1,0,0,0,0,0,0,0,0,0,0,1,0,0,0,0,0,0,0,0,1,0,0,0,0,0,-1,-1,-1,8000,0,0,-1,-1
12080,"誘導弾",350,-1,0.0,0,-1,0,-1,-1,-1,0,-1,0,0,-1,-1,-1,99,0,50,0,1,0,0,24,0,0,0,1,1,1,1,1,1,1,1,1,1,1,1,1,1,1,1,1,1,1,1,1,0,1,0,1,0,0,0,0,0,0,0,0,0,0,1,0,0,0,0,0,0,0,0,1,0,0,0,0,0,-1,-1,-1,9000,0,0,-1,-1
12090,"同士討ち",310,-1,0.0,0,-1,0,-1,-1,-1,0,-1,0,0,-1,-1,-1,99,0,50,0,1,0,0,25,0,0,0,1,1,1,1,1,1,1,1,1,1,1,1,1,1,1,1,1,1,1,1,1,0,1,0,1,0,0,0,0,0,0,0,0,0,0,1,0,0,0,0,0,0,0,0,0,0,0,0,0,0,-1,-1,-1,16000,0,0,-1,-1
12110,"メッセンジャー擬態",340,-1,0.0,0,-1,0,-1,-1,-1,0,-1,0,0,-1,-1,-1,99,0,50,0,1,0,0,6,0,0,0,1,1,1,1,1,1,1,1,1,1,1,1,1,1,1,1,1,1,1,1,1,0,1,0,1,0,0,0,0,0,0,0,0,0,0,1,0,0,0,0,0,0,0,0,0,0,0,0,0,0,-1,-1,-1,15000,0,0,-1,-1
12120,"コズミックアロー",460,-1,0.0,0,-1,0,-1,-1,-1,0,-1,0,0,-1,-1,-1,99,0,50,0,1,0,0,30,0,0,0,1,1,1,1,1,1,1,1,1,1,1,1,1,1,1,1,1,1,1,1,1,0,1,0,1,0,0,0,0,0,0,0,0,0,0,1,0,0,0,0,0,0,0,0,1,0,0,0,0,0,-1,-1,-1,6000,0,0,-1,-1
12130,"怨霊弾",470,-1,0.0,0,-1,0,-1,-1,-1,0,-1,0,0,-1,-1,-1,99,0,50,0,1,0,0,31,0,0,0,1,1,1,1,1,1,1,1,1,1,1,1,1,1,1,1,1,1,1,1,1,0,1,0,1,0,0,0,0,0,0,0,0,0,0,1,0,0,0,0,0,0,0,0,1,0,0,0,0,0,-1,-1,-1,6000,0,0,-1,-1
12140,"蛇召喚",480,-1,0.0,0,-1,0,-1,-1,-1,0,-1,0,0,-1,-1,-1,99,0,50,0,1,0,0,32,0,0,0,1,1,1,1,1,1,1,1,1,1,1,1,1,1,1,1,1,1,1,1,1,0,1,0,1,0,0,0,0,0,0,0,0,0,0,1,0,0,0,0,0,0,0,0,1,0,0,0,0,0,-1,-1,-1,6000,0,0,-1,-1
