ID,Description,sortNo,manifestRate,directionalId,cateGroupId,excludeGroupId,isNegative:1,enableSlotTypeA:1,enableSlotTypeB:1,enableSlotTypeC:1,enableSlotTypeD:1,enableSlotTypeE:1,enableSlotTypeF:1,holygrailTypeGroup:7,affinityCateId_0,affinityModifyRate_0,affinityCateId_1,affinityModifyRate_1,affinityCateId_2,affinityModifyRate_2,affinityCateId_3,affinityModifyRate_3
0,デフォルトカテゴリ,0,100.0,0,0,0,0,1,1,1,1,1,1,0,-1,1.0,-1,1.0,-1,1.0,-1,1.0
1,攻撃カテゴリ_ダウン効果,1,100.0,0,0,0,1,1,1,1,1,1,1,0,-1,1.0,-1,1.0,-1,1.0,-1,1.0
10,防御カテゴリ_アップ効果,2,100.0,0,10,0,0,1,1,1,1,1,1,0,-1,1.0,-1,1.0,-1,1.0,-1,1.0
11,防御カテゴリ_ダウン効果,3,100.0,0,10,0,1,1,1,1,1,1,1,0,-1,1.0,-1,1.0,-1,1.0,-1,1.0
20,回復カテゴリ,4,100.0,0,20,0,0,1,1,1,1,1,1,0,-1,1.0,-1,1.0,-1,1.0,-1,1.0
30,ステータスカテゴリ,5,100.0,0,30,0,0,1,1,1,1,1,1,0,-1,1.0,-1,1.0,-1,1.0,-1,1.0
100,1枠目に固定するカテゴリ,6,1.0,10000,10100,100,0,1,1,1,1,1,1,0,-1,1.0,-1,1.0,-1,1.0,-1,1.0
101,排他されてでなくなるカテゴリ,7,1.0,10000,10101,100,0,1,1,1,1,1,1,0,-1,1.0,-1,1.0,-1,1.0,-1,1.0
110,優先度Aのカテゴリ,8,1.0,10000,10110,110,0,1,1,1,1,1,1,0,1110,999.0,-1,1.0,-1,1.0,-1,1.0
111,優先度Bのカテゴリ,9,1.0,10000,10111,111,0,1,1,1,1,1,1,0,-1,1.0,-1,1.0,-1,1.0,-1,1.0
112,優先度Cのカテゴリ,10,1.0,10000,10112,112,0,1,1,1,1,1,1,0,-1,1.0,-1,1.0,-1,1.0,-1,1.0
40100,攻撃力【銃】（固定値）　コスト1　サブ,150400,0.009999999776482582,1,2001,400,0,1,1,1,1,1,1,0,-1,1.0,-1,1.0,-1,1.0,-1,1.0
40200,攻撃力【銃】（固定値）　コスト2　サブ,140400,0.009999999776482582,2,2002,400,0,1,1,1,1,1,1,0,-1,1.0,-1,1.0,-1,1.0,-1,1.0
40300,攻撃力【銃】（固定値）　コスト3　サブ,130400,0.009999999776482582,3,2003,400,0,1,1,1,1,1,1,0,-1,1.0,-1,1.0,-1,1.0,-1,1.0
40400,攻撃力【銃】（固定値）　コスト4　サブ,120400,0.009999999776482582,4,2004,400,0,1,1,1,1,1,1,0,-1,1.0,-1,1.0,-1,1.0,-1,1.0
40500,攻撃力【銃】（固定値）　コスト5　サブ,110400,0.009999999776482582,5,2005,400,0,1,1,1,1,1,1,0,-1,1.0,-1,1.0,-1,1.0,-1,1.0
40600,攻撃力【銃】（固定値）　コスト6　サブ,100400,0.009999999776482582,6,2006,400,0,1,1,1,1,1,1,0,-1,1.0,-1,1.0,-1,1.0,-1,1.0
50100,攻撃力【魔法】（固定値）　コスト1　サブ,150500,0.009999999776482582,1,5001,500,0,1,1,1,1,1,1,45,-1,1.0,-1,1.0,-1,1.0,-1,1.0
50200,攻撃力【魔法】（固定値）　コスト2　サブ,140500,0.009999999776482582,2,5002,500,0,1,1,1,1,1,1,45,-1,1.0,-1,1.0,-1,1.0,-1,1.0
50300,攻撃力【魔法】（固定値）　コスト3　サブ,130500,0.009999999776482582,3,5003,500,0,1,1,1,1,1,1,45,-1,1.0,-1,1.0,-1,1.0,-1,1.0
50400,攻撃力【魔法】（固定値）　コスト4　サブ,120500,0.009999999776482582,4,5004,500,0,1,1,1,1,1,1,45,-1,1.0,-1,1.0,-1,1.0,-1,1.0
50500,攻撃力【魔法】（固定値）　コスト5　サブ,110500,0.009999999776482582,5,5005,500,0,1,1,1,1,1,1,45,-1,1.0,-1,1.0,-1,1.0,-1,1.0
50600,攻撃力【魔法】（固定値）　コスト6　サブ,100500,0.009999999776482582,6,5006,500,0,1,1,1,1,1,1,45,-1,1.0,-1,1.0,-1,1.0,-1,1.0
60100,攻撃力【炎】（固定値）　コスト1　サブ,150600,0.05000000074505806,1,4001,600,0,1,1,1,1,1,1,34,-1,1.0,-1,1.0,-1,1.0,-1,1.0
60200,攻撃力【炎】（固定値）　コスト2　サブ,140600,0.05000000074505806,2,4002,600,0,1,1,1,1,1,1,34,-1,1.0,-1,1.0,-1,1.0,-1,1.0
60300,攻撃力【炎】（固定値）　コスト3　サブ,130600,0.05000000074505806,3,4003,600,0,1,1,1,1,1,1,34,-1,1.0,-1,1.0,-1,1.0,-1,1.0
60400,攻撃力【炎】（固定値）　コスト4　サブ,120600,0.05000000074505806,4,4004,600,0,1,1,1,1,1,1,34,-1,1.0,-1,1.0,-1,1.0,-1,1.0
60500,攻撃力【炎】（固定値）　コスト5　サブ,110600,0.05000000074505806,5,4005,600,0,1,1,1,1,1,1,34,-1,1.0,-1,1.0,-1,1.0,-1,1.0
60600,攻撃力【炎】（固定値）　コスト6　サブ,100600,0.05000000074505806,6,4006,600,0,1,1,1,1,1,1,34,-1,1.0,-1,1.0,-1,1.0,-1,1.0
70100,攻撃力【雷】（固定値）　コスト1　サブ,150700,0.05000000074505806,1,4001,700,0,1,1,1,1,1,1,34,-1,1.0,-1,1.0,-1,1.0,-1,1.0
70200,攻撃力【雷】（固定値）　コスト2　サブ,140700,0.05000000074505806,2,4002,700,0,1,1,1,1,1,1,34,-1,1.0,-1,1.0,-1,1.0,-1,1.0
70300,攻撃力【雷】（固定値）　コスト3　サブ,130700,0.05000000074505806,3,4003,700,0,1,1,1,1,1,1,34,-1,1.0,-1,1.0,-1,1.0,-1,1.0
70400,攻撃力【雷】（固定値）　コスト4　サブ,120700,0.05000000074505806,4,4004,700,0,1,1,1,1,1,1,34,-1,1.0,-1,1.0,-1,1.0,-1,1.0
70500,攻撃力【雷】（固定値）　コスト5　サブ,110700,0.05000000074505806,5,4005,700,0,1,1,1,1,1,1,34,-1,1.0,-1,1.0,-1,1.0,-1,1.0
70600,攻撃力【雷】（固定値）　コスト6　サブ,100700,0.05000000074505806,6,4006,700,0,1,1,1,1,1,1,34,-1,1.0,-1,1.0,-1,1.0,-1,1.0
79100,攻撃力【物理】（固定値）　コスト1　サブ ダンジョンA',150790,0.10000000149011612,1,1001,800,0,1,1,1,1,1,1,22,-1,1.0,-1,1.0,-1,1.0,-1,1.0
79200,攻撃力【物理】（固定値）　コスト2　サブ ダンジョンA',140790,0.10000000149011612,2,1002,800,0,1,1,1,1,1,1,22,-1,1.0,-1,1.0,-1,1.0,-1,1.0
79300,攻撃力【物理】（固定値）　コスト3　サブ ダンジョンA',130790,0.10000000149011612,3,1003,800,0,1,1,1,1,1,1,22,-1,1.0,-1,1.0,-1,1.0,-1,1.0
79400,攻撃力【物理】（固定値）　コスト4　サブ ダンジョンA',120790,0.10000000149011612,4,1004,800,0,1,1,1,1,1,1,22,-1,1.0,-1,1.0,-1,1.0,-1,1.0
79500,攻撃力【物理】（固定値）　コスト5　サブ ダンジョンA',110790,0.10000000149011612,5,1005,800,0,1,1,1,1,1,1,22,-1,1.0,-1,1.0,-1,1.0,-1,1.0
79600,攻撃力【物理】（固定値）　コスト6　サブ ダンジョンA',100790,0.10000000149011612,6,1006,800,0,1,1,1,1,1,1,22,-1,1.0,-1,1.0,-1,1.0,-1,1.0
80100,攻撃力【物理】（固定値）　コスト1　サブ,150800,0.10000000149011612,1,1001,800,0,1,1,1,1,1,1,11,-1,1.0,-1,1.0,-1,1.0,-1,1.0
80200,攻撃力【物理】（固定値）　コスト2　サブ,140800,0.10000000149011612,2,1002,800,0,1,1,1,1,1,1,11,-1,1.0,-1,1.0,-1,1.0,-1,1.0
80300,攻撃力【物理】（固定値）　コスト3　サブ,130800,0.10000000149011612,3,1003,800,0,1,1,1,1,1,1,11,-1,1.0,-1,1.0,-1,1.0,-1,1.0
80400,攻撃力【物理】（固定値）　コスト4　サブ,120800,0.10000000149011612,4,1004,800,0,1,1,1,1,1,1,11,-1,1.0,-1,1.0,-1,1.0,-1,1.0
80500,攻撃力【物理】（固定値）　コスト5　サブ,110800,0.10000000149011612,5,1005,800,0,1,1,1,1,1,1,11,-1,1.0,-1,1.0,-1,1.0,-1,1.0
80600,攻撃力【物理】（固定値）　コスト6　サブ,100800,0.10000000149011612,6,1006,800,0,1,1,1,1,1,1,11,-1,1.0,-1,1.0,-1,1.0,-1,1.0
111100,攻撃力【打撃】（倍率）　コスト1　メイン,51100,0.05000000074505806,11,1011,1100,0,1,1,1,1,1,1,11,-1,1.0,-1,1.0,-1,1.0,-1,1.0
111200,攻撃力【打撃】（倍率）　コスト2　メイン,41100,0.05000000074505806,12,1012,1100,0,1,1,1,1,1,1,11,-1,1.0,-1,1.0,-1,1.0,-1,1.0
111300,攻撃力【打撃】（倍率）　コスト3　メイン,31100,0.05000000074505806,13,1013,1100,0,1,1,1,1,1,1,11,-1,1.0,-1,1.0,-1,1.0,-1,1.0
111400,攻撃力【打撃】（倍率）　コスト4　メイン,21100,0.05000000074505806,14,1014,1100,0,1,1,1,1,1,1,11,-1,1.0,-1,1.0,-1,1.0,-1,1.0
111500,攻撃力【打撃】（倍率）　コスト5　メイン,11100,0.05000000074505806,15,1015,1100,0,1,1,1,1,1,1,11,-1,1.0,-1,1.0,-1,1.0,-1,1.0
111600,攻撃力【打撃】（倍率）　コスト6　メイン,1100,0.05000000074505806,16,1016,1100,0,1,1,1,1,1,1,11,-1,1.0,-1,1.0,-1,1.0,-1,1.0
121100,攻撃力【刺突】（倍率）　コスト1　メイン,51200,0.05000000074505806,11,1011,1200,0,1,1,1,1,1,1,11,-1,1.0,-1,1.0,-1,1.0,-1,1.0
121200,攻撃力【刺突】（倍率）　コスト2　メイン,41200,0.05000000074505806,12,1012,1200,0,1,1,1,1,1,1,11,-1,1.0,-1,1.0,-1,1.0,-1,1.0
121300,攻撃力【刺突】（倍率）　コスト3　メイン,31200,0.05000000074505806,13,1013,1200,0,1,1,1,1,1,1,11,-1,1.0,-1,1.0,-1,1.0,-1,1.0
121400,攻撃力【刺突】（倍率）　コスト4　メイン,21200,0.05000000074505806,14,1014,1200,0,1,1,1,1,1,1,11,-1,1.0,-1,1.0,-1,1.0,-1,1.0
121500,攻撃力【刺突】（倍率）　コスト5　メイン,11200,0.05000000074505806,15,1015,1200,0,1,1,1,1,1,1,11,-1,1.0,-1,1.0,-1,1.0,-1,1.0
121600,攻撃力【刺突】（倍率）　コスト6　メイン,1200,0.05000000074505806,16,1016,1200,0,1,1,1,1,1,1,11,-1,1.0,-1,1.0,-1,1.0,-1,1.0
131100,攻撃力【銃】（倍率）　コスト1　メイン,51300,0.009999999776482582,11,2011,1300,0,1,1,1,1,1,1,0,-1,1.0,-1,1.0,-1,1.0,-1,1.0
131200,攻撃力【銃】（倍率）　コスト2　メイン,41300,0.009999999776482582,12,2012,1300,0,1,1,1,1,1,1,0,-1,1.0,-1,1.0,-1,1.0,-1,1.0
131300,攻撃力【銃】（倍率）　コスト3　メイン,31300,0.009999999776482582,13,2013,1300,0,1,1,1,1,1,1,0,-1,1.0,-1,1.0,-1,1.0,-1,1.0
131400,攻撃力【銃】（倍率）　コスト4　メイン,21300,0.009999999776482582,14,2014,1300,0,1,1,1,1,1,1,0,-1,1.0,-1,1.0,-1,1.0,-1,1.0
131500,攻撃力【銃】（倍率）　コスト5　メイン,11300,0.009999999776482582,15,2015,1300,0,1,1,1,1,1,1,0,-1,1.0,-1,1.0,-1,1.0,-1,1.0
131600,攻撃力【銃】（倍率）　コスト6　メイン,1300,0.009999999776482582,16,2016,1300,0,1,1,1,1,1,1,0,-1,1.0,-1,1.0,-1,1.0,-1,1.0
141100,攻撃力【魔法】（倍率）　コスト1　メイン,51400,0.3499999940395355,11,5011,1400,0,1,1,1,1,1,1,45,-1,1.0,-1,1.0,-1,1.0,-1,1.0
141200,攻撃力【魔法】（倍率）　コスト2　メイン,41400,0.3499999940395355,12,5012,1400,0,1,1,1,1,1,1,45,-1,1.0,-1,1.0,-1,1.0,-1,1.0
141300,攻撃力【魔法】（倍率）　コスト3　メイン,31400,0.3499999940395355,13,5013,1400,0,1,1,1,1,1,1,45,-1,1.0,-1,1.0,-1,1.0,-1,1.0
141400,攻撃力【魔法】（倍率）　コスト4　メイン,21400,0.3499999940395355,14,5014,1400,0,1,1,1,1,1,1,45,-1,1.0,-1,1.0,-1,1.0,-1,1.0
141500,攻撃力【魔法】（倍率）　コスト5　メイン,11400,0.3499999940395355,15,5015,1400,0,1,1,1,1,1,1,45,-1,1.0,-1,1.0,-1,1.0,-1,1.0
141600,攻撃力【魔法】（倍率）　コスト6　メイン,1400,0.3499999940395355,16,5016,1400,0,1,1,1,1,1,1,45,-1,1.0,-1,1.0,-1,1.0,-1,1.0
151100,攻撃力【炎】（倍率）　コスト1　メイン,51500,0.4000000059604645,11,4011,1500,0,1,1,1,1,1,1,34,-1,1.0,-1,1.0,-1,1.0,-1,1.0
151200,攻撃力【炎】（倍率）　コスト2　メイン,41500,0.4000000059604645,12,4012,1500,0,1,1,1,1,1,1,34,-1,1.0,-1,1.0,-1,1.0,-1,1.0
151300,攻撃力【炎】（倍率）　コスト3　メイン,31500,0.4000000059604645,13,4013,1500,0,1,1,1,1,1,1,34,-1,1.0,-1,1.0,-1,1.0,-1,1.0
151400,攻撃力【炎】（倍率）　コスト4　メイン,21500,0.4000000059604645,14,4014,1500,0,1,1,1,1,1,1,34,-1,1.0,-1,1.0,-1,1.0,-1,1.0
151500,攻撃力【炎】（倍率）　コスト5　メイン,11500,0.4000000059604645,15,4015,1500,0,1,1,1,1,1,1,34,-1,1.0,-1,1.0,-1,1.0,-1,1.0
151600,攻撃力【炎】（倍率）　コスト6　メイン,1500,0.4000000059604645,16,4016,1500,0,1,1,1,1,1,1,34,-1,1.0,-1,1.0,-1,1.0,-1,1.0
152100,攻撃力【炎】（倍率）　コスト1　メイン ダンジョンC,51510,0.05000000074505806,11,4011,1500,0,1,1,1,1,1,1,45,-1,1.0,-1,1.0,-1,1.0,-1,1.0
152200,攻撃力【炎】（倍率）　コスト2　メイン ダンジョンC,41510,0.05000000074505806,12,4012,1500,0,1,1,1,1,1,1,45,-1,1.0,-1,1.0,-1,1.0,-1,1.0
152300,攻撃力【炎】（倍率）　コスト3　メイン ダンジョンC,31510,0.05000000074505806,13,4013,1500,0,1,1,1,1,1,1,45,-1,1.0,-1,1.0,-1,1.0,-1,1.0
152400,攻撃力【炎】（倍率）　コスト4　メイン ダンジョンC,21510,0.05000000074505806,14,4014,1500,0,1,1,1,1,1,1,45,-1,1.0,-1,1.0,-1,1.0,-1,1.0
152500,攻撃力【炎】（倍率）　コスト5　メイン ダンジョンC,11510,0.05000000074505806,15,4015,1500,0,1,1,1,1,1,1,45,-1,1.0,-1,1.0,-1,1.0,-1,1.0
152600,攻撃力【炎】（倍率）　コスト6　メイン ダンジョンC,1510,0.05000000074505806,16,4016,1500,0,1,1,1,1,1,1,45,-1,1.0,-1,1.0,-1,1.0,-1,1.0
161100,攻撃力【雷】（倍率）　コスト1　メイン,51600,0.20000000298023224,11,4011,1600,0,1,1,1,1,1,1,34,-1,1.0,-1,1.0,-1,1.0,-1,1.0
161200,攻撃力【雷】（倍率）　コスト2　メイン,41600,0.20000000298023224,12,4012,1600,0,1,1,1,1,1,1,34,-1,1.0,-1,1.0,-1,1.0,-1,1.0
161300,攻撃力【雷】（倍率）　コスト3　メイン,31600,0.20000000298023224,13,4013,1600,0,1,1,1,1,1,1,34,-1,1.0,-1,1.0,-1,1.0,-1,1.0
161400,攻撃力【雷】（倍率）　コスト4　メイン,21600,0.20000000298023224,14,4014,1600,0,1,1,1,1,1,1,34,-1,1.0,-1,1.0,-1,1.0,-1,1.0
161500,攻撃力【雷】（倍率）　コスト5　メイン,11600,0.20000000298023224,15,4015,1600,0,1,1,1,1,1,1,34,-1,1.0,-1,1.0,-1,1.0,-1,1.0
161600,攻撃力【雷】（倍率）　コスト6　メイン,1600,0.20000000298023224,16,4016,1600,0,1,1,1,1,1,1,34,-1,1.0,-1,1.0,-1,1.0,-1,1.0
162100,攻撃力【雷】（倍率）　コスト1　メイン ダンジョンC,51610,0.05000000074505806,11,4011,1600,0,1,1,1,1,1,1,45,-1,1.0,-1,1.0,-1,1.0,-1,1.0
162200,攻撃力【雷】（倍率）　コスト2　メイン ダンジョンC,41610,0.05000000074505806,12,4012,1600,0,1,1,1,1,1,1,45,-1,1.0,-1,1.0,-1,1.0,-1,1.0
162300,攻撃力【雷】（倍率）　コスト3　メイン ダンジョンC,31610,0.05000000074505806,13,4013,1600,0,1,1,1,1,1,1,45,-1,1.0,-1,1.0,-1,1.0,-1,1.0
162400,攻撃力【雷】（倍率）　コスト4　メイン ダンジョンC,21610,0.05000000074505806,14,4014,1600,0,1,1,1,1,1,1,45,-1,1.0,-1,1.0,-1,1.0,-1,1.0
162500,攻撃力【雷】（倍率）　コスト5　メイン ダンジョンC,11610,0.05000000074505806,15,4015,1600,0,1,1,1,1,1,1,45,-1,1.0,-1,1.0,-1,1.0,-1,1.0
162600,攻撃力【雷】（倍率）　コスト6　メイン ダンジョンC,1610,0.05000000074505806,16,4016,1600,0,1,1,1,1,1,1,45,-1,1.0,-1,1.0,-1,1.0,-1,1.0
171100,攻撃力【物理】（倍率）　コスト1　メイン,51700,0.8999999761581421,11,1011,1700,0,1,1,1,1,1,1,11,-1,1.0,-1,1.0,-1,1.0,-1,1.0
171200,攻撃力【物理】（倍率）　コスト2　メイン,41700,0.8999999761581421,12,1012,1700,0,1,1,1,1,1,1,11,-1,1.0,-1,1.0,-1,1.0,-1,1.0
171300,攻撃力【物理】（倍率）　コスト3　メイン,31700,0.8999999761581421,13,1013,1700,0,1,1,1,1,1,1,11,-1,1.0,-1,1.0,-1,1.0,-1,1.0
171400,攻撃力【物理】（倍率）　コスト4　メイン,21700,0.8999999761581421,14,1014,1700,0,1,1,1,1,1,1,11,-1,1.0,-1,1.0,-1,1.0,-1,1.0
171500,攻撃力【物理】（倍率）　コスト5　メイン,11700,0.8999999761581421,15,1015,1700,0,1,1,1,1,1,1,11,-1,1.0,-1,1.0,-1,1.0,-1,1.0
171600,攻撃力【物理】（倍率）　コスト6　メイン,1700,0.8999999761581421,16,1016,1700,0,1,1,1,1,1,1,11,-1,1.0,-1,1.0,-1,1.0,-1,1.0
172100,攻撃力【物理】（倍率）　コスト1　メイン ダンジョンA',51710,0.75,11,3011,1700,0,1,1,1,1,1,1,22,-1,1.0,-1,1.0,-1,1.0,-1,1.0
172200,攻撃力【物理】（倍率）　コスト2　メイン ダンジョンA',41710,0.75,12,3012,1700,0,1,1,1,1,1,1,22,-1,1.0,-1,1.0,-1,1.0,-1,1.0
172300,攻撃力【物理】（倍率）　コスト3　メイン ダンジョンA',31710,0.75,13,3013,1700,0,1,1,1,1,1,1,22,-1,1.0,-1,1.0,-1,1.0,-1,1.0
172400,攻撃力【物理】（倍率）　コスト4　メイン ダンジョンA',21710,0.75,14,3014,1700,0,1,1,1,1,1,1,22,-1,1.0,-1,1.0,-1,1.0,-1,1.0
172500,攻撃力【物理】（倍率）　コスト5　メイン ダンジョンA',11710,0.75,15,3015,1700,0,1,1,1,1,1,1,22,-1,1.0,-1,1.0,-1,1.0,-1,1.0
172600,攻撃力【物理】（倍率）　コスト6　メイン ダンジョンA',1710,0.75,16,3016,1700,0,1,1,1,1,1,1,22,-1,1.0,-1,1.0,-1,1.0,-1,1.0
173100,攻撃力【物理】（倍率）　コスト1　メイン ダンジョンB,51720,0.30000001192092896,11,4011,1700,0,1,1,1,1,1,1,34,-1,1.0,-1,1.0,-1,1.0,-1,1.0
173200,攻撃力【物理】（倍率）　コスト2　メイン ダンジョンB,41720,0.30000001192092896,12,4012,1700,0,1,1,1,1,1,1,34,-1,1.0,-1,1.0,-1,1.0,-1,1.0
173300,攻撃力【物理】（倍率）　コスト3　メイン ダンジョンB,31720,0.30000001192092896,13,4013,1700,0,1,1,1,1,1,1,34,-1,1.0,-1,1.0,-1,1.0,-1,1.0
173400,攻撃力【物理】（倍率）　コスト4　メイン ダンジョンB,21720,0.30000001192092896,14,4014,1700,0,1,1,1,1,1,1,34,-1,1.0,-1,1.0,-1,1.0,-1,1.0
173500,攻撃力【物理】（倍率）　コスト5　メイン ダンジョンB,11720,0.30000001192092896,15,4015,1700,0,1,1,1,1,1,1,34,-1,1.0,-1,1.0,-1,1.0,-1,1.0
173600,攻撃力【物理】（倍率）　コスト6　メイン ダンジョンB,1720,0.30000001192092896,16,4016,1700,0,1,1,1,1,1,1,34,-1,1.0,-1,1.0,-1,1.0,-1,1.0
174100,攻撃力【物理】（倍率）　コスト1　メイン ダンジョンC,51730,0.5,11,5011,1700,0,1,1,1,1,1,1,45,-1,1.0,-1,1.0,-1,1.0,-1,1.0
174200,攻撃力【物理】（倍率）　コスト2　メイン ダンジョンC,41730,0.5,12,5012,1700,0,1,1,1,1,1,1,45,-1,1.0,-1,1.0,-1,1.0,-1,1.0
174300,攻撃力【物理】（倍率）　コスト3　メイン ダンジョンC,31730,0.5,13,5013,1700,0,1,1,1,1,1,1,45,-1,1.0,-1,1.0,-1,1.0,-1,1.0
174400,攻撃力【物理】（倍率）　コスト4　メイン ダンジョンC,21730,0.5,14,5014,1700,0,1,1,1,1,1,1,45,-1,1.0,-1,1.0,-1,1.0,-1,1.0
174500,攻撃力【物理】（倍率）　コスト5　メイン ダンジョンC,11730,0.5,15,5015,1700,0,1,1,1,1,1,1,45,-1,1.0,-1,1.0,-1,1.0,-1,1.0
174600,攻撃力【物理】（倍率）　コスト6　メイン ダンジョンC,1730,0.5,16,5016,1700,0,1,1,1,1,1,1,45,-1,1.0,-1,1.0,-1,1.0,-1,1.0
181100,攻撃力【全】（倍率）+　コスト1　メイン,51800,0.009999999776482582,11,5011,1800,0,1,1,1,1,1,1,45,-1,1.0,-1,1.0,-1,1.0,-1,1.0
181200,攻撃力【全】（倍率）+　コスト2　メイン,41800,0.009999999776482582,12,5012,1800,0,1,1,1,1,1,1,45,-1,1.0,-1,1.0,-1,1.0,-1,1.0
181300,攻撃力【全】（倍率）+　コスト3　メイン,31800,0.009999999776482582,13,5013,1800,0,1,1,1,1,1,1,45,-1,1.0,-1,1.0,-1,1.0,-1,1.0
181400,攻撃力【全】（倍率）+　コスト4　メイン,21800,0.009999999776482582,14,5014,1800,0,1,1,1,1,1,1,45,-1,1.0,-1,1.0,-1,1.0,-1,1.0
181500,攻撃力【全】（倍率）+　コスト5　メイン,11800,0.009999999776482582,15,5015,1800,0,1,1,1,1,1,1,45,-1,1.0,-1,1.0,-1,1.0,-1,1.0
181600,攻撃力【全】（倍率）+　コスト6　メイン,1800,0.009999999776482582,16,5016,1800,0,1,1,1,1,1,1,45,-1,1.0,-1,1.0,-1,1.0,-1,1.0
190100,攻撃力【全】（倍率）-　コスト1　サブ,351900,0.009999999776482582,101,101,1800,1,1,1,1,1,1,1,9,-1,1.0,-1,1.0,-1,1.0,-1,1.0
190200,攻撃力【全】（倍率）-　コスト2　サブ,341900,0.009999999776482582,102,102,1800,1,1,1,1,1,1,1,9,-1,1.0,-1,1.0,-1,1.0,-1,1.0
190300,攻撃力【全】（倍率）-　コスト3　サブ,331900,0.009999999776482582,103,103,1800,1,1,1,1,1,1,1,9,-1,1.0,-1,1.0,-1,1.0,-1,1.0
190400,攻撃力【全】（倍率）-　コスト4　サブ,321900,0.009999999776482582,104,104,1800,1,1,1,1,1,1,1,9,-1,1.0,-1,1.0,-1,1.0,-1,1.0
190500,攻撃力【全】（倍率）-　コスト5　サブ,311900,0.009999999776482582,105,105,1800,1,1,1,1,1,1,1,9,-1,1.0,-1,1.0,-1,1.0,-1,1.0
190600,攻撃力【全】（倍率）-　コスト6　サブ,301900,0.009999999776482582,106,106,1800,1,1,1,1,1,1,1,9,-1,1.0,-1,1.0,-1,1.0,-1,1.0
201100,攻撃力補正【筋力】（倍率）　コスト1　メイン,52000,0.029999999329447746,11,1011,2000,0,1,1,1,1,1,1,14,-1,1.0,-1,1.0,-1,1.0,-1,1.0
201200,攻撃力補正【筋力】（倍率）　コスト2　メイン,42000,0.029999999329447746,12,1012,2000,0,1,1,1,1,1,1,14,-1,1.0,-1,1.0,-1,1.0,-1,1.0
201300,攻撃力補正【筋力】（倍率）　コスト3　メイン,32000,0.029999999329447746,13,1013,2000,0,1,1,1,1,1,1,14,-1,1.0,-1,1.0,-1,1.0,-1,1.0
201400,攻撃力補正【筋力】（倍率）　コスト4　メイン,22000,0.029999999329447746,14,1014,2000,0,1,1,1,1,1,1,14,-1,1.0,-1,1.0,-1,1.0,-1,1.0
201500,攻撃力補正【筋力】（倍率）　コスト5　メイン,12000,0.029999999329447746,15,1015,2000,0,1,1,1,1,1,1,14,-1,1.0,-1,1.0,-1,1.0,-1,1.0
201600,攻撃力補正【筋力】（倍率）　コスト6　メイン,2000,0.029999999329447746,16,1016,2000,0,1,1,1,1,1,1,14,-1,1.0,-1,1.0,-1,1.0,-1,1.0
202100,攻撃力補正【筋力】（倍率）　コスト1　メイン ダンジョンA',52010,0.029999999329447746,11,3011,2000,0,1,1,1,1,1,1,22,-1,1.0,-1,1.0,-1,1.0,-1,1.0
202200,攻撃力補正【筋力】（倍率）　コスト2　メイン ダンジョンA',42010,0.029999999329447746,12,3012,2000,0,1,1,1,1,1,1,22,-1,1.0,-1,1.0,-1,1.0,-1,1.0
202300,攻撃力補正【筋力】（倍率）　コスト3　メイン ダンジョンA',32010,0.029999999329447746,13,3013,2000,0,1,1,1,1,1,1,22,-1,1.0,-1,1.0,-1,1.0,-1,1.0
202400,攻撃力補正【筋力】（倍率）　コスト4　メイン ダンジョンA',22010,0.029999999329447746,14,3014,2000,0,1,1,1,1,1,1,22,-1,1.0,-1,1.0,-1,1.0,-1,1.0
202500,攻撃力補正【筋力】（倍率）　コスト5　メイン ダンジョンA',12010,0.029999999329447746,15,3015,2000,0,1,1,1,1,1,1,22,-1,1.0,-1,1.0,-1,1.0,-1,1.0
202600,攻撃力補正【筋力】（倍率）　コスト6　メイン ダンジョンA',2010,0.029999999329447746,16,3016,2000,0,1,1,1,1,1,1,22,-1,1.0,-1,1.0,-1,1.0,-1,1.0
211100,攻撃力補正【技量】（倍率）　コスト1　メイン,52100,0.029999999329447746,11,1011,2100,0,1,1,1,1,1,1,14,-1,1.0,-1,1.0,-1,1.0,-1,1.0
211200,攻撃力補正【技量】（倍率）　コスト2　メイン,42100,0.029999999329447746,12,1012,2100,0,1,1,1,1,1,1,14,-1,1.0,-1,1.0,-1,1.0,-1,1.0
211300,攻撃力補正【技量】（倍率）　コスト3　メイン,32100,0.029999999329447746,13,1013,2100,0,1,1,1,1,1,1,14,-1,1.0,-1,1.0,-1,1.0,-1,1.0
211400,攻撃力補正【技量】（倍率）　コスト4　メイン,22100,0.029999999329447746,14,1014,2100,0,1,1,1,1,1,1,14,-1,1.0,-1,1.0,-1,1.0,-1,1.0
211500,攻撃力補正【技量】（倍率）　コスト5　メイン,12100,0.029999999329447746,15,1015,2100,0,1,1,1,1,1,1,14,-1,1.0,-1,1.0,-1,1.0,-1,1.0
211600,攻撃力補正【技量】（倍率）　コスト6　メイン,2100,0.029999999329447746,16,1016,2100,0,1,1,1,1,1,1,14,-1,1.0,-1,1.0,-1,1.0,-1,1.0
212100,攻撃力補正【技量】（倍率）　コスト1　メイン ダンジョンA',52110,0.029999999329447746,11,3011,2100,0,1,1,1,1,1,1,22,-1,1.0,-1,1.0,-1,1.0,-1,1.0
212200,攻撃力補正【技量】（倍率）　コスト2　メイン ダンジョンA',42110,0.029999999329447746,12,3012,2100,0,1,1,1,1,1,1,22,-1,1.0,-1,1.0,-1,1.0,-1,1.0
212300,攻撃力補正【技量】（倍率）　コスト3　メイン ダンジョンA',32110,0.029999999329447746,13,3013,2100,0,1,1,1,1,1,1,22,-1,1.0,-1,1.0,-1,1.0,-1,1.0
212400,攻撃力補正【技量】（倍率）　コスト4　メイン ダンジョンA',22110,0.029999999329447746,14,3014,2100,0,1,1,1,1,1,1,22,-1,1.0,-1,1.0,-1,1.0,-1,1.0
212500,攻撃力補正【技量】（倍率）　コスト5　メイン ダンジョンA',12110,0.029999999329447746,15,3015,2100,0,1,1,1,1,1,1,22,-1,1.0,-1,1.0,-1,1.0,-1,1.0
212600,攻撃力補正【技量】（倍率）　コスト6　メイン ダンジョンA',2110,0.029999999329447746,16,3016,2100,0,1,1,1,1,1,1,22,-1,1.0,-1,1.0,-1,1.0,-1,1.0
221100,攻撃力補正【射撃】（倍率）　コスト1　メイン,52200,0.009999999776482582,11,2011,2200,0,1,1,1,1,1,1,0,-1,1.0,-1,1.0,-1,1.0,-1,1.0
221200,攻撃力補正【射撃】（倍率）　コスト2　メイン,42200,0.009999999776482582,12,2012,2200,0,1,1,1,1,1,1,0,-1,1.0,-1,1.0,-1,1.0,-1,1.0
221300,攻撃力補正【射撃】（倍率）　コスト3　メイン,32200,0.009999999776482582,13,2013,2200,0,1,1,1,1,1,1,0,-1,1.0,-1,1.0,-1,1.0,-1,1.0
221400,攻撃力補正【射撃】（倍率）　コスト4　メイン,22200,0.009999999776482582,14,2014,2200,0,1,1,1,1,1,1,0,-1,1.0,-1,1.0,-1,1.0,-1,1.0
221500,攻撃力補正【射撃】（倍率）　コスト5　メイン,12200,0.009999999776482582,15,2015,2200,0,1,1,1,1,1,1,0,-1,1.0,-1,1.0,-1,1.0,-1,1.0
221600,攻撃力補正【射撃】（倍率）　コスト6　メイン,2200,0.009999999776482582,16,2016,2200,0,1,1,1,1,1,1,0,-1,1.0,-1,1.0,-1,1.0,-1,1.0
231100,攻撃力補正【魔法】（倍率）　コスト1　メイン,52300,0.009999999776482582,11,5011,2300,0,1,1,1,1,1,1,45,-1,1.0,-1,1.0,-1,1.0,-1,1.0
231200,攻撃力補正【魔法】（倍率）　コスト2　メイン,42300,0.009999999776482582,12,5012,2300,0,1,1,1,1,1,1,45,-1,1.0,-1,1.0,-1,1.0,-1,1.0
231300,攻撃力補正【魔法】（倍率）　コスト3　メイン,32300,0.009999999776482582,13,5013,2300,0,1,1,1,1,1,1,45,-1,1.0,-1,1.0,-1,1.0,-1,1.0
231400,攻撃力補正【魔法】（倍率）　コスト4　メイン,22300,0.009999999776482582,14,5014,2300,0,1,1,1,1,1,1,45,-1,1.0,-1,1.0,-1,1.0,-1,1.0
231500,攻撃力補正【魔法】（倍率）　コスト5　メイン,12300,0.009999999776482582,15,5015,2300,0,1,1,1,1,1,1,45,-1,1.0,-1,1.0,-1,1.0,-1,1.0
231600,攻撃力補正【魔法】（倍率）　コスト6　メイン,2300,0.009999999776482582,16,5016,2300,0,1,1,1,1,1,1,45,-1,1.0,-1,1.0,-1,1.0,-1,1.0
239100,特攻ダメージ【獣】（倍率）+　コスト1　サブ ダンジョンB,152390,0.009999999776482582,1,4001,2400,0,1,1,1,1,1,1,34,-1,1.0,-1,1.0,-1,1.0,-1,1.0
239200,特攻ダメージ【獣】（倍率）+　コスト2　サブ ダンジョンB,142390,0.009999999776482582,2,4002,2400,0,1,1,1,1,1,1,34,-1,1.0,-1,1.0,-1,1.0,-1,1.0
239300,特攻ダメージ【獣】（倍率）+　コスト3　サブ ダンジョンB,132390,0.009999999776482582,3,4003,2400,0,1,1,1,1,1,1,34,-1,1.0,-1,1.0,-1,1.0,-1,1.0
239400,特攻ダメージ【獣】（倍率）+　コスト4　サブ ダンジョンB,122390,0.009999999776482582,4,4004,2400,0,1,1,1,1,1,1,34,-1,1.0,-1,1.0,-1,1.0,-1,1.0
239500,特攻ダメージ【獣】（倍率）+　コスト5　サブ ダンジョンB,112390,0.009999999776482582,5,4005,2400,0,1,1,1,1,1,1,34,-1,1.0,-1,1.0,-1,1.0,-1,1.0
239600,特攻ダメージ【獣】（倍率）+　コスト6　サブ ダンジョンB,102390,0.009999999776482582,6,4006,2400,0,1,1,1,1,1,1,34,-1,1.0,-1,1.0,-1,1.0,-1,1.0
240100,特攻ダメージ【獣】（倍率）+　コスト1　サブ,152400,0.009999999776482582,1,3001,2400,0,1,1,1,1,1,1,22,-1,1.0,-1,1.0,-1,1.0,-1,1.0
240200,特攻ダメージ【獣】（倍率）+　コスト2　サブ,142400,0.009999999776482582,2,3002,2400,0,1,1,1,1,1,1,22,-1,1.0,-1,1.0,-1,1.0,-1,1.0
240300,特攻ダメージ【獣】（倍率）+　コスト3　サブ,132400,0.009999999776482582,3,3003,2400,0,1,1,1,1,1,1,22,-1,1.0,-1,1.0,-1,1.0,-1,1.0
240400,特攻ダメージ【獣】（倍率）+　コスト4　サブ,122400,0.009999999776482582,4,3004,2400,0,1,1,1,1,1,1,22,-1,1.0,-1,1.0,-1,1.0,-1,1.0
240500,特攻ダメージ【獣】（倍率）+　コスト5　サブ,112400,0.009999999776482582,5,3005,2400,0,1,1,1,1,1,1,22,-1,1.0,-1,1.0,-1,1.0,-1,1.0
240600,特攻ダメージ【獣】（倍率）+　コスト6　サブ,102400,0.009999999776482582,6,3006,2400,0,1,1,1,1,1,1,22,-1,1.0,-1,1.0,-1,1.0,-1,1.0
241100,特攻ダメージ【獣】（倍率）+　コスト1　メイン,52400,0.009999999776482582,11,3011,2400,0,1,1,1,1,1,1,22,-1,1.0,-1,1.0,-1,1.0,-1,1.0
241200,特攻ダメージ【獣】（倍率）+　コスト2　メイン,42400,0.009999999776482582,12,3012,2400,0,1,1,1,1,1,1,22,-1,1.0,-1,1.0,-1,1.0,-1,1.0
241300,特攻ダメージ【獣】（倍率）+　コスト3　メイン,32400,0.009999999776482582,13,3013,2400,0,1,1,1,1,1,1,22,-1,1.0,-1,1.0,-1,1.0,-1,1.0
241400,特攻ダメージ【獣】（倍率）+　コスト4　メイン,22400,0.009999999776482582,14,3014,2400,0,1,1,1,1,1,1,22,-1,1.0,-1,1.0,-1,1.0,-1,1.0
241500,特攻ダメージ【獣】（倍率）+　コスト5　メイン,12400,0.009999999776482582,15,3015,2400,0,1,1,1,1,1,1,22,-1,1.0,-1,1.0,-1,1.0,-1,1.0
241600,特攻ダメージ【獣】（倍率）+　コスト6　メイン,2400,0.009999999776482582,16,3016,2400,0,1,1,1,1,1,1,22,-1,1.0,-1,1.0,-1,1.0,-1,1.0
242100,特攻ダメージ【獣】（倍率）+　コスト1　メイン ダンジョンB,52410,0.009999999776482582,11,4011,2400,0,1,1,1,1,1,1,34,-1,1.0,-1,1.0,-1,1.0,-1,1.0
242200,特攻ダメージ【獣】（倍率）+　コスト2　メイン ダンジョンB,42410,0.009999999776482582,12,4012,2400,0,1,1,1,1,1,1,34,-1,1.0,-1,1.0,-1,1.0,-1,1.0
242300,特攻ダメージ【獣】（倍率）+　コスト3　メイン ダンジョンB,32410,0.009999999776482582,13,4013,2400,0,1,1,1,1,1,1,34,-1,1.0,-1,1.0,-1,1.0,-1,1.0
242400,特攻ダメージ【獣】（倍率）+　コスト4　メイン ダンジョンB,22410,0.009999999776482582,14,4014,2400,0,1,1,1,1,1,1,34,-1,1.0,-1,1.0,-1,1.0,-1,1.0
242500,特攻ダメージ【獣】（倍率）+　コスト5　メイン ダンジョンB,12410,0.009999999776482582,15,4015,2400,0,1,1,1,1,1,1,34,-1,1.0,-1,1.0,-1,1.0,-1,1.0
242600,特攻ダメージ【獣】（倍率）+　コスト6　メイン ダンジョンB,2410,0.009999999776482582,16,4016,2400,0,1,1,1,1,1,1,34,-1,1.0,-1,1.0,-1,1.0,-1,1.0
250100,特攻ダメージ【獣】（倍率）-　コスト1　サブ,352500,0.009999999776482582,101,101,2400,1,1,1,1,1,1,1,9,-1,1.0,-1,1.0,-1,1.0,-1,1.0
250200,特攻ダメージ【獣】（倍率）-　コスト2　サブ,342500,0.009999999776482582,102,102,2400,1,1,1,1,1,1,1,9,-1,1.0,-1,1.0,-1,1.0,-1,1.0
250300,特攻ダメージ【獣】（倍率）-　コスト3　サブ,332500,0.009999999776482582,103,103,2400,1,1,1,1,1,1,1,9,-1,1.0,-1,1.0,-1,1.0,-1,1.0
250400,特攻ダメージ【獣】（倍率）-　コスト4　サブ,322500,0.009999999776482582,104,104,2400,1,1,1,1,1,1,1,9,-1,1.0,-1,1.0,-1,1.0,-1,1.0
250500,特攻ダメージ【獣】（倍率）-　コスト5　サブ,312500,0.009999999776482582,105,105,2400,1,1,1,1,1,1,1,9,-1,1.0,-1,1.0,-1,1.0,-1,1.0
250600,特攻ダメージ【獣】（倍率）-　コスト6　サブ,302500,0.009999999776482582,106,106,2400,1,1,1,1,1,1,1,9,-1,1.0,-1,1.0,-1,1.0,-1,1.0
259100,特攻ダメージ【月】（倍率）+　コスト1　サブ ダンジョンB,152590,0.009999999776482582,1,4001,2600,0,1,1,1,1,1,1,34,-1,1.0,-1,1.0,-1,1.0,-1,1.0
259200,特攻ダメージ【月】（倍率）+　コスト2　サブ ダンジョンB,142590,0.009999999776482582,2,4002,2600,0,1,1,1,1,1,1,34,-1,1.0,-1,1.0,-1,1.0,-1,1.0
259300,特攻ダメージ【月】（倍率）+　コスト3　サブ ダンジョンB,132590,0.009999999776482582,3,4003,2600,0,1,1,1,1,1,1,34,-1,1.0,-1,1.0,-1,1.0,-1,1.0
259400,特攻ダメージ【月】（倍率）+　コスト4　サブ ダンジョンB,122590,0.009999999776482582,4,4004,2600,0,1,1,1,1,1,1,34,-1,1.0,-1,1.0,-1,1.0,-1,1.0
259500,特攻ダメージ【月】（倍率）+　コスト5　サブ ダンジョンB,112590,0.009999999776482582,5,4005,2600,0,1,1,1,1,1,1,34,-1,1.0,-1,1.0,-1,1.0,-1,1.0
259600,特攻ダメージ【月】（倍率）+　コスト6　サブ ダンジョンB,102590,0.009999999776482582,6,4006,2600,0,1,1,1,1,1,1,34,-1,1.0,-1,1.0,-1,1.0,-1,1.0
260100,特攻ダメージ【月】（倍率）+　コスト1　サブ,152600,0.009999999776482582,1,3001,2600,0,1,1,1,1,1,1,22,-1,1.0,-1,1.0,-1,1.0,-1,1.0
260200,特攻ダメージ【月】（倍率）+　コスト2　サブ,142600,0.009999999776482582,2,3002,2600,0,1,1,1,1,1,1,22,-1,1.0,-1,1.0,-1,1.0,-1,1.0
260300,特攻ダメージ【月】（倍率）+　コスト3　サブ,132600,0.009999999776482582,3,3003,2600,0,1,1,1,1,1,1,22,-1,1.0,-1,1.0,-1,1.0,-1,1.0
260400,特攻ダメージ【月】（倍率）+　コスト4　サブ,122600,0.009999999776482582,4,3004,2600,0,1,1,1,1,1,1,22,-1,1.0,-1,1.0,-1,1.0,-1,1.0
260500,特攻ダメージ【月】（倍率）+　コスト5　サブ,112600,0.009999999776482582,5,3005,2600,0,1,1,1,1,1,1,22,-1,1.0,-1,1.0,-1,1.0,-1,1.0
260600,特攻ダメージ【月】（倍率）+　コスト6　サブ,102600,0.009999999776482582,6,3006,2600,0,1,1,1,1,1,1,22,-1,1.0,-1,1.0,-1,1.0,-1,1.0
261100,特攻ダメージ【月】（倍率）+　コスト1　メイン,52600,0.009999999776482582,11,3011,2600,0,1,1,1,1,1,1,22,-1,1.0,-1,1.0,-1,1.0,-1,1.0
261200,特攻ダメージ【月】（倍率）+　コスト2　メイン,42600,0.009999999776482582,12,3012,2600,0,1,1,1,1,1,1,22,-1,1.0,-1,1.0,-1,1.0,-1,1.0
261300,特攻ダメージ【月】（倍率）+　コスト3　メイン,32600,0.009999999776482582,13,3013,2600,0,1,1,1,1,1,1,22,-1,1.0,-1,1.0,-1,1.0,-1,1.0
261400,特攻ダメージ【月】（倍率）+　コスト4　メイン,22600,0.009999999776482582,14,3014,2600,0,1,1,1,1,1,1,22,-1,1.0,-1,1.0,-1,1.0,-1,1.0
261500,特攻ダメージ【月】（倍率）+　コスト5　メイン,12600,0.009999999776482582,15,3015,2600,0,1,1,1,1,1,1,22,-1,1.0,-1,1.0,-1,1.0,-1,1.0
261600,特攻ダメージ【月】（倍率）+　コスト6　メイン,2600,0.009999999776482582,16,3016,2600,0,1,1,1,1,1,1,22,-1,1.0,-1,1.0,-1,1.0,-1,1.0
262100,特攻ダメージ【月】（倍率）+　コスト1　メイン ダンジョンB,52610,0.009999999776482582,11,4011,2600,0,1,1,1,1,1,1,34,-1,1.0,-1,1.0,-1,1.0,-1,1.0
262200,特攻ダメージ【月】（倍率）+　コスト2　メイン ダンジョンB,42610,0.009999999776482582,12,4012,2600,0,1,1,1,1,1,1,34,-1,1.0,-1,1.0,-1,1.0,-1,1.0
262300,特攻ダメージ【月】（倍率）+　コスト3　メイン ダンジョンB,32610,0.009999999776482582,13,4013,2600,0,1,1,1,1,1,1,34,-1,1.0,-1,1.0,-1,1.0,-1,1.0
262400,特攻ダメージ【月】（倍率）+　コスト4　メイン ダンジョンB,22610,0.009999999776482582,14,4014,2600,0,1,1,1,1,1,1,34,-1,1.0,-1,1.0,-1,1.0,-1,1.0
262500,特攻ダメージ【月】（倍率）+　コスト5　メイン ダンジョンB,12610,0.009999999776482582,15,4015,2600,0,1,1,1,1,1,1,34,-1,1.0,-1,1.0,-1,1.0,-1,1.0
262600,特攻ダメージ【月】（倍率）+　コスト6　メイン ダンジョンB,2610,0.009999999776482582,16,4016,2600,0,1,1,1,1,1,1,34,-1,1.0,-1,1.0,-1,1.0,-1,1.0
270100,特攻ダメージ【月】（倍率）-　コスト1　サブ,352700,0.009999999776482582,101,101,2600,1,1,1,1,1,1,1,9,-1,1.0,-1,1.0,-1,1.0,-1,1.0
270200,特攻ダメージ【月】（倍率）-　コスト2　サブ,342700,0.009999999776482582,102,102,2600,1,1,1,1,1,1,1,9,-1,1.0,-1,1.0,-1,1.0,-1,1.0
270300,特攻ダメージ【月】（倍率）-　コスト3　サブ,332700,0.009999999776482582,103,103,2600,1,1,1,1,1,1,1,9,-1,1.0,-1,1.0,-1,1.0,-1,1.0
270400,特攻ダメージ【月】（倍率）-　コスト4　サブ,322700,0.009999999776482582,104,104,2600,1,1,1,1,1,1,1,9,-1,1.0,-1,1.0,-1,1.0,-1,1.0
270500,特攻ダメージ【月】（倍率）-　コスト5　サブ,312700,0.009999999776482582,105,105,2600,1,1,1,1,1,1,1,9,-1,1.0,-1,1.0,-1,1.0,-1,1.0
270600,特攻ダメージ【月】（倍率）-　コスト6　サブ,302700,0.009999999776482582,106,106,2600,1,1,1,1,1,1,1,9,-1,1.0,-1,1.0,-1,1.0,-1,1.0
279100,状態異常攻撃力【毒】（固定値）　コスト1　サブ ダンジョンB,152790,0.029999999329447746,1,4001,2800,0,1,1,1,1,1,1,34,-1,1.0,-1,1.0,-1,1.0,-1,1.0
279200,状態異常攻撃力【毒】（固定値）　コスト2　サブ ダンジョンB,142790,0.029999999329447746,2,4002,2800,0,1,1,1,1,1,1,34,-1,1.0,-1,1.0,-1,1.0,-1,1.0
279300,状態異常攻撃力【毒】（固定値）　コスト3　サブ ダンジョンB,132790,0.029999999329447746,3,4003,2800,0,1,1,1,1,1,1,34,-1,1.0,-1,1.0,-1,1.0,-1,1.0
279400,状態異常攻撃力【毒】（固定値）　コスト4　サブ ダンジョンB,122790,0.029999999329447746,4,4004,2800,0,1,1,1,1,1,1,34,-1,1.0,-1,1.0,-1,1.0,-1,1.0
279500,状態異常攻撃力【毒】（固定値）　コスト5　サブ ダンジョンB,112790,0.029999999329447746,5,4005,2800,0,1,1,1,1,1,1,34,-1,1.0,-1,1.0,-1,1.0,-1,1.0
279600,状態異常攻撃力【毒】（固定値）　コスト6　サブ ダンジョンB,102790,0.029999999329447746,6,4006,2800,0,1,1,1,1,1,1,34,-1,1.0,-1,1.0,-1,1.0,-1,1.0
280100,状態異常攻撃力【毒】（固定値）　コスト1　サブ,152800,0.029999999329447746,1,3001,2800,0,1,1,1,1,1,1,22,-1,1.0,-1,1.0,-1,1.0,-1,1.0
280200,状態異常攻撃力【毒】（固定値）　コスト2　サブ,142800,0.029999999329447746,2,3002,2800,0,1,1,1,1,1,1,22,-1,1.0,-1,1.0,-1,1.0,-1,1.0
280300,状態異常攻撃力【毒】（固定値）　コスト3　サブ,132800,0.029999999329447746,3,3003,2800,0,1,1,1,1,1,1,22,-1,1.0,-1,1.0,-1,1.0,-1,1.0
280400,状態異常攻撃力【毒】（固定値）　コスト4　サブ,122800,0.029999999329447746,4,3004,2800,0,1,1,1,1,1,1,22,-1,1.0,-1,1.0,-1,1.0,-1,1.0
280500,状態異常攻撃力【毒】（固定値）　コスト5　サブ,112800,0.029999999329447746,5,3005,2800,0,1,1,1,1,1,1,22,-1,1.0,-1,1.0,-1,1.0,-1,1.0
280600,状態異常攻撃力【毒】（固定値）　コスト6　サブ,102800,0.029999999329447746,6,3006,2800,0,1,1,1,1,1,1,22,-1,1.0,-1,1.0,-1,1.0,-1,1.0
281100,状態異常攻撃力【毒】（固定値）　コスト1　メイン,52800,0.029999999329447746,11,3011,2800,0,1,1,1,1,1,1,22,-1,1.0,-1,1.0,-1,1.0,-1,1.0
281200,状態異常攻撃力【毒】（固定値）　コスト2　メイン,42800,0.029999999329447746,12,3012,2800,0,1,1,1,1,1,1,22,-1,1.0,-1,1.0,-1,1.0,-1,1.0
281300,状態異常攻撃力【毒】（固定値）　コスト3　メイン,32800,0.029999999329447746,13,3013,2800,0,1,1,1,1,1,1,22,-1,1.0,-1,1.0,-1,1.0,-1,1.0
281400,状態異常攻撃力【毒】（固定値）　コスト4　メイン,22800,0.029999999329447746,14,3014,2800,0,1,1,1,1,1,1,22,-1,1.0,-1,1.0,-1,1.0,-1,1.0
281500,状態異常攻撃力【毒】（固定値）　コスト5　メイン,12800,0.029999999329447746,15,3015,2800,0,1,1,1,1,1,1,22,-1,1.0,-1,1.0,-1,1.0,-1,1.0
281600,状態異常攻撃力【毒】（固定値）　コスト6　メイン,2800,0.029999999329447746,16,3016,2800,0,1,1,1,1,1,1,22,-1,1.0,-1,1.0,-1,1.0,-1,1.0
282100,状態異常攻撃力【毒】（固定値）　コスト1　メイン ダンジョンB,52810,0.029999999329447746,11,4011,2800,0,1,1,1,1,1,1,34,-1,1.0,-1,1.0,-1,1.0,-1,1.0
282200,状態異常攻撃力【毒】（固定値）　コスト2　メイン ダンジョンB,42810,0.029999999329447746,12,4012,2800,0,1,1,1,1,1,1,34,-1,1.0,-1,1.0,-1,1.0,-1,1.0
282300,状態異常攻撃力【毒】（固定値）　コスト3　メイン ダンジョンB,32810,0.029999999329447746,13,4013,2800,0,1,1,1,1,1,1,34,-1,1.0,-1,1.0,-1,1.0,-1,1.0
282400,状態異常攻撃力【毒】（固定値）　コスト4　メイン ダンジョンB,22810,0.029999999329447746,14,4014,2800,0,1,1,1,1,1,1,34,-1,1.0,-1,1.0,-1,1.0,-1,1.0
282500,状態異常攻撃力【毒】（固定値）　コスト5　メイン ダンジョンB,12810,0.029999999329447746,15,4015,2800,0,1,1,1,1,1,1,34,-1,1.0,-1,1.0,-1,1.0,-1,1.0
282600,状態異常攻撃力【毒】（固定値）　コスト6　メイン ダンジョンB,2810,0.029999999329447746,16,4016,2800,0,1,1,1,1,1,1,34,-1,1.0,-1,1.0,-1,1.0,-1,1.0
289100,状態異常攻撃力【出血】（固定値）　コスト1　サブ ダンジョンB,152890,0.029999999329447746,1,4001,2900,0,1,1,1,1,1,1,34,-1,1.0,-1,1.0,-1,1.0,-1,1.0
289200,状態異常攻撃力【出血】（固定値）　コスト2　サブ ダンジョンB,142890,0.029999999329447746,2,4002,2900,0,1,1,1,1,1,1,34,-1,1.0,-1,1.0,-1,1.0,-1,1.0
289300,状態異常攻撃力【出血】（固定値）　コスト3　サブ ダンジョンB,132890,0.029999999329447746,3,4003,2900,0,1,1,1,1,1,1,34,-1,1.0,-1,1.0,-1,1.0,-1,1.0
289400,状態異常攻撃力【出血】（固定値）　コスト4　サブ ダンジョンB,122890,0.029999999329447746,4,4004,2900,0,1,1,1,1,1,1,34,-1,1.0,-1,1.0,-1,1.0,-1,1.0
289500,状態異常攻撃力【出血】（固定値）　コスト5　サブ ダンジョンB,112890,0.029999999329447746,5,4005,2900,0,1,1,1,1,1,1,34,-1,1.0,-1,1.0,-1,1.0,-1,1.0
289600,状態異常攻撃力【出血】（固定値）　コスト6　サブ ダンジョンB,102890,0.029999999329447746,6,4006,2900,0,1,1,1,1,1,1,34,-1,1.0,-1,1.0,-1,1.0,-1,1.0
290100,状態異常攻撃力【出血】（固定値）　コスト1　サブ,152900,0.029999999329447746,1,3001,2900,0,1,1,1,1,1,1,22,-1,1.0,-1,1.0,-1,1.0,-1,1.0
290200,状態異常攻撃力【出血】（固定値）　コスト2　サブ,142900,0.029999999329447746,2,3002,2900,0,1,1,1,1,1,1,22,-1,1.0,-1,1.0,-1,1.0,-1,1.0
290300,状態異常攻撃力【出血】（固定値）　コスト3　サブ,132900,0.029999999329447746,3,3003,2900,0,1,1,1,1,1,1,22,-1,1.0,-1,1.0,-1,1.0,-1,1.0
290400,状態異常攻撃力【出血】（固定値）　コスト4　サブ,122900,0.029999999329447746,4,3004,2900,0,1,1,1,1,1,1,22,-1,1.0,-1,1.0,-1,1.0,-1,1.0
290500,状態異常攻撃力【出血】（固定値）　コスト5　サブ,112900,0.029999999329447746,5,3005,2900,0,1,1,1,1,1,1,22,-1,1.0,-1,1.0,-1,1.0,-1,1.0
290600,状態異常攻撃力【出血】（固定値）　コスト6　サブ,102900,0.029999999329447746,6,3006,2900,0,1,1,1,1,1,1,22,-1,1.0,-1,1.0,-1,1.0,-1,1.0
291100,状態異常攻撃力【出血】（固定値）　コスト1　メイン,52900,0.029999999329447746,11,3011,2900,0,1,1,1,1,1,1,22,-1,1.0,-1,1.0,-1,1.0,-1,1.0
291200,状態異常攻撃力【出血】（固定値）　コスト2　メイン,42900,0.029999999329447746,12,3012,2900,0,1,1,1,1,1,1,22,-1,1.0,-1,1.0,-1,1.0,-1,1.0
291300,状態異常攻撃力【出血】（固定値）　コスト3　メイン,32900,0.029999999329447746,13,3013,2900,0,1,1,1,1,1,1,22,-1,1.0,-1,1.0,-1,1.0,-1,1.0
291400,状態異常攻撃力【出血】（固定値）　コスト4　メイン,22900,0.029999999329447746,14,3014,2900,0,1,1,1,1,1,1,22,-1,1.0,-1,1.0,-1,1.0,-1,1.0
291500,状態異常攻撃力【出血】（固定値）　コスト5　メイン,12900,0.029999999329447746,15,3015,2900,0,1,1,1,1,1,1,22,-1,1.0,-1,1.0,-1,1.0,-1,1.0
291600,状態異常攻撃力【出血】（固定値）　コスト6　メイン,2900,0.029999999329447746,16,3016,2900,0,1,1,1,1,1,1,22,-1,1.0,-1,1.0,-1,1.0,-1,1.0
292100,状態異常攻撃力【出血】（固定値）　コスト1　メイン ダンジョンB,52910,0.029999999329447746,11,4011,2900,0,1,1,1,1,1,1,34,-1,1.0,-1,1.0,-1,1.0,-1,1.0
292200,状態異常攻撃力【出血】（固定値）　コスト2　メイン ダンジョンB,42910,0.029999999329447746,12,4012,2900,0,1,1,1,1,1,1,34,-1,1.0,-1,1.0,-1,1.0,-1,1.0
292300,状態異常攻撃力【出血】（固定値）　コスト3　メイン ダンジョンB,32910,0.029999999329447746,13,4013,2900,0,1,1,1,1,1,1,34,-1,1.0,-1,1.0,-1,1.0,-1,1.0
292400,状態異常攻撃力【出血】（固定値）　コスト4　メイン ダンジョンB,22910,0.029999999329447746,14,4014,2900,0,1,1,1,1,1,1,34,-1,1.0,-1,1.0,-1,1.0,-1,1.0
292500,状態異常攻撃力【出血】（固定値）　コスト5　メイン ダンジョンB,12910,0.029999999329447746,15,4015,2900,0,1,1,1,1,1,1,34,-1,1.0,-1,1.0,-1,1.0,-1,1.0
292600,状態異常攻撃力【出血】（固定値）　コスト6　メイン ダンジョンB,2910,0.029999999329447746,16,4016,2900,0,1,1,1,1,1,1,34,-1,1.0,-1,1.0,-1,1.0,-1,1.0
300100,カウンターダメージ（倍率）　コスト1　サブ,153000,0.029999999329447746,1,1001,3000,0,1,1,1,1,1,1,14,-1,1.0,-1,1.0,-1,1.0,-1,1.0
300200,カウンターダメージ（倍率）　コスト2　サブ,143000,0.029999999329447746,2,1002,3000,0,1,1,1,1,1,1,14,-1,1.0,-1,1.0,-1,1.0,-1,1.0
300300,カウンターダメージ（倍率）　コスト3　サブ,133000,0.029999999329447746,3,1003,3000,0,1,1,1,1,1,1,14,-1,1.0,-1,1.0,-1,1.0,-1,1.0
300400,カウンターダメージ（倍率）　コスト4　サブ,123000,0.029999999329447746,4,1004,3000,0,1,1,1,1,1,1,14,-1,1.0,-1,1.0,-1,1.0,-1,1.0
300500,カウンターダメージ（倍率）　コスト5　サブ,113000,0.029999999329447746,5,1005,3000,0,1,1,1,1,1,1,14,-1,1.0,-1,1.0,-1,1.0,-1,1.0
300600,カウンターダメージ（倍率）　コスト6　サブ,103000,0.029999999329447746,6,1006,3000,0,1,1,1,1,1,1,14,-1,1.0,-1,1.0,-1,1.0,-1,1.0
310100,攻撃時スタミナ消費（倍率）+　コスト1　サブ,153100,0.029999999329447746,1,1001,3100,0,1,1,1,1,1,1,12,-1,1.0,-1,1.0,-1,1.0,-1,1.0
310200,攻撃時スタミナ消費（倍率）+　コスト2　サブ,143100,0.029999999329447746,2,1002,3100,0,1,1,1,1,1,1,12,-1,1.0,-1,1.0,-1,1.0,-1,1.0
310300,攻撃時スタミナ消費（倍率）+　コスト3　サブ,133100,0.029999999329447746,3,1003,3100,0,1,1,1,1,1,1,12,-1,1.0,-1,1.0,-1,1.0,-1,1.0
310400,攻撃時スタミナ消費（倍率）+　コスト4　サブ,123100,0.029999999329447746,4,1004,3100,0,1,1,1,1,1,1,12,-1,1.0,-1,1.0,-1,1.0,-1,1.0
310500,攻撃時スタミナ消費（倍率）+　コスト5　サブ,113100,0.029999999329447746,5,1005,3100,0,1,1,1,1,1,1,12,-1,1.0,-1,1.0,-1,1.0,-1,1.0
310600,攻撃時スタミナ消費（倍率）+　コスト6　サブ,103100,0.029999999329447746,6,1006,3100,0,1,1,1,1,1,1,12,-1,1.0,-1,1.0,-1,1.0,-1,1.0
311100,攻撃時スタミナ消費（倍率）+　コスト1　メイン,53100,0.029999999329447746,11,1011,3100,0,1,1,1,1,1,1,12,-1,1.0,-1,1.0,-1,1.0,-1,1.0
311200,攻撃時スタミナ消費（倍率）+　コスト2　メイン,43100,0.029999999329447746,12,1012,3100,0,1,1,1,1,1,1,12,-1,1.0,-1,1.0,-1,1.0,-1,1.0
311300,攻撃時スタミナ消費（倍率）+　コスト3　メイン,33100,0.029999999329447746,13,1013,3100,0,1,1,1,1,1,1,12,-1,1.0,-1,1.0,-1,1.0,-1,1.0
311400,攻撃時スタミナ消費（倍率）+　コスト4　メイン,23100,0.029999999329447746,14,1014,3100,0,1,1,1,1,1,1,12,-1,1.0,-1,1.0,-1,1.0,-1,1.0
311500,攻撃時スタミナ消費（倍率）+　コスト5　メイン,13100,0.029999999329447746,15,1015,3100,0,1,1,1,1,1,1,12,-1,1.0,-1,1.0,-1,1.0,-1,1.0
311600,攻撃時スタミナ消費（倍率）+　コスト6　メイン,3100,0.029999999329447746,16,1016,3100,0,1,1,1,1,1,1,12,-1,1.0,-1,1.0,-1,1.0,-1,1.0
320100,攻撃時スタミナ消費（倍率）-　コスト1　サブ,353200,0.009999999776482582,101,101,3100,1,1,1,1,1,1,1,9,-1,1.0,-1,1.0,-1,1.0,-1,1.0
320200,攻撃時スタミナ消費（倍率）-　コスト2　サブ,343200,0.009999999776482582,102,102,3100,1,1,1,1,1,1,1,9,-1,1.0,-1,1.0,-1,1.0,-1,1.0
320300,攻撃時スタミナ消費（倍率）-　コスト3　サブ,333200,0.009999999776482582,103,103,3100,1,1,1,1,1,1,1,9,-1,1.0,-1,1.0,-1,1.0,-1,1.0
320400,攻撃時スタミナ消費（倍率）-　コスト4　サブ,323200,0.009999999776482582,104,104,3100,1,1,1,1,1,1,1,9,-1,1.0,-1,1.0,-1,1.0,-1,1.0
320500,攻撃時スタミナ消費（倍率）-　コスト5　サブ,313200,0.009999999776482582,105,105,3100,1,1,1,1,1,1,1,9,-1,1.0,-1,1.0,-1,1.0,-1,1.0
320600,攻撃時スタミナ消費（倍率）-　コスト6　サブ,303200,0.009999999776482582,106,106,3100,1,1,1,1,1,1,1,9,-1,1.0,-1,1.0,-1,1.0,-1,1.0
330100,溜め攻撃力（倍率）　コスト1　サブ,153300,0.029999999329447746,1,1001,3300,0,1,1,1,1,1,1,13,-1,1.0,-1,1.0,-1,1.0,-1,1.0
330200,溜め攻撃力（倍率）　コスト2　サブ,143300,0.029999999329447746,2,1002,3300,0,1,1,1,1,1,1,13,-1,1.0,-1,1.0,-1,1.0,-1,1.0
330300,溜め攻撃力（倍率）　コスト3　サブ,133300,0.029999999329447746,3,1003,3300,0,1,1,1,1,1,1,13,-1,1.0,-1,1.0,-1,1.0,-1,1.0
330400,溜め攻撃力（倍率）　コスト4　サブ,123300,0.029999999329447746,4,1004,3300,0,1,1,1,1,1,1,13,-1,1.0,-1,1.0,-1,1.0,-1,1.0
330500,溜め攻撃力（倍率）　コスト5　サブ,113300,0.029999999329447746,5,1005,3300,0,1,1,1,1,1,1,13,-1,1.0,-1,1.0,-1,1.0,-1,1.0
330600,溜め攻撃力（倍率）　コスト6　サブ,103300,0.029999999329447746,6,1006,3300,0,1,1,1,1,1,1,13,-1,1.0,-1,1.0,-1,1.0,-1,1.0
331100,溜め攻撃力（倍率）　コスト1　メイン,53300,0.05000000074505806,11,1011,3300,0,1,1,1,1,1,1,13,-1,1.0,-1,1.0,-1,1.0,-1,1.0
331200,溜め攻撃力（倍率）　コスト2　メイン,43300,0.05000000074505806,12,1012,3300,0,1,1,1,1,1,1,13,-1,1.0,-1,1.0,-1,1.0,-1,1.0
331300,溜め攻撃力（倍率）　コスト3　メイン,33300,0.05000000074505806,13,1013,3300,0,1,1,1,1,1,1,13,-1,1.0,-1,1.0,-1,1.0,-1,1.0
331400,溜め攻撃力（倍率）　コスト4　メイン,23300,0.05000000074505806,14,1014,3300,0,1,1,1,1,1,1,13,-1,1.0,-1,1.0,-1,1.0,-1,1.0
331500,溜め攻撃力（倍率）　コスト5　メイン,13300,0.05000000074505806,15,1015,3300,0,1,1,1,1,1,1,13,-1,1.0,-1,1.0,-1,1.0,-1,1.0
331600,溜め攻撃力（倍率）　コスト6　メイン,3300,0.05000000074505806,16,1016,3300,0,1,1,1,1,1,1,13,-1,1.0,-1,1.0,-1,1.0,-1,1.0
340100,HPリジェネ+　コスト1　サブ,153400,0.029999999329447746,1,4001,3400,0,1,1,1,1,1,1,34,-1,1.0,-1,1.0,-1,1.0,-1,1.0
340200,HPリジェネ+　コスト2　サブ,143400,0.029999999329447746,2,4002,3400,0,1,1,1,1,1,1,34,-1,1.0,-1,1.0,-1,1.0,-1,1.0
340300,HPリジェネ+　コスト3　サブ,133400,0.029999999329447746,3,4003,3400,0,1,1,1,1,1,1,34,-1,1.0,-1,1.0,-1,1.0,-1,1.0
340400,HPリジェネ+　コスト4　サブ,123400,0.029999999329447746,4,4004,3400,0,1,1,1,1,1,1,34,-1,1.0,-1,1.0,-1,1.0,-1,1.0
340500,HPリジェネ+　コスト5　サブ,113400,0.029999999329447746,5,4005,3400,0,1,1,1,1,1,1,34,-1,1.0,-1,1.0,-1,1.0,-1,1.0
340600,HPリジェネ+　コスト6　サブ,103400,0.029999999329447746,6,4006,3400,0,1,1,1,1,1,1,34,-1,1.0,-1,1.0,-1,1.0,-1,1.0
341100,HPリジェネ+　コスト1　メイン,53400,0.029999999329447746,11,4011,3400,0,1,1,1,1,1,1,35,-1,1.0,-1,1.0,-1,1.0,-1,1.0
341200,HPリジェネ+　コスト2　メイン,43400,0.029999999329447746,12,4012,3400,0,1,1,1,1,1,1,35,-1,1.0,-1,1.0,-1,1.0,-1,1.0
341300,HPリジェネ+　コスト3　メイン,33400,0.029999999329447746,13,4013,3400,0,1,1,1,1,1,1,35,-1,1.0,-1,1.0,-1,1.0,-1,1.0
341400,HPリジェネ+　コスト4　メイン,23400,0.029999999329447746,14,4014,3400,0,1,1,1,1,1,1,35,-1,1.0,-1,1.0,-1,1.0,-1,1.0
341500,HPリジェネ+　コスト5　メイン,13400,0.029999999329447746,15,4015,3400,0,1,1,1,1,1,1,35,-1,1.0,-1,1.0,-1,1.0,-1,1.0
341600,HPリジェネ+　コスト6　メイン,3400,0.029999999329447746,16,4016,3400,0,1,1,1,1,1,1,35,-1,1.0,-1,1.0,-1,1.0,-1,1.0
350100,HPリジェネ-　コスト1　サブ,353500,0.009999999776482582,101,101,3400,1,1,1,1,1,1,1,9,-1,1.0,-1,1.0,-1,1.0,-1,1.0
350200,HPリジェネ-　コスト2　サブ,343500,0.009999999776482582,102,102,3400,1,1,1,1,1,1,1,9,-1,1.0,-1,1.0,-1,1.0,-1,1.0
350300,HPリジェネ-　コスト3　サブ,333500,0.009999999776482582,103,103,3400,1,1,1,1,1,1,1,9,-1,1.0,-1,1.0,-1,1.0,-1,1.0
350400,HPリジェネ-　コスト4　サブ,323500,0.009999999776482582,104,104,3400,1,1,1,1,1,1,1,9,-1,1.0,-1,1.0,-1,1.0,-1,1.0
350500,HPリジェネ-　コスト5　サブ,313500,0.009999999776482582,105,105,3400,1,1,1,1,1,1,1,9,-1,1.0,-1,1.0,-1,1.0,-1,1.0
350600,HPリジェネ-　コスト6　サブ,303500,0.009999999776482582,106,106,3400,1,1,1,1,1,1,1,9,-1,1.0,-1,1.0,-1,1.0,-1,1.0
360100,リゲイン回復量（倍率）　コスト1　サブ,153600,0.05000000074505806,1,4001,3600,0,1,1,1,1,1,1,34,-1,1.0,-1,1.0,-1,1.0,-1,1.0
360200,リゲイン回復量（倍率）　コスト2　サブ,143600,0.05000000074505806,2,4002,3600,0,1,1,1,1,1,1,34,-1,1.0,-1,1.0,-1,1.0,-1,1.0
360300,リゲイン回復量（倍率）　コスト3　サブ,133600,0.05000000074505806,3,4003,3600,0,1,1,1,1,1,1,34,-1,1.0,-1,1.0,-1,1.0,-1,1.0
360400,リゲイン回復量（倍率）　コスト4　サブ,123600,0.05000000074505806,4,4004,3600,0,1,1,1,1,1,1,34,-1,1.0,-1,1.0,-1,1.0,-1,1.0
360500,リゲイン回復量（倍率）　コスト5　サブ,113600,0.05000000074505806,5,4005,3600,0,1,1,1,1,1,1,34,-1,1.0,-1,1.0,-1,1.0,-1,1.0
360600,リゲイン回復量（倍率）　コスト6　サブ,103600,0.05000000074505806,6,4006,3600,0,1,1,1,1,1,1,34,-1,1.0,-1,1.0,-1,1.0,-1,1.0
370100,武器耐久度（固定値）+　コスト1　サブ,153700,0.029999999329447746,1,1001,3700,0,1,1,1,1,1,1,12,-1,1.0,-1,1.0,-1,1.0,-1,1.0
370200,武器耐久度（固定値）+　コスト2　サブ,143700,0.029999999329447746,2,1002,3700,0,1,1,1,1,1,1,12,-1,1.0,-1,1.0,-1,1.0,-1,1.0
370300,武器耐久度（固定値）+　コスト3　サブ,133700,0.029999999329447746,3,1003,3700,0,1,1,1,1,1,1,12,-1,1.0,-1,1.0,-1,1.0,-1,1.0
370400,武器耐久度（固定値）+　コスト4　サブ,123700,0.029999999329447746,4,1004,3700,0,1,1,1,1,1,1,12,-1,1.0,-1,1.0,-1,1.0,-1,1.0
370500,武器耐久度（固定値）+　コスト5　サブ,113700,0.029999999329447746,5,1005,3700,0,1,1,1,1,1,1,12,-1,1.0,-1,1.0,-1,1.0,-1,1.0
370600,武器耐久度（固定値）+　コスト6　サブ,103700,0.029999999329447746,6,1006,3700,0,1,1,1,1,1,1,12,-1,1.0,-1,1.0,-1,1.0,-1,1.0
380100,武器耐久度（固定値）-　コスト1　サブ,353800,0.009999999776482582,101,101,3700,1,1,1,1,1,1,1,9,-1,1.0,-1,1.0,-1,1.0,-1,1.0
380200,武器耐久度（固定値）-　コスト2　サブ,343800,0.009999999776482582,102,102,3700,1,1,1,1,1,1,1,9,-1,1.0,-1,1.0,-1,1.0,-1,1.0
380300,武器耐久度（固定値）-　コスト3　サブ,333800,0.009999999776482582,103,103,3700,1,1,1,1,1,1,1,9,-1,1.0,-1,1.0,-1,1.0,-1,1.0
380400,武器耐久度（固定値）-　コスト4　サブ,323800,0.009999999776482582,104,104,3700,1,1,1,1,1,1,1,9,-1,1.0,-1,1.0,-1,1.0,-1,1.0
380500,武器耐久度（固定値）-　コスト5　サブ,313800,0.009999999776482582,105,105,3700,1,1,1,1,1,1,1,9,-1,1.0,-1,1.0,-1,1.0,-1,1.0
380600,武器耐久度（固定値）-　コスト6　サブ,303800,0.009999999776482582,106,106,3700,1,1,1,1,1,1,1,9,-1,1.0,-1,1.0,-1,1.0,-1,1.0
390100,攻撃力【物理】【HP最大時】（倍率）　コスト1　サブ,153900,0.009999999776482582,1,1001,3900,0,1,1,1,1,1,1,11,-1,1.0,-1,1.0,-1,1.0,-1,1.0
390200,攻撃力【物理】【HP最大時】（倍率）　コスト2　サブ,143900,0.009999999776482582,2,1002,3900,0,1,1,1,1,1,1,11,-1,1.0,-1,1.0,-1,1.0,-1,1.0
390300,攻撃力【物理】【HP最大時】（倍率）　コスト3　サブ,133900,0.009999999776482582,3,1003,3900,0,1,1,1,1,1,1,11,-1,1.0,-1,1.0,-1,1.0,-1,1.0
390400,攻撃力【物理】【HP最大時】（倍率）　コスト4　サブ,123900,0.009999999776482582,4,1004,3900,0,1,1,1,1,1,1,11,-1,1.0,-1,1.0,-1,1.0,-1,1.0
390500,攻撃力【物理】【HP最大時】（倍率）　コスト5　サブ,113900,0.009999999776482582,5,1005,3900,0,1,1,1,1,1,1,11,-1,1.0,-1,1.0,-1,1.0,-1,1.0
390600,攻撃力【物理】【HP最大時】（倍率）　コスト6　サブ,103900,0.009999999776482582,6,1006,3900,0,1,1,1,1,1,1,11,-1,1.0,-1,1.0,-1,1.0,-1,1.0
391100,攻撃力【物理】【HP最大時】（倍率）　コスト1　メイン,53900,0.009999999776482582,11,1011,3900,0,1,1,1,1,1,1,11,-1,1.0,-1,1.0,-1,1.0,-1,1.0
391200,攻撃力【物理】【HP最大時】（倍率）　コスト2　メイン,43900,0.009999999776482582,12,1012,3900,0,1,1,1,1,1,1,11,-1,1.0,-1,1.0,-1,1.0,-1,1.0
391300,攻撃力【物理】【HP最大時】（倍率）　コスト3　メイン,33900,0.009999999776482582,13,1013,3900,0,1,1,1,1,1,1,11,-1,1.0,-1,1.0,-1,1.0,-1,1.0
391400,攻撃力【物理】【HP最大時】（倍率）　コスト4　メイン,23900,0.009999999776482582,14,1014,3900,0,1,1,1,1,1,1,11,-1,1.0,-1,1.0,-1,1.0,-1,1.0
391500,攻撃力【物理】【HP最大時】（倍率）　コスト5　メイン,13900,0.009999999776482582,15,1015,3900,0,1,1,1,1,1,1,11,-1,1.0,-1,1.0,-1,1.0,-1,1.0
391600,攻撃力【物理】【HP最大時】（倍率）　コスト6　メイン,3900,0.009999999776482582,16,1016,3900,0,1,1,1,1,1,1,11,-1,1.0,-1,1.0,-1,1.0,-1,1.0
399100,攻撃力【物理】【HP瀕死時】（倍率）　コスト1　サブ ダンジョンA',153990,0.009999999776482582,1,3001,4000,0,1,1,1,1,1,1,23,-1,1.0,-1,1.0,-1,1.0,-1,1.0
399200,攻撃力【物理】【HP瀕死時】（倍率）　コスト2　サブ ダンジョンA',143990,0.009999999776482582,2,3002,4000,0,1,1,1,1,1,1,23,-1,1.0,-1,1.0,-1,1.0,-1,1.0
399300,攻撃力【物理】【HP瀕死時】（倍率）　コスト3　サブ ダンジョンA',133990,0.009999999776482582,3,3003,4000,0,1,1,1,1,1,1,23,-1,1.0,-1,1.0,-1,1.0,-1,1.0
399400,攻撃力【物理】【HP瀕死時】（倍率）　コスト4　サブ ダンジョンA',123990,0.009999999776482582,4,3004,4000,0,1,1,1,1,1,1,23,-1,1.0,-1,1.0,-1,1.0,-1,1.0
399500,攻撃力【物理】【HP瀕死時】（倍率）　コスト5　サブ ダンジョンA',113990,0.009999999776482582,5,3005,4000,0,1,1,1,1,1,1,23,-1,1.0,-1,1.0,-1,1.0,-1,1.0
399600,攻撃力【物理】【HP瀕死時】（倍率）　コスト6　サブ ダンジョンA',103990,0.009999999776482582,6,3006,4000,0,1,1,1,1,1,1,23,-1,1.0,-1,1.0,-1,1.0,-1,1.0
400100,攻撃力【物理】【HP瀕死時】（倍率）　コスト1　サブ,154000,0.009999999776482582,1,1001,4000,0,1,1,1,1,1,1,14,-1,1.0,-1,1.0,-1,1.0,-1,1.0
400200,攻撃力【物理】【HP瀕死時】（倍率）　コスト2　サブ,144000,0.009999999776482582,2,1002,4000,0,1,1,1,1,1,1,14,-1,1.0,-1,1.0,-1,1.0,-1,1.0
400300,攻撃力【物理】【HP瀕死時】（倍率）　コスト3　サブ,134000,0.009999999776482582,3,1003,4000,0,1,1,1,1,1,1,14,-1,1.0,-1,1.0,-1,1.0,-1,1.0
400400,攻撃力【物理】【HP瀕死時】（倍率）　コスト4　サブ,124000,0.009999999776482582,4,1004,4000,0,1,1,1,1,1,1,14,-1,1.0,-1,1.0,-1,1.0,-1,1.0
400500,攻撃力【物理】【HP瀕死時】（倍率）　コスト5　サブ,114000,0.009999999776482582,5,1005,4000,0,1,1,1,1,1,1,14,-1,1.0,-1,1.0,-1,1.0,-1,1.0
400600,攻撃力【物理】【HP瀕死時】（倍率）　コスト6　サブ,104000,0.009999999776482582,6,1006,4000,0,1,1,1,1,1,1,14,-1,1.0,-1,1.0,-1,1.0,-1,1.0
401100,攻撃力【物理】【HP瀕死時】（倍率）　コスト1　メイン,54000,0.009999999776482582,11,1011,4000,0,1,1,1,1,1,1,14,-1,1.0,-1,1.0,-1,1.0,-1,1.0
401200,攻撃力【物理】【HP瀕死時】（倍率）　コスト2　メイン,44000,0.009999999776482582,12,1012,4000,0,1,1,1,1,1,1,14,-1,1.0,-1,1.0,-1,1.0,-1,1.0
401300,攻撃力【物理】【HP瀕死時】（倍率）　コスト3　メイン,34000,0.009999999776482582,13,1013,4000,0,1,1,1,1,1,1,14,-1,1.0,-1,1.0,-1,1.0,-1,1.0
401400,攻撃力【物理】【HP瀕死時】（倍率）　コスト4　メイン,24000,0.009999999776482582,14,1014,4000,0,1,1,1,1,1,1,14,-1,1.0,-1,1.0,-1,1.0,-1,1.0
401500,攻撃力【物理】【HP瀕死時】（倍率）　コスト5　メイン,14000,0.009999999776482582,15,1015,4000,0,1,1,1,1,1,1,14,-1,1.0,-1,1.0,-1,1.0,-1,1.0
401600,攻撃力【物理】【HP瀕死時】（倍率）　コスト6　メイン,4000,0.009999999776482582,16,1016,4000,0,1,1,1,1,1,1,14,-1,1.0,-1,1.0,-1,1.0,-1,1.0
402100,攻撃力【物理】【HP瀕死時】（倍率）　コスト1　メイン ダンジョンA',54010,0.009999999776482582,11,3011,4000,0,1,1,1,1,1,1,23,-1,1.0,-1,1.0,-1,1.0,-1,1.0
402200,攻撃力【物理】【HP瀕死時】（倍率）　コスト2　メイン ダンジョンA',44010,0.009999999776482582,12,3012,4000,0,1,1,1,1,1,1,23,-1,1.0,-1,1.0,-1,1.0,-1,1.0
402300,攻撃力【物理】【HP瀕死時】（倍率）　コスト3　メイン ダンジョンA',34010,0.009999999776482582,13,3013,4000,0,1,1,1,1,1,1,23,-1,1.0,-1,1.0,-1,1.0,-1,1.0
402400,攻撃力【物理】【HP瀕死時】（倍率）　コスト4　メイン ダンジョンA',24010,0.009999999776482582,14,3014,4000,0,1,1,1,1,1,1,23,-1,1.0,-1,1.0,-1,1.0,-1,1.0
402500,攻撃力【物理】【HP瀕死時】（倍率）　コスト5　メイン ダンジョンA',14010,0.009999999776482582,15,3015,4000,0,1,1,1,1,1,1,23,-1,1.0,-1,1.0,-1,1.0,-1,1.0
402600,攻撃力【物理】【HP瀕死時】（倍率）　コスト6　メイン ダンジョンA',4010,0.009999999776482582,16,3016,4000,0,1,1,1,1,1,1,23,-1,1.0,-1,1.0,-1,1.0,-1,1.0
420100,攻撃力【全】【HP最大時】（倍率）　コスト1　サブ,154200,0.009999999776482582,1,5001,4200,0,1,1,1,1,1,1,45,-1,1.0,-1,1.0,-1,1.0,-1,1.0
420200,攻撃力【全】【HP最大時】（倍率）　コスト2　サブ,144200,0.009999999776482582,2,5002,4200,0,1,1,1,1,1,1,45,-1,1.0,-1,1.0,-1,1.0,-1,1.0
420300,攻撃力【全】【HP最大時】（倍率）　コスト3　サブ,134200,0.009999999776482582,3,5003,4200,0,1,1,1,1,1,1,45,-1,1.0,-1,1.0,-1,1.0,-1,1.0
420400,攻撃力【全】【HP最大時】（倍率）　コスト4　サブ,124200,0.009999999776482582,4,5004,4200,0,1,1,1,1,1,1,45,-1,1.0,-1,1.0,-1,1.0,-1,1.0
420500,攻撃力【全】【HP最大時】（倍率）　コスト5　サブ,114200,0.009999999776482582,5,5005,4200,0,1,1,1,1,1,1,45,-1,1.0,-1,1.0,-1,1.0,-1,1.0
420600,攻撃力【全】【HP最大時】（倍率）　コスト6　サブ,104200,0.009999999776482582,6,5006,4200,0,1,1,1,1,1,1,45,-1,1.0,-1,1.0,-1,1.0,-1,1.0
421100,攻撃力【全】【HP最大時】（倍率）　コスト1　メイン,54200,0.009999999776482582,11,5011,4200,0,1,1,1,1,1,1,45,-1,1.0,-1,1.0,-1,1.0,-1,1.0
421200,攻撃力【全】【HP最大時】（倍率）　コスト2　メイン,44200,0.009999999776482582,12,5012,4200,0,1,1,1,1,1,1,45,-1,1.0,-1,1.0,-1,1.0,-1,1.0
421300,攻撃力【全】【HP最大時】（倍率）　コスト3　メイン,34200,0.009999999776482582,13,5013,4200,0,1,1,1,1,1,1,45,-1,1.0,-1,1.0,-1,1.0,-1,1.0
421400,攻撃力【全】【HP最大時】（倍率）　コスト4　メイン,24200,0.009999999776482582,14,5014,4200,0,1,1,1,1,1,1,45,-1,1.0,-1,1.0,-1,1.0,-1,1.0
421500,攻撃力【全】【HP最大時】（倍率）　コスト5　メイン,14200,0.009999999776482582,15,5015,4200,0,1,1,1,1,1,1,45,-1,1.0,-1,1.0,-1,1.0,-1,1.0
421600,攻撃力【全】【HP最大時】（倍率）　コスト6　メイン,4200,0.009999999776482582,16,5016,4200,0,1,1,1,1,1,1,45,-1,1.0,-1,1.0,-1,1.0,-1,1.0
430100,攻撃力【全】【HP瀕死時】（倍率）　コスト1　サブ,154300,0.009999999776482582,1,5001,4300,0,1,1,1,1,1,1,45,-1,1.0,-1,1.0,-1,1.0,-1,1.0
430200,攻撃力【全】【HP瀕死時】（倍率）　コスト2　サブ,144300,0.009999999776482582,2,5002,4300,0,1,1,1,1,1,1,45,-1,1.0,-1,1.0,-1,1.0,-1,1.0
430300,攻撃力【全】【HP瀕死時】（倍率）　コスト3　サブ,134300,0.009999999776482582,3,5003,4300,0,1,1,1,1,1,1,45,-1,1.0,-1,1.0,-1,1.0,-1,1.0
430400,攻撃力【全】【HP瀕死時】（倍率）　コスト4　サブ,124300,0.009999999776482582,4,5004,4300,0,1,1,1,1,1,1,45,-1,1.0,-1,1.0,-1,1.0,-1,1.0
430500,攻撃力【全】【HP瀕死時】（倍率）　コスト5　サブ,114300,0.009999999776482582,5,5005,4300,0,1,1,1,1,1,1,45,-1,1.0,-1,1.0,-1,1.0,-1,1.0
430600,攻撃力【全】【HP瀕死時】（倍率）　コスト6　サブ,104300,0.009999999776482582,6,5006,4300,0,1,1,1,1,1,1,45,-1,1.0,-1,1.0,-1,1.0,-1,1.0
431100,攻撃力【全】【HP瀕死時】（倍率）　コスト1　メイン,54300,0.009999999776482582,11,5011,4300,0,1,1,1,1,1,1,45,-1,1.0,-1,1.0,-1,1.0,-1,1.0
431200,攻撃力【全】【HP瀕死時】（倍率）　コスト2　メイン,44300,0.009999999776482582,12,5012,4300,0,1,1,1,1,1,1,45,-1,1.0,-1,1.0,-1,1.0,-1,1.0
431300,攻撃力【全】【HP瀕死時】（倍率）　コスト3　メイン,34300,0.009999999776482582,13,5013,4300,0,1,1,1,1,1,1,45,-1,1.0,-1,1.0,-1,1.0,-1,1.0
431400,攻撃力【全】【HP瀕死時】（倍率）　コスト4　メイン,24300,0.009999999776482582,14,5014,4300,0,1,1,1,1,1,1,45,-1,1.0,-1,1.0,-1,1.0,-1,1.0
431500,攻撃力【全】【HP瀕死時】（倍率）　コスト5　メイン,14300,0.009999999776482582,15,5015,4300,0,1,1,1,1,1,1,45,-1,1.0,-1,1.0,-1,1.0,-1,1.0
431600,攻撃力【全】【HP瀕死時】（倍率）　コスト6　メイン,4300,0.009999999776482582,16,5016,4300,0,1,1,1,1,1,1,45,-1,1.0,-1,1.0,-1,1.0,-1,1.0
1000000,取得ソウル量+,50,100.0,0,0,0,0,1,1,1,1,1,1,0,-1,1.0,-1,1.0,-1,1.0,-1,1.0
1000001,取得ソウル量-,51,100.0,0,0,0,1,1,1,1,1,1,1,0,-1,1.0,-1,1.0,-1,1.0,-1,1.0
1000002,アイテムドロップ率,52,100.0,0,0,0,0,1,1,1,1,1,1,0,-1,1.0,-1,1.0,-1,1.0,-1,1.0
1000003,最大HP,53,100.0,0,0,0,0,1,1,1,1,1,1,0,-1,1.0,-1,1.0,-1,1.0,-1,1.0
1000005,最大スタミナ,54,100.0,0,0,0,0,1,1,1,1,1,1,0,-1,1.0,-1,1.0,-1,1.0,-1,1.0
1000007,投げ【ダメージ】,55,100.0,0,0,0,0,1,1,1,1,1,1,0,-1,1.0,-1,1.0,-1,1.0,-1,1.0
1000008,投げ【HP回復】,56,100.0,0,0,0,0,1,1,1,1,1,1,0,-1,1.0,-1,1.0,-1,1.0,-1,1.0
1000010,投げ【銃弾回復】,57,100.0,0,0,0,0,1,1,1,1,1,1,0,-1,1.0,-1,1.0,-1,1.0,-1,1.0
1000012,投げ【ソウル取得】,58,100.0,0,0,0,0,1,1,1,1,1,1,0,-1,1.0,-1,1.0,-1,1.0,-1,1.0
1000014,ダメージカット【斬撃】,59,100.0,0,0,0,0,1,1,1,1,1,1,0,-1,1.0,-1,1.0,-1,1.0,-1,1.0
1000015,ダメージカット【打撃】,60,100.0,0,0,0,0,1,1,1,1,1,1,0,-1,1.0,-1,1.0,-1,1.0,-1,1.0
1000016,ダメージカット【刺突】,61,100.0,0,0,0,0,1,1,1,1,1,1,0,-1,1.0,-1,1.0,-1,1.0,-1,1.0
1000017,ダメージカット【銃】,62,100.0,0,0,0,0,1,1,1,1,1,1,0,-1,1.0,-1,1.0,-1,1.0,-1,1.0
1000018,ダメージカット【魔法】,63,100.0,0,0,0,0,1,1,1,1,1,1,0,-1,1.0,-1,1.0,-1,1.0,-1,1.0
1000019,ダメージカット【炎】+,64,100.0,0,0,0,0,1,1,1,1,1,1,0,-1,1.0,-1,1.0,-1,1.0,-1,1.0
1000020,ダメージカット【炎】-,65,100.0,0,0,0,1,1,1,1,1,1,1,0,-1,1.0,-1,1.0,-1,1.0,-1,1.0
1000021,ダメージカット【雷】,66,100.0,0,0,0,0,1,1,1,1,1,1,0,-1,1.0,-1,1.0,-1,1.0,-1,1.0
1000022,ダメージカット【物理】,67,100.0,0,0,0,0,1,1,1,1,1,1,0,-1,1.0,-1,1.0,-1,1.0,-1,1.0
1000023,ダメージカット【全】+,68,100.0,0,0,0,0,1,1,1,1,1,1,0,-1,1.0,-1,1.0,-1,1.0,-1,1.0
1000024,ダメージカット【全】-,69,100.0,0,0,0,1,1,1,1,1,1,1,0,-1,1.0,-1,1.0,-1,1.0,-1,1.0
1000025,耐性値【毒】,70,100.0,0,0,0,0,1,1,1,1,1,1,0,-1,1.0,-1,1.0,-1,1.0,-1,1.0
1000026,耐性値【出血】,71,100.0,0,0,0,0,1,1,1,1,1,1,0,-1,1.0,-1,1.0,-1,1.0,-1,1.0
1000027,耐性値【狂気】,72,100.0,0,0,0,0,1,1,1,1,1,1,0,-1,1.0,-1,1.0,-1,1.0,-1,1.0
1000028,耐性値【全】,73,100.0,0,0,0,0,1,1,1,1,1,1,0,-1,1.0,-1,1.0,-1,1.0,-1,1.0
1000029,獣化延長,74,100.0,0,0,0,0,1,1,1,1,1,1,0,-1,1.0,-1,1.0,-1,1.0,-1,1.0
1000030,毒短縮,75,100.0,0,0,0,0,1,1,1,1,1,1,0,-1,1.0,-1,1.0,-1,1.0,-1,1.0
1000031,出血緩和,76,100.0,0,0,0,0,1,1,1,1,1,1,0,-1,1.0,-1,1.0,-1,1.0,-1,1.0
1000032,輸血液回復量+,77,100.0,0,0,0,0,1,1,1,1,1,1,0,-1,1.0,-1,1.0,-1,1.0,-1,1.0
1000033,輸血液回復量-,78,100.0,0,0,0,1,1,1,1,1,1,1,0,-1,1.0,-1,1.0,-1,1.0,-1,1.0
1000034,輸血液所持上限+,79,100.0,0,0,0,0,1,1,1,1,1,1,0,-1,1.0,-1,1.0,-1,1.0,-1,1.0
1000035,輸血液所持上限-,80,100.0,0,0,0,0,1,1,1,1,1,1,0,-1,1.0,-1,1.0,-1,1.0,-1,1.0
1000036,銃弾所持上限+,81,100.0,0,0,0,0,1,1,1,1,1,1,0,-1,1.0,-1,1.0,-1,1.0,-1,1.0
1000037,銃弾所持上限-,82,100.0,0,0,0,1,1,1,1,1,1,1,0,-1,1.0,-1,1.0,-1,1.0,-1,1.0
1000038,スタミナ回復速度+,83,100.0,0,0,0,0,1,1,1,1,1,1,0,-1,1.0,-1,1.0,-1,1.0,-1,1.0
1000039,スタミナ回復速度-,84,100.0,0,0,0,1,1,1,1,1,1,1,0,-1,1.0,-1,1.0,-1,1.0,-1,1.0
1000040,着地ダメージ軽減,85,100.0,0,0,0,0,1,1,1,1,1,1,0,-1,1.0,-1,1.0,-1,1.0,-1,1.0
1000041,リゲイン回復量（倍率）,86,100.0,0,0,0,0,1,1,1,1,1,1,0,-1,1.0,-1,1.0,-1,1.0,-1,1.0
