ID,Description,equipId,value,mtrlId,eventFlag,qwcId,sellQuantity,shopType,equipType,value_SAN
1,"消すべからず",240,100,-1,-1,-1,-1,0,3,-1
2000,"ノコナタ",7000000,0,-1,72101000,-1,1,0,0,-1
2001,"斧竿",5000000,0,-1,72101001,-1,1,0,0,-1
2002,"杖鞭",22000000,0,-1,72101002,-1,1,0,0,-1
2010,"工房短銃",14000000,0,-1,72101011,-1,1,0,0,-1
2011,"工房長銃",6000000,0,-1,72101010,-1,1,0,0,-1
100000,"輸血液",1000,180,-1,-1,-1,-1,0,3,-1
100001,"水銀弾",900,160,-1,-1,-1,-1,0,3,-1
100002,"火炎瓶",1200,180,-1,-1,-1,-1,0,3,-1
100003,"石ころ",1230,10,-1,-1,-1,-1,0,3,-1
100004,"ヤーナムの狩帽子（下級ハンター_頭）",60000,500,-1,70009000,-1,1,0,1,-1
100005,"ヤーナムの狩装束（下級ハンター_胴）",61000,1000,-1,70009010,-1,1,0,1,-1
100006,"ヤーナムの狩手袋（下級ハンター_腕）",62000,500,-1,70009020,-1,1,0,1,-1
100007,"ヤーナムの狩ズボン（下級ハンター_脚）",63000,500,-1,70009030,-1,1,0,1,-1
100008,"儀式の血【1】",7000,2500,-1,-1,5000,-1,0,3,-1
100009,"儀式の血【2】",7001,6000,-1,-1,5005,-1,0,3,-1
100010,"儀式の血【3】",7002,12000,-1,-1,5007,-1,0,3,-1
100011,"儀式の血【4】",7003,24000,-1,-1,5053,-1,0,3,-1
100012,"儀式の血【5】",7004,48000,-1,-1,6603,-1,0,3,-1
100013,"墓所カビ【1】",7020,2000,-1,-1,5004,-1,0,3,-1
100014,"墓所カビ【2】",7021,5000,-1,-1,5005,-1,0,3,-1
100015,"墓所カビ【3】",7022,10000,-1,-1,5007,-1,0,3,-1
100016,"墓所カビ【4】",7023,20000,-1,-1,5053,-1,0,3,-1
100017,"墓所カビ【5】",7024,40000,-1,-1,6603,-1,0,3,-1
100100,"ノコギリ鉈（ノコナタ）",7000000,1000,-1,-1,12101000,-1,0,0,-1
100101,"異質のノコギリ鉈",7010000,1000,-1,-1,5100,-1,0,0,-1
100102,"失われたノコギリ鉈",7020000,1000,-1,-1,5162,-1,0,0,-1
100103,"獣狩りの斧（斧竿）",5000000,1100,-1,-1,12101000,-1,0,0,-1
100104,"異質の獣狩り斧",5010000,1100,-1,-1,5140,-1,0,0,-1
100105,"失われた獣狩り斧",5020000,1100,-1,-1,5221,-1,0,0,-1
100106,"仕込み杖（杖鞭）",22000000,1200,-1,-1,12101000,-1,0,0,-1
100107,"異質の仕込み杖",22010000,1200,-1,-1,5121,-1,0,0,-1
100108,"失われた仕込み杖",22020000,1200,-1,-1,5282,-1,0,0,-1
100109,"ノコギリ槍（ノコヤリ）",7100000,1000,-1,-1,12101000,-1,0,0,-1
100110,"異質のノコギリ槍",7110000,1000,-1,-1,5120,-1,0,0,-1
100111,"失われたノコギリ槍",7120000,1000,-1,-1,5161,-1,0,0,-1
100112,"獣狩りの短銃（工房短銃）",14000000,1600,-1,-1,12101000,-1,0,0,-1
100113,"獣狩りの散弾銃（工房長銃）",6000000,1700,-1,-1,12101000,-1,0,0,-1
100114,"スローイングナイフ",1240,100,-1,-1,12101000,-1,0,3,-1
100115,"匂いたつ血の酒",1260,1000,-1,-1,12101000,-1,0,3,-1
100200,"パイルハンマー（剣杭）",11000000,8000,-1,-1,12101002,-1,0,0,-1
100201,"異質のパイルハンマー",11010000,8000,-1,-1,5180,-1,0,0,-1
100202,"失われたパイルハンマー",11020000,8000,-1,-1,5264,-1,0,0,-1
100203,"銃槍（銃槍）",10000000,4000,-1,-1,12101002,-1,0,0,-1
100204,"異質の銃槍",10010000,4000,-1,-1,5163,-1,0,0,-1
100205,"失われた銃槍",10020000,4000,-1,-1,5223,-1,0,0,-1
100206,"油壺",1220,360,-1,-1,12101002,-1,0,3,-1
100207,"縄付き火炎瓶",1250,190,-1,-1,12101002,-1,0,3,-1
100300,"葬送の刃（剣鎌）",5100000,60000,-1,-1,12101003,-1,0,0,-1
100301,"異質の葬送刃",5110000,60000,-1,-1,5261,-1,0,0,-1
100302,"失われた葬送刃",5120000,60000,-1,-1,5240,-1,0,0,-1
100303,"ゲールマンの狩帽子（拠点老人_頭）",200000,7000,-1,70009040,12101003,1,0,1,-1
100304,"ゲールマンの狩装束（拠点老人_胴）",201000,17000,-1,70009050,12101003,1,0,1,-1
100305,"ゲールマンの狩ズボン（拠点老人_脚）",203000,7000,-1,70009060,12101003,1,0,1,-1
100400,"慈悲の刃（双剣）",4000000,40000,-1,-1,12101001,-1,0,0,-1
100401,"異質の慈悲刃",4010000,40000,-1,-1,5262,-1,0,0,-1
100402,"失われた慈悲刃",4020000,40000,-1,-1,5241,-1,0,0,-1
100403,"嘴の仮面（切り裂きジャック_頭）",180000,10000,-1,70009070,12101001,1,0,1,-1
100404,"鴉羽の狩装束（切り裂きジャック_胴）",181000,18000,-1,70009080,12101001,1,0,1,-1
100405,"鴉羽の腕帯（切り裂きジャック_腕）",182000,8000,-1,70009090,12101001,1,0,1,-1
100406,"鴉羽のズボン（切り裂きジャック_脚）",183000,8000,-1,70009100,12101001,1,0,1,-1
100500,"トニトルス（爆槌）",13000000,26000,-1,-1,12101008,-1,0,0,-1
100501,"異質のトニトルス",13010000,26000,-1,-1,5222,-1,0,0,-1
100502,"失われたトニトルス",13020000,26000,-1,-1,5263,-1,0,0,-1
100503,"雷光ヤスリ",1320,900,-1,-1,12101008,-1,0,3,-1
100600,"教会の石槌（剣槌）",8000000,3000,-1,-1,12101004,-1,0,0,-1
100601,"異質の教会石槌",8010000,3000,-1,-1,5160,-1,0,0,-1
100602,"失われた教会石槌",8020000,3000,-1,-1,5281,-1,0,0,-1
100603,"教会の連装銃（教会短銃）",14200000,3000,-1,-1,12101004,-1,0,0,-1
100604,"白い丸薬",1100,300,-1,-1,12101004,-1,0,3,-1
100605,"狩人の確かな徴",1400,400,-1,-1,12101004,-1,0,3,-1
100606,"携帯ランタン",1412,2000,-1,-1,12101004,-1,0,3,-1
100607,"狩長の印",4011,10000,-1,70009250,12101004,1,0,3,-1
100700,"ルドウイークの聖剣（剣大剣）",8100000,20000,-1,-1,12101005,-1,0,0,-1
100701,"異質の聖剣",8110000,20000,-1,-1,5200,-1,0,0,-1
100702,"失われた聖剣",8120000,20000,-1,-1,5280,-1,0,0,-1
100703,"ルドウイークの長銃（教会長銃）",6100000,10000,-1,-1,12101005,-1,0,0,-1
100704,"火炎放射器（火炎放射器）",18100000,8000,-1,-1,12101005,-1,0,0,-1
100705,"発火ヤスリ",1300,720,-1,-1,12101005,-1,0,3,-1
100706,"骨髄の灰",1330,320,-1,-1,12101005,-1,0,3,-1
100707,"輝く硬貨",1410,20,-1,-1,12101005,-1,0,3,-1
100708,"血石の欠片",3000,2000,-1,-1,12101005,-1,0,3,-1
100709,"墓暴きのフード（教会ハンター_頭）",140000,6000,-1,70009110,12101005,1,0,1,-1
100710,"墓暴きの装束（教会ハンター_胴）",141000,18000,-1,70009120,12101005,1,0,1,-1
100711,"墓暴きの手袋（教会ハンター_腕）",142000,6000,-1,70009130,12101005,1,0,1,-1
100712,"墓暴きのズボン（教会ハンター_脚）",143000,6000,-1,70009140,12101005,1,0,1,-1
100800,"ローゲリウスの車輪（車輪）",12000000,13000,-1,-1,12101006,-1,0,0,-1
100801,"異質の車輪",12010000,13000,-1,-1,5202,-1,0,0,-1
100802,"失われた車輪",12020000,13000,-1,-1,5243,-1,0,0,-1
100803,"金のアルデオ（血族狩り_頭）",150000,60000,-1,70009150,12101006,1,0,1,-1
100900,"レイテルパラッシュ（銃剣）",10100000,18000,-1,-1,12101007,-1,0,0,-1
100901,"異質のレイテルパラッシュ",10110000,18000,-1,-1,5203,-1,0,0,-1
100902,"失われたレイテルパラッシュ",10120000,18000,-1,-1,5244,-1,0,0,-1
100903,"千景（刀）",2000000,50000,-1,-1,12101007,-1,0,0,-1
100904,"異質の血刀",2010000,50000,-1,-1,5201,-1,0,0,-1
100905,"失われた血刀",2020000,50000,-1,-1,5242,-1,0,0,-1
100906,"エヴェリン（ヴァンパイア短銃）",14100000,16000,-1,-1,12101007,-1,0,0,-1
100907,"カインの兜（ヴァンパイア騎士_頭）",100000,27000,-1,70009160,12101007,1,0,1,-1
100908,"カインの鎧（ヴァンパイア騎士_胴）",101000,44000,-1,70009170,12101007,1,0,1,-1
100909,"カインの手甲（ヴァンパイア騎士_腕）",102000,21000,-1,70009180,12101007,1,0,1,-1
100910,"カインの足甲（ヴァンパイア騎士_脚）",103000,21000,-1,70009190,12101007,1,0,1,-1
101000,"ロスマリヌス（噴霧器）",18000000,60000,-1,-1,12101009,-1,0,0,-1
101001,"毒メス",1210,300,-1,-1,12101009,-1,0,3,-1
101002,"鎮静剤",1101,600,-1,-1,12101009,-1,0,3,-1
101003,"血石の二欠片",3010,10000,-1,-1,12101009,-1,0,3,-1
101020,"貫通銃（貫通銃）",36000000,20000,-1,-1,6671,-1,0,0,-1
101021,"時限爆発瓶",1201,270,-1,-1,6671,-1,0,3,-1
101022,"縄付き時限爆発瓶",1251,290,-1,-1,6671,-1,0,3,-1
101100,"獣の爪（拳獣）",9000000,34000,-1,-1,6680,-1,0,0,-1
101101,"異質の獣爪",9010000,34000,-1,-1,5220,-1,0,0,-1
101102,"失われた獣爪",9020000,34000,-1,-1,5260,-1,0,0,-1
101103,"大砲（大筒）",15000000,18000,-1,-1,6681,-1,0,0,-1
101104,"獣狩りの松明（狩人の松明）",20000000,2000,-1,-1,6682,-1,0,0,-1
101110,"獣狩りの曲刀（ノコ曲剣）",23000000,16000,-1,-1,6683,-1,0,0,-1
101111,"異質の獣狩り曲刀",23010000,16000,-1,-1,5500,-1,0,0,-1
101112,"失われた獣狩り曲刀",23020000,16000,-1,-1,5501,-1,0,0,-1
101113,"獣肉断ち（ノコ鞭）",24000000,20000,-1,-1,6684,-1,0,0,-1
101114,"異質の獣肉断ち",24010000,20000,-1,-1,5502,-1,0,0,-1
101115,"失われた獣肉断ち",24020000,20000,-1,-1,5503,-1,0,0,-1
101116,"教会の杭（ウォーピック）",30000000,16000,-1,-1,6685,-1,0,0,-1
101117,"異質の教会杭",30010000,16000,-1,-1,5504,-1,0,0,-1
101118,"失われた教会杭",30020000,16000,-1,-1,5505,-1,0,0,-1
101119,"シモンの弓剣（変形弓）",32000000,24000,-1,-1,6686,-1,0,0,-1
101120,"異質の弓剣",32010000,24000,-1,-1,5506,-1,0,0,-1
101121,"失われた弓剣",32020000,24000,-1,-1,5507,-1,0,0,-1
101122,"月光の聖剣（月光剣）",26000000,80000,-1,-1,6687,-1,0,0,-1
101123,"異質の月光聖剣",26010000,80000,-1,-1,5508,-1,0,0,-1
101124,"失われた月光聖剣",26020000,80000,-1,-1,5509,-1,0,0,-1
101125,"落葉（双刃）",27000000,50000,-1,-1,6688,-1,0,0,-1
101126,"異質の落葉",27010000,50000,-1,-1,5510,-1,0,0,-1
101127,"失われた落葉",27020000,50000,-1,-1,5511,-1,0,0,-1
101128,"回転ノコギリ（丸鋸チェンソー）",31000000,30000,-1,-1,6689,-1,0,0,-1
101129,"異質の回転ノコギリ",31010000,30000,-1,-1,5512,-1,0,0,-1
101130,"失われた回転ノコギリ",31020000,30000,-1,-1,5513,-1,0,0,-1
101131,"爆発金槌（ガンハンマー）",28000000,28000,-1,-1,6690,-1,0,0,-1
101132,"異質の爆発金槌",28010000,28000,-1,-1,5514,-1,0,0,-1
101133,"失われた爆発金槌",28020000,28000,-1,-1,5515,-1,0,0,-1
101134,"瀉血の槌（十字メイス）",29000000,44000,-1,-1,6691,-1,0,0,-1
101135,"異質の瀉血槌",29010000,44000,-1,-1,5516,-1,0,0,-1
101136,"失われた瀉血槌",29020000,44000,-1,-1,5517,-1,0,0,-1
101137,"小アメンの腕（多関節）",25000000,66000,-1,-1,6692,-1,0,0,-1
101138,"異質の小アメン腕",25010000,66000,-1,-1,5518,-1,0,0,-1
101139,"失われた小アメン腕",25020000,66000,-1,-1,5519,-1,0,0,-1
101140,"ゴースの寄生虫（なめくじ）",38000000,60000,-1,-1,6693,-1,0,0,-1
101141,"異質の寄生虫",38010000,60000,-1,-1,5520,-1,0,0,-1
101142,"失われた寄生虫",38020000,60000,-1,-1,5521,-1,0,0,-1
101143,"ガトリング銃（ガトリング）",33000000,30000,-1,-1,6694,-1,0,0,-1
101144,"教会砲（グレネード）",35000000,40000,-1,-1,6695,-1,0,0,-1
101145,"ガラシャの拳（ナックル）",34000000,10000,-1,-1,6696,-1,0,0,-1
101146,"湖の盾（属性盾）",19100000,70000,-1,-1,6697,-1,0,0,-1
110000,"輸血液",1000,360,-1,-1,-1,-1,0,3,-1
110001,"水銀弾",900,240,-1,-1,-1,-1,0,3,-1
110002,"火炎瓶",1200,380,-1,-1,-1,-1,0,3,-1
110003,"石ころ",1230,10,-1,-1,-1,-1,0,3,-1
110004,"ヤーナムの狩帽子（下級ハンター_頭）",60000,500,-1,70009000,-1,1,0,1,-1
110005,"ヤーナムの狩装束（下級ハンター_胴）",61000,1000,-1,70009010,-1,1,0,1,-1
110006,"ヤーナムの狩手袋（下級ハンター_腕）",62000,500,-1,70009020,-1,1,0,1,-1
110007,"ヤーナムの狩ズボン（下級ハンター_脚）",63000,500,-1,70009030,-1,1,0,1,-1
110008,"儀式の血【1】",7000,2500,-1,-1,5000,-1,0,3,-1
110009,"儀式の血【2】",7001,6000,-1,-1,5005,-1,0,3,-1
110010,"儀式の血【3】",7002,12000,-1,-1,5007,-1,0,3,-1
110011,"儀式の血【4】",7003,24000,-1,-1,5053,-1,0,3,-1
110012,"儀式の血【5】",7004,48000,-1,-1,6603,-1,0,3,-1
110013,"墓所カビ【1】",7020,2000,-1,-1,5004,-1,0,3,-1
110014,"墓所カビ【2】",7021,5000,-1,-1,5005,-1,0,3,-1
110015,"墓所カビ【3】",7022,10000,-1,-1,5007,-1,0,3,-1
110016,"墓所カビ【4】",7023,20000,-1,-1,5053,-1,0,3,-1
110017,"墓所カビ【5】",7024,40000,-1,-1,6603,-1,0,3,-1
110100,"ノコギリ鉈（ノコナタ）",7000000,1000,-1,-1,12101000,-1,0,0,-1
110101,"異質のノコギリ鉈",7010000,1000,-1,-1,5100,-1,0,0,-1
110102,"失われたノコギリ鉈",7020000,1000,-1,-1,5162,-1,0,0,-1
110103,"獣狩りの斧（斧竿）",5000000,1100,-1,-1,12101000,-1,0,0,-1
110104,"異質の獣狩り斧",5010000,1100,-1,-1,5140,-1,0,0,-1
110105,"失われた獣狩り斧",5020000,1100,-1,-1,5221,-1,0,0,-1
110106,"仕込み杖（杖鞭）",22000000,1200,-1,-1,12101000,-1,0,0,-1
110107,"異質の仕込み杖",22010000,1200,-1,-1,5121,-1,0,0,-1
110108,"失われた仕込み杖",22020000,1200,-1,-1,5282,-1,0,0,-1
110109,"ノコギリ槍（ノコヤリ）",7100000,1000,-1,-1,12101000,-1,0,0,-1
110110,"異質のノコギリ槍",7110000,1000,-1,-1,5120,-1,0,0,-1
110111,"失われたノコギリ槍",7120000,1000,-1,-1,5161,-1,0,0,-1
110112,"獣狩りの短銃（工房短銃）",14000000,1600,-1,-1,12101000,-1,0,0,-1
110113,"獣狩りの散弾銃（工房長銃）",6000000,1700,-1,-1,12101000,-1,0,0,-1
110114,"スローイングナイフ",1240,200,-1,-1,12101000,-1,0,3,-1
110115,"匂いたつ血の酒",1260,2000,-1,-1,12101000,-1,0,3,-1
110200,"パイルハンマー（剣杭）",11000000,8000,-1,-1,12101002,-1,0,0,-1
110201,"異質のパイルハンマー",11010000,8000,-1,-1,5180,-1,0,0,-1
110202,"失われたパイルハンマー",11020000,8000,-1,-1,5264,-1,0,0,-1
110203,"銃槍（銃槍）",10000000,4000,-1,-1,12101002,-1,0,0,-1
110204,"異質の銃槍",10010000,4000,-1,-1,5163,-1,0,0,-1
110205,"失われた銃槍",10020000,4000,-1,-1,5223,-1,0,0,-1
110206,"油壺",1220,680,-1,-1,12101002,-1,0,3,-1
110207,"縄付き火炎瓶",1250,400,-1,-1,12101002,-1,0,3,-1
110300,"葬送の刃（剣鎌）",5100000,60000,-1,-1,12101003,-1,0,0,-1
110301,"異質の葬送刃",5110000,60000,-1,-1,5261,-1,0,0,-1
110302,"失われた葬送刃",5120000,60000,-1,-1,5240,-1,0,0,-1
110303,"ゲールマンの狩帽子（拠点老人_頭）",200000,7000,-1,70009040,12101003,1,0,1,-1
110304,"ゲールマンの狩装束（拠点老人_胴）",201000,17000,-1,70009050,12101003,1,0,1,-1
110305,"ゲールマンの狩ズボン（拠点老人_脚）",203000,7000,-1,70009060,12101003,1,0,1,-1
110400,"慈悲の刃（双剣）",4000000,40000,-1,-1,12101001,-1,0,0,-1
110401,"異質の慈悲刃",4010000,40000,-1,-1,5262,-1,0,0,-1
110402,"失われた慈悲刃",4020000,40000,-1,-1,5241,-1,0,0,-1
110403,"嘴の仮面（切り裂きジャック_頭）",180000,10000,-1,70009070,12101001,1,0,1,-1
110404,"鴉羽の狩装束（切り裂きジャック_胴）",181000,18000,-1,70009080,12101001,1,0,1,-1
110405,"鴉羽の腕帯（切り裂きジャック_腕）",182000,8000,-1,70009090,12101001,1,0,1,-1
110406,"鴉羽のズボン（切り裂きジャック_脚）",183000,8000,-1,70009100,12101001,1,0,1,-1
110500,"トニトルス（爆槌）",13000000,26000,-1,-1,12101008,-1,0,0,-1
110501,"異質のトニトルス",13010000,26000,-1,-1,5222,-1,0,0,-1
110502,"失われたトニトルス",13020000,26000,-1,-1,5263,-1,0,0,-1
110503,"雷光ヤスリ",1320,2100,-1,-1,12101008,-1,0,3,-1
110600,"教会の石槌（剣槌）",8000000,3000,-1,-1,12101004,-1,0,0,-1
110601,"異質の教会石槌",8010000,3000,-1,-1,5160,-1,0,0,-1
110602,"失われた教会石槌",8020000,3000,-1,-1,5281,-1,0,0,-1
110603,"教会の連装銃（教会短銃）",14200000,3000,-1,-1,12101004,-1,0,0,-1
110604,"白い丸薬",1100,600,-1,-1,12101004,-1,0,3,-1
110605,"狩人の確かな徴",1400,800,-1,-1,12101004,-1,0,3,-1
110606,"携帯ランタン",1412,2000,-1,-1,12101004,-1,0,3,-1
110607,"狩長の印",4011,10000,-1,70009250,12101004,1,0,3,-1
110700,"ルドウイークの聖剣（剣大剣）",8100000,20000,-1,-1,12101005,-1,0,0,-1
110701,"異質の聖剣",8110000,20000,-1,-1,5200,-1,0,0,-1
110702,"失われた聖剣",8120000,20000,-1,-1,5280,-1,0,0,-1
110703,"ルドウイークの長銃（教会長銃）",6100000,10000,-1,-1,12101005,-1,0,0,-1
110704,"火炎放射器（火炎放射器）",18100000,8000,-1,-1,12101005,-1,0,0,-1
110705,"発火ヤスリ",1300,1720,-1,-1,12101005,-1,0,3,-1
110706,"骨髄の灰",1330,740,-1,-1,12101005,-1,0,3,-1
110707,"輝く硬貨",1410,20,-1,-1,12101005,-1,0,3,-1
110708,"血石の欠片",3000,2000,-1,-1,12101005,-1,0,3,-1
110709,"墓暴きのフード（教会ハンター_頭）",140000,6000,-1,70009110,12101005,1,0,1,-1
110710,"墓暴きの装束（教会ハンター_胴）",141000,18000,-1,70009120,12101005,1,0,1,-1
110711,"墓暴きの手袋（教会ハンター_腕）",142000,6000,-1,70009130,12101005,1,0,1,-1
110712,"墓暴きのズボン（教会ハンター_脚）",143000,6000,-1,70009140,12101005,1,0,1,-1
110800,"ローゲリウスの車輪（車輪）",12000000,13000,-1,-1,12101006,-1,0,0,-1
110801,"異質の車輪",12010000,13000,-1,-1,5202,-1,0,0,-1
110802,"失われた車輪",12020000,13000,-1,-1,5243,-1,0,0,-1
110803,"金のアルデオ（血族狩り_頭）",150000,60000,-1,70009150,12101006,1,0,1,-1
110900,"レイテルパラッシュ（銃剣）",10100000,18000,-1,-1,12101007,-1,0,0,-1
110901,"異質のレイテルパラッシュ",10110000,18000,-1,-1,5203,-1,0,0,-1
110902,"失われたレイテルパラッシュ",10120000,18000,-1,-1,5244,-1,0,0,-1
110903,"千景（刀）",2000000,50000,-1,-1,12101007,-1,0,0,-1
110904,"異質の血刀",2010000,50000,-1,-1,5201,-1,0,0,-1
110905,"失われた血刀",2020000,50000,-1,-1,5242,-1,0,0,-1
110906,"エヴェリン（ヴァンパイア短銃）",14100000,16000,-1,-1,12101007,-1,0,0,-1
110907,"カインの兜（ヴァンパイア騎士_頭）",100000,27000,-1,70009160,12101007,1,0,1,-1
110908,"カインの鎧（ヴァンパイア騎士_胴）",101000,44000,-1,70009170,12101007,1,0,1,-1
110909,"カインの手甲（ヴァンパイア騎士_腕）",102000,21000,-1,70009180,12101007,1,0,1,-1
110910,"カインの足甲（ヴァンパイア騎士_脚）",103000,21000,-1,70009190,12101007,1,0,1,-1
111000,"ロスマリヌス（噴霧器）",18000000,60000,-1,-1,12101009,-1,0,0,-1
111001,"毒メス",1210,600,-1,-1,12101009,-1,0,3,-1
111002,"鎮静剤",1101,1200,-1,-1,12101009,-1,0,3,-1
111003,"血石の二欠片",3010,10000,-1,-1,12101009,-1,0,3,-1
111020,"貫通銃（貫通銃）",36000000,20000,-1,-1,6671,-1,0,0,-1
111021,"時限爆発瓶",1201,570,-1,-1,6671,-1,0,3,-1
111022,"縄付き時限爆発瓶",1251,600,-1,-1,6671,-1,0,3,-1
111100,"獣の爪（拳獣）",9000000,34000,-1,-1,6680,-1,0,0,-1
111101,"異質の獣爪",9010000,34000,-1,-1,5220,-1,0,0,-1
111102,"失われた獣爪",9020000,34000,-1,-1,5260,-1,0,0,-1
111103,"大砲（大筒）",15000000,18000,-1,-1,6681,-1,0,0,-1
111104,"獣狩りの松明（狩人の松明）",20000000,2000,-1,-1,6682,-1,0,0,-1
111110,"獣狩りの曲刀（ノコ曲剣）",23000000,16000,-1,-1,6683,-1,0,0,-1
111111,"異質の獣狩り曲刀",23010000,16000,-1,-1,5500,-1,0,0,-1
111112,"失われた獣狩り曲刀",23020000,16000,-1,-1,5501,-1,0,0,-1
111113,"獣肉断ち（ノコ鞭）",24000000,20000,-1,-1,6684,-1,0,0,-1
111114,"異質の獣肉断ち",24010000,20000,-1,-1,5502,-1,0,0,-1
111115,"失われた獣肉断ち",24020000,20000,-1,-1,5503,-1,0,0,-1
111116,"教会の杭（ウォーピック）",30000000,16000,-1,-1,6685,-1,0,0,-1
111117,"異質の教会杭",30010000,16000,-1,-1,5504,-1,0,0,-1
111118,"失われた教会杭",30020000,16000,-1,-1,5505,-1,0,0,-1
111119,"シモンの弓剣（変形弓）",32000000,24000,-1,-1,6686,-1,0,0,-1
111120,"異質の弓剣",32010000,24000,-1,-1,5506,-1,0,0,-1
111121,"失われた弓剣",32020000,24000,-1,-1,5507,-1,0,0,-1
111122,"月光の聖剣（月光剣）",26000000,80000,-1,-1,6687,-1,0,0,-1
111123,"異質の月光聖剣",26010000,80000,-1,-1,5508,-1,0,0,-1
111124,"失われた月光聖剣",26020000,80000,-1,-1,5509,-1,0,0,-1
111125,"落葉（双刃）",27000000,50000,-1,-1,6688,-1,0,0,-1
111126,"異質の落葉",27010000,50000,-1,-1,5510,-1,0,0,-1
111127,"失われた落葉",27020000,50000,-1,-1,5511,-1,0,0,-1
111128,"回転ノコギリ（丸鋸チェンソー）",31000000,30000,-1,-1,6689,-1,0,0,-1
111129,"異質の回転ノコギリ",31010000,30000,-1,-1,5512,-1,0,0,-1
111130,"失われた回転ノコギリ",31020000,30000,-1,-1,5513,-1,0,0,-1
111131,"爆発金槌（ガンハンマー）",28000000,28000,-1,-1,6690,-1,0,0,-1
111132,"異質の爆発金槌",28010000,28000,-1,-1,5514,-1,0,0,-1
111133,"失われた爆発金槌",28020000,28000,-1,-1,5515,-1,0,0,-1
111134,"瀉血の槌（十字メイス）",29000000,44000,-1,-1,6691,-1,0,0,-1
111135,"異質の瀉血槌",29010000,44000,-1,-1,5516,-1,0,0,-1
111136,"失われた瀉血槌",29020000,44000,-1,-1,5517,-1,0,0,-1
111137,"小アメンの腕（多関節）",25000000,66000,-1,-1,6692,-1,0,0,-1
111138,"異質の小アメン腕",25010000,66000,-1,-1,5518,-1,0,0,-1
111139,"失われた小アメン腕",25020000,66000,-1,-1,5519,-1,0,0,-1
111140,"ゴースの寄生虫（なめくじ）",38000000,60000,-1,-1,6693,-1,0,0,-1
111141,"異質の寄生虫",38010000,60000,-1,-1,5520,-1,0,0,-1
111142,"失われた寄生虫",38020000,60000,-1,-1,5521,-1,0,0,-1
111143,"ガトリング銃（ガトリング）",33000000,30000,-1,-1,6694,-1,0,0,-1
111144,"教会砲（グレネード）",35000000,40000,-1,-1,6695,-1,0,0,-1
111145,"ガラシャの拳（ナックル）",34000000,10000,-1,-1,6696,-1,0,0,-1
111146,"湖の盾（属性盾）",19100000,70000,-1,-1,6697,-1,0,0,-1
120000,"輸血液",1000,540,-1,-1,-1,-1,0,3,-1
120001,"水銀弾",900,320,-1,-1,-1,-1,0,3,-1
120002,"火炎瓶",1200,860,-1,-1,-1,-1,0,3,-1
120003,"石ころ",1230,10,-1,-1,-1,-1,0,3,-1
120004,"ヤーナムの狩帽子（下級ハンター_頭）",60000,500,-1,70009000,-1,1,0,1,-1
120005,"ヤーナムの狩装束（下級ハンター_胴）",61000,1000,-1,70009010,-1,1,0,1,-1
120006,"ヤーナムの狩手袋（下級ハンター_腕）",62000,500,-1,70009020,-1,1,0,1,-1
120007,"ヤーナムの狩ズボン（下級ハンター_脚）",63000,500,-1,70009030,-1,1,0,1,-1
120008,"儀式の血【1】",7000,2500,-1,-1,5000,-1,0,3,-1
120009,"儀式の血【2】",7001,6000,-1,-1,5005,-1,0,3,-1
120010,"儀式の血【3】",7002,12000,-1,-1,5007,-1,0,3,-1
120011,"儀式の血【4】",7003,24000,-1,-1,5053,-1,0,3,-1
120012,"儀式の血【5】",7004,48000,-1,-1,6603,-1,0,3,-1
120013,"墓所カビ【1】",7020,2000,-1,-1,5004,-1,0,3,-1
120014,"墓所カビ【2】",7021,5000,-1,-1,5005,-1,0,3,-1
120015,"墓所カビ【3】",7022,10000,-1,-1,5007,-1,0,3,-1
120016,"墓所カビ【4】",7023,20000,-1,-1,5053,-1,0,3,-1
120017,"墓所カビ【5】",7024,40000,-1,-1,6603,-1,0,3,-1
120100,"ノコギリ鉈（ノコナタ）",7000000,1000,-1,-1,12101000,-1,0,0,-1
120101,"異質のノコギリ鉈",7010000,1000,-1,-1,5100,-1,0,0,-1
120102,"失われたノコギリ鉈",7020000,1000,-1,-1,5162,-1,0,0,-1
120103,"獣狩りの斧（斧竿）",5000000,1100,-1,-1,12101000,-1,0,0,-1
120104,"異質の獣狩り斧",5010000,1100,-1,-1,5140,-1,0,0,-1
120105,"失われた獣狩り斧",5020000,1100,-1,-1,5221,-1,0,0,-1
120106,"仕込み杖（杖鞭）",22000000,1200,-1,-1,12101000,-1,0,0,-1
120107,"異質の仕込み杖",22010000,1200,-1,-1,5121,-1,0,0,-1
120108,"失われた仕込み杖",22020000,1200,-1,-1,5282,-1,0,0,-1
120109,"ノコギリ槍（ノコヤリ）",7100000,1000,-1,-1,12101000,-1,0,0,-1
120110,"異質のノコギリ槍",7110000,1000,-1,-1,5120,-1,0,0,-1
120111,"失われたノコギリ槍",7120000,1000,-1,-1,5161,-1,0,0,-1
120112,"獣狩りの短銃（工房短銃）",14000000,1600,-1,-1,12101000,-1,0,0,-1
120113,"獣狩りの散弾銃（工房長銃）",6000000,1700,-1,-1,12101000,-1,0,0,-1
120114,"スローイングナイフ",1240,450,-1,-1,12101000,-1,0,3,-1
120115,"匂いたつ血の酒",1260,5000,-1,-1,12101000,-1,0,3,-1
120200,"パイルハンマー（剣杭）",11000000,8000,-1,-1,12101002,-1,0,0,-1
120201,"異質のパイルハンマー",11010000,8000,-1,-1,5180,-1,0,0,-1
120202,"失われたパイルハンマー",11020000,8000,-1,-1,5264,-1,0,0,-1
120203,"銃槍（銃槍）",10000000,4000,-1,-1,12101002,-1,0,0,-1
120204,"異質の銃槍",10010000,4000,-1,-1,5163,-1,0,0,-1
120205,"失われた銃槍",10020000,4000,-1,-1,5223,-1,0,0,-1
120206,"油壺",1220,1360,-1,-1,12101002,-1,0,3,-1
120207,"縄付き火炎瓶",1250,900,-1,-1,12101002,-1,0,3,-1
120300,"葬送の刃（剣鎌）",5100000,60000,-1,-1,12101003,-1,0,0,-1
120301,"異質の葬送刃",5110000,60000,-1,-1,5261,-1,0,0,-1
120302,"失われた葬送刃",5120000,60000,-1,-1,5240,-1,0,0,-1
120303,"ゲールマンの狩帽子（拠点老人_頭）",200000,7000,-1,70009040,12101003,1,0,1,-1
120304,"ゲールマンの狩装束（拠点老人_胴）",201000,17000,-1,70009050,12101003,1,0,1,-1
120305,"ゲールマンの狩ズボン（拠点老人_脚）",203000,7000,-1,70009060,12101003,1,0,1,-1
120400,"慈悲の刃（双剣）",4000000,40000,-1,-1,12101001,-1,0,0,-1
120401,"異質の慈悲刃",4010000,40000,-1,-1,5262,-1,0,0,-1
120402,"失われた慈悲刃",4020000,40000,-1,-1,5241,-1,0,0,-1
120403,"嘴の仮面（切り裂きジャック_頭）",180000,10000,-1,70009070,12101001,1,0,1,-1
120404,"鴉羽の狩装束（切り裂きジャック_胴）",181000,18000,-1,70009080,12101001,1,0,1,-1
120405,"鴉羽の腕帯（切り裂きジャック_腕）",182000,8000,-1,70009090,12101001,1,0,1,-1
120406,"鴉羽のズボン（切り裂きジャック_脚）",183000,8000,-1,70009100,12101001,1,0,1,-1
120500,"トニトルス（爆槌）",13000000,26000,-1,-1,12101008,-1,0,0,-1
120501,"異質のトニトルス",13010000,26000,-1,-1,5222,-1,0,0,-1
120502,"失われたトニトルス",13020000,26000,-1,-1,5263,-1,0,0,-1
120503,"雷光ヤスリ",1320,5000,-1,-1,12101008,-1,0,3,-1
120600,"教会の石槌（剣槌）",8000000,3000,-1,-1,12101004,-1,0,0,-1
120601,"異質の教会石槌",8010000,3000,-1,-1,5160,-1,0,0,-1
120602,"失われた教会石槌",8020000,3000,-1,-1,5281,-1,0,0,-1
120603,"教会の連装銃（教会短銃）",14200000,3000,-1,-1,12101004,-1,0,0,-1
120604,"白い丸薬",1100,1300,-1,-1,12101004,-1,0,3,-1
120605,"狩人の確かな徴",1400,1200,-1,-1,12101004,-1,0,3,-1
120606,"携帯ランタン",1412,2000,-1,-1,12101004,-1,0,3,-1
120607,"狩長の印",4011,10000,-1,70009250,12101004,1,0,3,-1
120700,"ルドウイークの聖剣（剣大剣）",8100000,20000,-1,-1,12101005,-1,0,0,-1
120701,"異質の聖剣",8110000,20000,-1,-1,5200,-1,0,0,-1
120702,"失われた聖剣",8120000,20000,-1,-1,5280,-1,0,0,-1
120703,"ルドウイークの長銃（教会長銃）",6100000,10000,-1,-1,12101005,-1,0,0,-1
120704,"火炎放射器（火炎放射器）",18100000,8000,-1,-1,12101005,-1,0,0,-1
120705,"発火ヤスリ",1300,4200,-1,-1,12101005,-1,0,3,-1
120706,"骨髄の灰",1330,1800,-1,-1,12101005,-1,0,3,-1
120707,"輝く硬貨",1410,20,-1,-1,12101005,-1,0,3,-1
120708,"血石の欠片",3000,2000,-1,-1,12101005,-1,0,3,-1
120709,"墓暴きのフード（教会ハンター_頭）",140000,6000,-1,70009110,12101005,1,0,1,-1
120710,"墓暴きの装束（教会ハンター_胴）",141000,18000,-1,70009120,12101005,1,0,1,-1
120711,"墓暴きの手袋（教会ハンター_腕）",142000,6000,-1,70009130,12101005,1,0,1,-1
120712,"墓暴きのズボン（教会ハンター_脚）",143000,6000,-1,70009140,12101005,1,0,1,-1
120800,"ローゲリウスの車輪（車輪）",12000000,13000,-1,-1,12101006,-1,0,0,-1
120801,"異質の車輪",12010000,13000,-1,-1,5202,-1,0,0,-1
120802,"失われた車輪",12020000,13000,-1,-1,5243,-1,0,0,-1
120803,"金のアルデオ（血族狩り_頭）",150000,60000,-1,70009150,12101006,1,0,1,-1
120900,"レイテルパラッシュ（銃剣）",10100000,18000,-1,-1,12101007,-1,0,0,-1
120901,"異質のレイテルパラッシュ",10110000,18000,-1,-1,5203,-1,0,0,-1
120902,"失われたレイテルパラッシュ",10120000,18000,-1,-1,5244,-1,0,0,-1
120903,"千景（刀）",2000000,50000,-1,-1,12101007,-1,0,0,-1
120904,"異質の血刀",2010000,50000,-1,-1,5201,-1,0,0,-1
120905,"失われた血刀",2020000,50000,-1,-1,5242,-1,0,0,-1
120906,"エヴェリン（ヴァンパイア短銃）",14100000,16000,-1,-1,12101007,-1,0,0,-1
120907,"カインの兜（ヴァンパイア騎士_頭）",100000,27000,-1,70009160,12101007,1,0,1,-1
120908,"カインの鎧（ヴァンパイア騎士_胴）",101000,44000,-1,70009170,12101007,1,0,1,-1
120909,"カインの手甲（ヴァンパイア騎士_腕）",102000,21000,-1,70009180,12101007,1,0,1,-1
120910,"カインの足甲（ヴァンパイア騎士_脚）",103000,21000,-1,70009190,12101007,1,0,1,-1
121000,"ロスマリヌス（噴霧器）",18000000,60000,-1,-1,12101009,-1,0,0,-1
121001,"毒メス",1210,1300,-1,-1,12101009,-1,0,3,-1
121002,"鎮静剤",1101,2600,-1,-1,12101009,-1,0,3,-1
121003,"血石の二欠片",3010,10000,-1,-1,12101009,-1,0,3,-1
121020,"貫通銃（貫通銃）",36000000,20000,-1,-1,6671,-1,0,0,-1
121021,"時限爆発瓶",1201,1300,-1,-1,6671,-1,0,3,-1
121022,"縄付き時限爆発瓶",1251,1400,-1,-1,6671,-1,0,3,-1
121100,"獣の爪（拳獣）",9000000,34000,-1,-1,6680,-1,0,0,-1
121101,"異質の獣爪",9010000,34000,-1,-1,5220,-1,0,0,-1
121102,"失われた獣爪",9020000,34000,-1,-1,5260,-1,0,0,-1
121103,"大砲（大筒）",15000000,18000,-1,-1,6681,-1,0,0,-1
121104,"獣狩りの松明（狩人の松明）",20000000,2000,-1,-1,6682,-1,0,0,-1
121110,"獣狩りの曲刀（ノコ曲剣）",23000000,16000,-1,-1,6683,-1,0,0,-1
121111,"異質の獣狩り曲刀",23010000,16000,-1,-1,5500,-1,0,0,-1
121112,"失われた獣狩り曲刀",23020000,16000,-1,-1,5501,-1,0,0,-1
121113,"獣肉断ち（ノコ鞭）",24000000,20000,-1,-1,6684,-1,0,0,-1
121114,"異質の獣肉断ち",24010000,20000,-1,-1,5502,-1,0,0,-1
121115,"失われた獣肉断ち",24020000,20000,-1,-1,5503,-1,0,0,-1
121116,"教会の杭（ウォーピック）",30000000,16000,-1,-1,6685,-1,0,0,-1
121117,"異質の教会杭",30010000,16000,-1,-1,5504,-1,0,0,-1
121118,"失われた教会杭",30020000,16000,-1,-1,5505,-1,0,0,-1
121119,"シモンの弓剣（変形弓）",32000000,24000,-1,-1,6686,-1,0,0,-1
121120,"異質の弓剣",32010000,24000,-1,-1,5506,-1,0,0,-1
121121,"失われた弓剣",32020000,24000,-1,-1,5507,-1,0,0,-1
121122,"月光の聖剣（月光剣）",26000000,80000,-1,-1,6687,-1,0,0,-1
121123,"異質の月光聖剣",26010000,80000,-1,-1,5508,-1,0,0,-1
121124,"失われた月光聖剣",26020000,80000,-1,-1,5509,-1,0,0,-1
121125,"落葉（双刃）",27000000,50000,-1,-1,6688,-1,0,0,-1
121126,"異質の落葉",27010000,50000,-1,-1,5510,-1,0,0,-1
121127,"失われた落葉",27020000,50000,-1,-1,5511,-1,0,0,-1
121128,"回転ノコギリ（丸鋸チェンソー）",31000000,30000,-1,-1,6689,-1,0,0,-1
121129,"異質の回転ノコギリ",31010000,30000,-1,-1,5512,-1,0,0,-1
121130,"失われた回転ノコギリ",31020000,30000,-1,-1,5513,-1,0,0,-1
121131,"爆発金槌（ガンハンマー）",28000000,28000,-1,-1,6690,-1,0,0,-1
121132,"異質の爆発金槌",28010000,28000,-1,-1,5514,-1,0,0,-1
121133,"失われた爆発金槌",28020000,28000,-1,-1,5515,-1,0,0,-1
121134,"瀉血の槌（十字メイス）",29000000,44000,-1,-1,6691,-1,0,0,-1
121135,"異質の瀉血槌",29010000,44000,-1,-1,5516,-1,0,0,-1
121136,"失われた瀉血槌",29020000,44000,-1,-1,5517,-1,0,0,-1
121137,"小アメンの腕（多関節）",25000000,66000,-1,-1,6692,-1,0,0,-1
121138,"異質の小アメン腕",25010000,66000,-1,-1,5518,-1,0,0,-1
121139,"失われた小アメン腕",25020000,66000,-1,-1,5519,-1,0,0,-1
121140,"ゴースの寄生虫（なめくじ）",38000000,60000,-1,-1,6693,-1,0,0,-1
121141,"異質の寄生虫",38010000,60000,-1,-1,5520,-1,0,0,-1
121142,"失われた寄生虫",38020000,60000,-1,-1,5521,-1,0,0,-1
121143,"ガトリング銃（ガトリング）",33000000,30000,-1,-1,6694,-1,0,0,-1
121144,"教会砲（グレネード）",35000000,40000,-1,-1,6695,-1,0,0,-1
121145,"ガラシャの拳（ナックル）",34000000,10000,-1,-1,6696,-1,0,0,-1
121146,"湖の盾（属性盾）",19100000,70000,-1,-1,6697,-1,0,0,-1
130000,"輸血液",1000,720,-1,-1,-1,-1,0,3,-1
130001,"水銀弾",900,400,-1,-1,-1,-1,0,3,-1
130002,"火炎瓶",1200,1600,-1,-1,-1,-1,0,3,-1
130003,"石ころ",1230,10,-1,-1,-1,-1,0,3,-1
130004,"ヤーナムの狩帽子（下級ハンター_頭）",60000,500,-1,70009000,-1,1,0,1,-1
130005,"ヤーナムの狩装束（下級ハンター_胴）",61000,1000,-1,70009010,-1,1,0,1,-1
130006,"ヤーナムの狩手袋（下級ハンター_腕）",62000,500,-1,70009020,-1,1,0,1,-1
130007,"ヤーナムの狩ズボン（下級ハンター_脚）",63000,500,-1,70009030,-1,1,0,1,-1
130008,"儀式の血【1】",7000,2500,-1,-1,5000,-1,0,3,-1
130009,"儀式の血【2】",7001,6000,-1,-1,5005,-1,0,3,-1
130010,"儀式の血【3】",7002,12000,-1,-1,5007,-1,0,3,-1
130011,"儀式の血【4】",7003,24000,-1,-1,5053,-1,0,3,-1
130012,"儀式の血【5】",7004,48000,-1,-1,6603,-1,0,3,-1
130013,"墓所カビ【1】",7020,2000,-1,-1,5004,-1,0,3,-1
130014,"墓所カビ【2】",7021,5000,-1,-1,5005,-1,0,3,-1
130015,"墓所カビ【3】",7022,10000,-1,-1,5007,-1,0,3,-1
130016,"墓所カビ【4】",7023,20000,-1,-1,5053,-1,0,3,-1
130017,"墓所カビ【5】",7024,40000,-1,-1,6603,-1,0,3,-1
130100,"ノコギリ鉈（ノコナタ）",7000000,1000,-1,-1,12101000,-1,0,0,-1
130101,"異質のノコギリ鉈",7010000,1000,-1,-1,5100,-1,0,0,-1
130102,"失われたノコギリ鉈",7020000,1000,-1,-1,5162,-1,0,0,-1
130103,"獣狩りの斧（斧竿）",5000000,1100,-1,-1,12101000,-1,0,0,-1
130104,"異質の獣狩り斧",5010000,1100,-1,-1,5140,-1,0,0,-1
130105,"失われた獣狩り斧",5020000,1100,-1,-1,5221,-1,0,0,-1
130106,"仕込み杖（杖鞭）",22000000,1200,-1,-1,12101000,-1,0,0,-1
130107,"異質の仕込み杖",22010000,1200,-1,-1,5121,-1,0,0,-1
130108,"失われた仕込み杖",22020000,1200,-1,-1,5282,-1,0,0,-1
130109,"ノコギリ槍（ノコヤリ）",7100000,1000,-1,-1,12101000,-1,0,0,-1
130110,"異質のノコギリ槍",7110000,1000,-1,-1,5120,-1,0,0,-1
130111,"失われたノコギリ槍",7120000,1000,-1,-1,5161,-1,0,0,-1
130112,"獣狩りの短銃（工房短銃）",14000000,1600,-1,-1,12101000,-1,0,0,-1
130113,"獣狩りの散弾銃（工房長銃）",6000000,1700,-1,-1,12101000,-1,0,0,-1
130114,"スローイングナイフ",1240,800,-1,-1,12101000,-1,0,3,-1
130115,"匂いたつ血の酒",1260,10000,-1,-1,12101000,-1,0,3,-1
130200,"パイルハンマー（剣杭）",11000000,8000,-1,-1,12101002,-1,0,0,-1
130201,"異質のパイルハンマー",11010000,8000,-1,-1,5180,-1,0,0,-1
130202,"失われたパイルハンマー",11020000,8000,-1,-1,5264,-1,0,0,-1
130203,"銃槍（銃槍）",10000000,4000,-1,-1,12101002,-1,0,0,-1
130204,"異質の銃槍",10010000,4000,-1,-1,5163,-1,0,0,-1
130205,"失われた銃槍",10020000,4000,-1,-1,5223,-1,0,0,-1
130206,"油壺",1220,2400,-1,-1,12101002,-1,0,3,-1
130207,"縄付き火炎瓶",1250,1700,-1,-1,12101002,-1,0,3,-1
130300,"葬送の刃（剣鎌）",5100000,60000,-1,-1,12101003,-1,0,0,-1
130301,"異質の葬送刃",5110000,60000,-1,-1,5261,-1,0,0,-1
130302,"失われた葬送刃",5120000,60000,-1,-1,5240,-1,0,0,-1
130303,"ゲールマンの狩帽子（拠点老人_頭）",200000,7000,-1,70009040,12101003,1,0,1,-1
130304,"ゲールマンの狩装束（拠点老人_胴）",201000,17000,-1,70009050,12101003,1,0,1,-1
130305,"ゲールマンの狩ズボン（拠点老人_脚）",203000,7000,-1,70009060,12101003,1,0,1,-1
130400,"慈悲の刃（双剣）",4000000,40000,-1,-1,12101001,-1,0,0,-1
130401,"異質の慈悲刃",4010000,40000,-1,-1,5262,-1,0,0,-1
130402,"失われた慈悲刃",4020000,40000,-1,-1,5241,-1,0,0,-1
130403,"嘴の仮面（切り裂きジャック_頭）",180000,10000,-1,70009070,12101001,1,0,1,-1
130404,"鴉羽の狩装束（切り裂きジャック_胴）",181000,18000,-1,70009080,12101001,1,0,1,-1
130405,"鴉羽の腕帯（切り裂きジャック_腕）",182000,8000,-1,70009090,12101001,1,0,1,-1
130406,"鴉羽のズボン（切り裂きジャック_脚）",183000,8000,-1,70009100,12101001,1,0,1,-1
130500,"トニトルス（爆槌）",13000000,26000,-1,-1,12101008,-1,0,0,-1
130501,"異質のトニトルス",13010000,26000,-1,-1,5222,-1,0,0,-1
130502,"失われたトニトルス",13020000,26000,-1,-1,5263,-1,0,0,-1
130503,"雷光ヤスリ",1320,9600,-1,-1,12101008,-1,0,3,-1
130600,"教会の石槌（剣槌）",8000000,3000,-1,-1,12101004,-1,0,0,-1
130601,"異質の教会石槌",8010000,3000,-1,-1,5160,-1,0,0,-1
130602,"失われた教会石槌",8020000,3000,-1,-1,5281,-1,0,0,-1
130603,"教会の連装銃（教会短銃）",14200000,3000,-1,-1,12101004,-1,0,0,-1
130604,"白い丸薬",1100,2300,-1,-1,12101004,-1,0,3,-1
130605,"狩人の確かな徴",1400,1200,-1,-1,12101004,-1,0,3,-1
130606,"携帯ランタン",1412,2000,-1,-1,12101004,-1,0,3,-1
130607,"狩長の印",4011,10000,-1,70009250,12101004,1,0,3,-1
130700,"ルドウイークの聖剣（剣大剣）",8100000,20000,-1,-1,12101005,-1,0,0,-1
130701,"異質の聖剣",8110000,20000,-1,-1,5200,-1,0,0,-1
130702,"失われた聖剣",8120000,20000,-1,-1,5280,-1,0,0,-1
130703,"ルドウイークの長銃（教会長銃）",6100000,10000,-1,-1,12101005,-1,0,0,-1
130704,"火炎放射器（火炎放射器）",18100000,8000,-1,-1,12101005,-1,0,0,-1
130705,"発火ヤスリ",1300,8400,-1,-1,12101005,-1,0,3,-1
130706,"骨髄の灰",1330,3600,-1,-1,12101005,-1,0,3,-1
130707,"輝く硬貨",1410,20,-1,-1,12101005,-1,0,3,-1
130708,"血石の欠片",3000,2000,-1,-1,12101005,-1,0,3,-1
130709,"墓暴きのフード（教会ハンター_頭）",140000,6000,-1,70009110,12101005,1,0,1,-1
130710,"墓暴きの装束（教会ハンター_胴）",141000,18000,-1,70009120,12101005,1,0,1,-1
130711,"墓暴きの手袋（教会ハンター_腕）",142000,6000,-1,70009130,12101005,1,0,1,-1
130712,"墓暴きのズボン（教会ハンター_脚）",143000,6000,-1,70009140,12101005,1,0,1,-1
130800,"ローゲリウスの車輪（車輪）",12000000,13000,-1,-1,12101006,-1,0,0,-1
130801,"異質の車輪",12010000,13000,-1,-1,5202,-1,0,0,-1
130802,"失われた車輪",12020000,13000,-1,-1,5243,-1,0,0,-1
130803,"金のアルデオ（血族狩り_頭）",150000,60000,-1,70009150,12101006,1,0,1,-1
130900,"レイテルパラッシュ（銃剣）",10100000,18000,-1,-1,12101007,-1,0,0,-1
130901,"異質のレイテルパラッシュ",10110000,18000,-1,-1,5203,-1,0,0,-1
130902,"失われたレイテルパラッシュ",10120000,18000,-1,-1,5244,-1,0,0,-1
130903,"千景（刀）",2000000,50000,-1,-1,12101007,-1,0,0,-1
130904,"異質の血刀",2010000,50000,-1,-1,5201,-1,0,0,-1
130905,"失われた血刀",2020000,50000,-1,-1,5242,-1,0,0,-1
130906,"エヴェリン（ヴァンパイア短銃）",14100000,16000,-1,-1,12101007,-1,0,0,-1
130907,"カインの兜（ヴァンパイア騎士_頭）",100000,27000,-1,70009160,12101007,1,0,1,-1
130908,"カインの鎧（ヴァンパイア騎士_胴）",101000,44000,-1,70009170,12101007,1,0,1,-1
130909,"カインの手甲（ヴァンパイア騎士_腕）",102000,21000,-1,70009180,12101007,1,0,1,-1
130910,"カインの足甲（ヴァンパイア騎士_脚）",103000,21000,-1,70009190,12101007,1,0,1,-1
131000,"ロスマリヌス（噴霧器）",18000000,60000,-1,-1,12101009,-1,0,0,-1
131001,"毒メス",1210,2300,-1,-1,12101009,-1,0,3,-1
131002,"鎮静剤",1101,4600,-1,-1,12101009,-1,0,3,-1
131003,"血石の二欠片",3010,10000,-1,-1,12101009,-1,0,3,-1
131020,"貫通銃（貫通銃）",36000000,20000,-1,-1,6671,-1,0,0,-1
131021,"時限爆発瓶",1201,2400,-1,-1,6671,-1,0,3,-1
131022,"縄付き時限爆発瓶",1251,2600,-1,-1,6671,-1,0,3,-1
131100,"獣の爪（拳獣）",9000000,34000,-1,-1,6680,-1,0,0,-1
131101,"異質の獣爪",9010000,34000,-1,-1,5220,-1,0,0,-1
131102,"失われた獣爪",9020000,34000,-1,-1,5260,-1,0,0,-1
131103,"大砲（大筒）",15000000,18000,-1,-1,6681,-1,0,0,-1
131104,"獣狩りの松明（狩人の松明）",20000000,2000,-1,-1,6682,-1,0,0,-1
131110,"獣狩りの曲刀（ノコ曲剣）",23000000,16000,-1,-1,6683,-1,0,0,-1
131111,"異質の獣狩り曲刀",23010000,16000,-1,-1,5500,-1,0,0,-1
131112,"失われた獣狩り曲刀",23020000,16000,-1,-1,5501,-1,0,0,-1
131113,"獣肉断ち（ノコ鞭）",24000000,20000,-1,-1,6684,-1,0,0,-1
131114,"異質の獣肉断ち",24010000,20000,-1,-1,5502,-1,0,0,-1
131115,"失われた獣肉断ち",24020000,20000,-1,-1,5503,-1,0,0,-1
131116,"教会の杭（ウォーピック）",30000000,16000,-1,-1,6685,-1,0,0,-1
131117,"異質の教会杭",30010000,16000,-1,-1,5504,-1,0,0,-1
131118,"失われた教会杭",30020000,16000,-1,-1,5505,-1,0,0,-1
131119,"シモンの弓剣（変形弓）",32000000,24000,-1,-1,6686,-1,0,0,-1
131120,"異質の弓剣",32010000,24000,-1,-1,5506,-1,0,0,-1
131121,"失われた弓剣",32020000,24000,-1,-1,5507,-1,0,0,-1
131122,"月光の聖剣（月光剣）",26000000,80000,-1,-1,6687,-1,0,0,-1
131123,"異質の月光聖剣",26010000,80000,-1,-1,5508,-1,0,0,-1
131124,"失われた月光聖剣",26020000,80000,-1,-1,5509,-1,0,0,-1
131125,"落葉（双刃）",27000000,50000,-1,-1,6688,-1,0,0,-1
131126,"異質の落葉",27010000,50000,-1,-1,5510,-1,0,0,-1
131127,"失われた落葉",27020000,50000,-1,-1,5511,-1,0,0,-1
131128,"回転ノコギリ（丸鋸チェンソー）",31000000,30000,-1,-1,6689,-1,0,0,-1
131129,"異質の回転ノコギリ",31010000,30000,-1,-1,5512,-1,0,0,-1
131130,"失われた回転ノコギリ",31020000,30000,-1,-1,5513,-1,0,0,-1
131131,"爆発金槌（ガンハンマー）",28000000,28000,-1,-1,6690,-1,0,0,-1
131132,"異質の爆発金槌",28010000,28000,-1,-1,5514,-1,0,0,-1
131133,"失われた爆発金槌",28020000,28000,-1,-1,5515,-1,0,0,-1
131134,"瀉血の槌（十字メイス）",29000000,44000,-1,-1,6691,-1,0,0,-1
131135,"異質の瀉血槌",29010000,44000,-1,-1,5516,-1,0,0,-1
131136,"失われた瀉血槌",29020000,44000,-1,-1,5517,-1,0,0,-1
131137,"小アメンの腕（多関節）",25000000,66000,-1,-1,6692,-1,0,0,-1
131138,"異質の小アメン腕",25010000,66000,-1,-1,5518,-1,0,0,-1
131139,"失われた小アメン腕",25020000,66000,-1,-1,5519,-1,0,0,-1
131140,"ゴースの寄生虫（なめくじ）",38000000,60000,-1,-1,6693,-1,0,0,-1
131141,"異質の寄生虫",38010000,60000,-1,-1,5520,-1,0,0,-1
131142,"失われた寄生虫",38020000,60000,-1,-1,5521,-1,0,0,-1
131143,"ガトリング銃（ガトリング）",33000000,30000,-1,-1,6694,-1,0,0,-1
131144,"教会砲（グレネード）",35000000,40000,-1,-1,6695,-1,0,0,-1
131145,"ガラシャの拳（ナックル）",34000000,10000,-1,-1,6696,-1,0,0,-1
131146,"湖の盾（属性盾）",19100000,70000,-1,-1,6697,-1,0,0,-1
140000,"輸血液",1000,900,-1,-1,-1,-1,0,3,-1
140001,"水銀弾",900,500,-1,-1,-1,-1,0,3,-1
140002,"火炎瓶",1200,2000,-1,-1,-1,-1,0,3,-1
140003,"石ころ",1230,10,-1,-1,-1,-1,0,3,-1
140004,"ヤーナムの狩帽子（下級ハンター_頭）",60000,500,-1,70009000,-1,1,0,1,-1
140005,"ヤーナムの狩装束（下級ハンター_胴）",61000,1000,-1,70009010,-1,1,0,1,-1
140006,"ヤーナムの狩手袋（下級ハンター_腕）",62000,500,-1,70009020,-1,1,0,1,-1
140007,"ヤーナムの狩ズボン（下級ハンター_脚）",63000,500,-1,70009030,-1,1,0,1,-1
140008,"儀式の血【1】",7000,2500,-1,-1,5000,-1,0,3,-1
140009,"儀式の血【2】",7001,6000,-1,-1,5005,-1,0,3,-1
140010,"儀式の血【3】",7002,12000,-1,-1,5007,-1,0,3,-1
140011,"儀式の血【4】",7003,24000,-1,-1,5053,-1,0,3,-1
140012,"儀式の血【5】",7004,48000,-1,-1,6603,-1,0,3,-1
140013,"墓所カビ【1】",7020,2000,-1,-1,5004,-1,0,3,-1
140014,"墓所カビ【2】",7021,5000,-1,-1,5005,-1,0,3,-1
140015,"墓所カビ【3】",7022,10000,-1,-1,5007,-1,0,3,-1
140016,"墓所カビ【4】",7023,20000,-1,-1,5053,-1,0,3,-1
140017,"墓所カビ【5】",7024,40000,-1,-1,6603,-1,0,3,-1
140100,"ノコギリ鉈（ノコナタ）",7000000,1000,-1,-1,12101000,-1,0,0,-1
140101,"異質のノコギリ鉈",7010000,1000,-1,-1,5100,-1,0,0,-1
140102,"失われたノコギリ鉈",7020000,1000,-1,-1,5162,-1,0,0,-1
140103,"獣狩りの斧（斧竿）",5000000,1100,-1,-1,12101000,-1,0,0,-1
140104,"異質の獣狩り斧",5010000,1100,-1,-1,5140,-1,0,0,-1
140105,"失われた獣狩り斧",5020000,1100,-1,-1,5221,-1,0,0,-1
140106,"仕込み杖（杖鞭）",22000000,1200,-1,-1,12101000,-1,0,0,-1
140107,"異質の仕込み杖",22010000,1200,-1,-1,5121,-1,0,0,-1
140108,"失われた仕込み杖",22020000,1200,-1,-1,5282,-1,0,0,-1
140109,"ノコギリ槍（ノコヤリ）",7100000,1000,-1,-1,12101000,-1,0,0,-1
140110,"異質のノコギリ槍",7110000,1000,-1,-1,5120,-1,0,0,-1
140111,"失われたノコギリ槍",7120000,1000,-1,-1,5161,-1,0,0,-1
140112,"獣狩りの短銃（工房短銃）",14000000,1600,-1,-1,12101000,-1,0,0,-1
140113,"獣狩りの散弾銃（工房長銃）",6000000,1700,-1,-1,12101000,-1,0,0,-1
140114,"スローイングナイフ",1240,1000,-1,-1,12101000,-1,0,3,-1
140115,"匂いたつ血の酒",1260,15000,-1,-1,12101000,-1,0,3,-1
140200,"パイルハンマー（剣杭）",11000000,8000,-1,-1,12101002,-1,0,0,-1
140201,"異質のパイルハンマー",11010000,8000,-1,-1,5180,-1,0,0,-1
140202,"失われたパイルハンマー",11020000,8000,-1,-1,5264,-1,0,0,-1
140203,"銃槍（銃槍）",10000000,4000,-1,-1,12101002,-1,0,0,-1
140204,"異質の銃槍",10010000,4000,-1,-1,5163,-1,0,0,-1
140205,"失われた銃槍",10020000,4000,-1,-1,5223,-1,0,0,-1
140206,"油壺",1220,3000,-1,-1,12101002,-1,0,3,-1
140207,"縄付き火炎瓶",1250,2100,-1,-1,12101002,-1,0,3,-1
140300,"葬送の刃（剣鎌）",5100000,60000,-1,-1,12101003,-1,0,0,-1
140301,"異質の葬送刃",5110000,60000,-1,-1,5261,-1,0,0,-1
140302,"失われた葬送刃",5120000,60000,-1,-1,5240,-1,0,0,-1
140303,"ゲールマンの狩帽子（拠点老人_頭）",200000,7000,-1,70009040,12101003,1,0,1,-1
140304,"ゲールマンの狩装束（拠点老人_胴）",201000,17000,-1,70009050,12101003,1,0,1,-1
140305,"ゲールマンの狩ズボン（拠点老人_脚）",203000,7000,-1,70009060,12101003,1,0,1,-1
140400,"慈悲の刃（双剣）",4000000,40000,-1,-1,12101001,-1,0,0,-1
140401,"異質の慈悲刃",4010000,40000,-1,-1,5262,-1,0,0,-1
140402,"失われた慈悲刃",4020000,40000,-1,-1,5241,-1,0,0,-1
140403,"嘴の仮面（切り裂きジャック_頭）",180000,10000,-1,70009070,12101001,1,0,1,-1
140404,"鴉羽の狩装束（切り裂きジャック_胴）",181000,18000,-1,70009080,12101001,1,0,1,-1
140405,"鴉羽の腕帯（切り裂きジャック_腕）",182000,8000,-1,70009090,12101001,1,0,1,-1
140406,"鴉羽のズボン（切り裂きジャック_脚）",183000,8000,-1,70009100,12101001,1,0,1,-1
140500,"トニトルス（爆槌）",13000000,26000,-1,-1,12101008,-1,0,0,-1
140501,"異質のトニトルス",13010000,26000,-1,-1,5222,-1,0,0,-1
140502,"失われたトニトルス",13020000,26000,-1,-1,5263,-1,0,0,-1
140503,"雷光ヤスリ",1320,14000,-1,-1,12101008,-1,0,3,-1
140600,"教会の石槌（剣槌）",8000000,3000,-1,-1,12101004,-1,0,0,-1
140601,"異質の教会石槌",8010000,3000,-1,-1,5160,-1,0,0,-1
140602,"失われた教会石槌",8020000,3000,-1,-1,5281,-1,0,0,-1
140603,"教会の連装銃（教会短銃）",14200000,3000,-1,-1,12101004,-1,0,0,-1
140604,"白い丸薬",1100,2800,-1,-1,12101004,-1,0,3,-1
140605,"狩人の確かな徴",1400,1200,-1,-1,12101004,-1,0,3,-1
140606,"携帯ランタン",1412,2000,-1,-1,12101004,-1,0,3,-1
140607,"狩長の印",4011,10000,-1,70009250,12101004,1,0,3,-1
140700,"ルドウイークの聖剣（剣大剣）",8100000,20000,-1,-1,12101005,-1,0,0,-1
140701,"異質の聖剣",8110000,20000,-1,-1,5200,-1,0,0,-1
140702,"失われた聖剣",8120000,20000,-1,-1,5280,-1,0,0,-1
140703,"ルドウイークの長銃（教会長銃）",6100000,10000,-1,-1,12101005,-1,0,0,-1
140704,"火炎放射器（火炎放射器）",18100000,8000,-1,-1,12101005,-1,0,0,-1
140705,"発火ヤスリ",1300,12600,-1,-1,12101005,-1,0,3,-1
140706,"骨髄の灰",1330,5600,-1,-1,12101005,-1,0,3,-1
140707,"輝く硬貨",1410,20,-1,-1,12101005,-1,0,3,-1
140708,"血石の欠片",3000,2000,-1,-1,12101005,-1,0,3,-1
140709,"墓暴きのフード（教会ハンター_頭）",140000,6000,-1,70009110,12101005,1,0,1,-1
140710,"墓暴きの装束（教会ハンター_胴）",141000,18000,-1,70009120,12101005,1,0,1,-1
140711,"墓暴きの手袋（教会ハンター_腕）",142000,6000,-1,70009130,12101005,1,0,1,-1
140712,"墓暴きのズボン（教会ハンター_脚）",143000,6000,-1,70009140,12101005,1,0,1,-1
140800,"ローゲリウスの車輪（車輪）",12000000,13000,-1,-1,12101006,-1,0,0,-1
140801,"異質の車輪",12010000,13000,-1,-1,5202,-1,0,0,-1
140802,"失われた車輪",12020000,13000,-1,-1,5243,-1,0,0,-1
140803,"金のアルデオ（血族狩り_頭）",150000,60000,-1,70009150,12101006,1,0,1,-1
140900,"レイテルパラッシュ（銃剣）",10100000,18000,-1,-1,12101007,-1,0,0,-1
140901,"異質のレイテルパラッシュ",10110000,18000,-1,-1,5203,-1,0,0,-1
140902,"失われたレイテルパラッシュ",10120000,18000,-1,-1,5244,-1,0,0,-1
140903,"千景（刀）",2000000,50000,-1,-1,12101007,-1,0,0,-1
140904,"異質の血刀",2010000,50000,-1,-1,5201,-1,0,0,-1
140905,"失われた血刀",2020000,50000,-1,-1,5242,-1,0,0,-1
140906,"エヴェリン（ヴァンパイア短銃）",14100000,16000,-1,-1,12101007,-1,0,0,-1
140907,"カインの兜（ヴァンパイア騎士_頭）",100000,27000,-1,70009160,12101007,1,0,1,-1
140908,"カインの鎧（ヴァンパイア騎士_胴）",101000,44000,-1,70009170,12101007,1,0,1,-1
140909,"カインの手甲（ヴァンパイア騎士_腕）",102000,21000,-1,70009180,12101007,1,0,1,-1
140910,"カインの足甲（ヴァンパイア騎士_脚）",103000,21000,-1,70009190,12101007,1,0,1,-1
141000,"ロスマリヌス（噴霧器）",18000000,60000,-1,-1,12101009,-1,0,0,-1
141001,"毒メス",1210,2800,-1,-1,12101009,-1,0,3,-1
141002,"鎮静剤",1101,5600,-1,-1,12101009,-1,0,3,-1
141003,"血石の二欠片",3010,10000,-1,-1,12101009,-1,0,3,-1
141020,"貫通銃（貫通銃）",36000000,20000,-1,-1,6671,-1,0,0,-1
141021,"時限爆発瓶",1201,3000,-1,-1,6671,-1,0,3,-1
141022,"縄付き時限爆発瓶",1251,3200,-1,-1,6671,-1,0,3,-1
141100,"獣の爪（拳獣）",9000000,34000,-1,-1,6680,-1,0,0,-1
141101,"異質の獣爪",9010000,34000,-1,-1,5220,-1,0,0,-1
141102,"失われた獣爪",9020000,34000,-1,-1,5260,-1,0,0,-1
141103,"大砲（大筒）",15000000,18000,-1,-1,6681,-1,0,0,-1
141104,"獣狩りの松明（狩人の松明）",20000000,2000,-1,-1,6682,-1,0,0,-1
141110,"獣狩りの曲刀（ノコ曲剣）",23000000,16000,-1,-1,6683,-1,0,0,-1
141111,"異質の獣狩り曲刀",23010000,16000,-1,-1,5500,-1,0,0,-1
141112,"失われた獣狩り曲刀",23020000,16000,-1,-1,5501,-1,0,0,-1
141113,"獣肉断ち（ノコ鞭）",24000000,20000,-1,-1,6684,-1,0,0,-1
141114,"異質の獣肉断ち",24010000,20000,-1,-1,5502,-1,0,0,-1
141115,"失われた獣肉断ち",24020000,20000,-1,-1,5503,-1,0,0,-1
141116,"教会の杭（ウォーピック）",30000000,16000,-1,-1,6685,-1,0,0,-1
141117,"異質の教会杭",30010000,16000,-1,-1,5504,-1,0,0,-1
141118,"失われた教会杭",30020000,16000,-1,-1,5505,-1,0,0,-1
141119,"シモンの弓剣（変形弓）",32000000,24000,-1,-1,6686,-1,0,0,-1
141120,"異質の弓剣",32010000,24000,-1,-1,5506,-1,0,0,-1
141121,"失われた弓剣",32020000,24000,-1,-1,5507,-1,0,0,-1
141122,"月光の聖剣（月光剣）",26000000,80000,-1,-1,6687,-1,0,0,-1
141123,"異質の月光聖剣",26010000,80000,-1,-1,5508,-1,0,0,-1
141124,"失われた月光聖剣",26020000,80000,-1,-1,5509,-1,0,0,-1
141125,"落葉（双刃）",27000000,50000,-1,-1,6688,-1,0,0,-1
141126,"異質の落葉",27010000,50000,-1,-1,5510,-1,0,0,-1
141127,"失われた落葉",27020000,50000,-1,-1,5511,-1,0,0,-1
141128,"回転ノコギリ（丸鋸チェンソー）",31000000,30000,-1,-1,6689,-1,0,0,-1
141129,"異質の回転ノコギリ",31010000,30000,-1,-1,5512,-1,0,0,-1
141130,"失われた回転ノコギリ",31020000,30000,-1,-1,5513,-1,0,0,-1
141131,"爆発金槌（ガンハンマー）",28000000,28000,-1,-1,6690,-1,0,0,-1
141132,"異質の爆発金槌",28010000,28000,-1,-1,5514,-1,0,0,-1
141133,"失われた爆発金槌",28020000,28000,-1,-1,5515,-1,0,0,-1
141134,"瀉血の槌（十字メイス）",29000000,44000,-1,-1,6691,-1,0,0,-1
141135,"異質の瀉血槌",29010000,44000,-1,-1,5516,-1,0,0,-1
141136,"失われた瀉血槌",29020000,44000,-1,-1,5517,-1,0,0,-1
141137,"小アメンの腕（多関節）",25000000,66000,-1,-1,6692,-1,0,0,-1
141138,"異質の小アメン腕",25010000,66000,-1,-1,5518,-1,0,0,-1
141139,"失われた小アメン腕",25020000,66000,-1,-1,5519,-1,0,0,-1
141140,"ゴースの寄生虫（なめくじ）",38000000,60000,-1,-1,6693,-1,0,0,-1
141141,"異質の寄生虫",38010000,60000,-1,-1,5520,-1,0,0,-1
141142,"失われた寄生虫",38020000,60000,-1,-1,5521,-1,0,0,-1
141143,"ガトリング銃（ガトリング）",33000000,30000,-1,-1,6694,-1,0,0,-1
141144,"教会砲（グレネード）",35000000,40000,-1,-1,6695,-1,0,0,-1
141145,"ガラシャの拳（ナックル）",34000000,10000,-1,-1,6696,-1,0,0,-1
141146,"湖の盾（属性盾）",19100000,70000,-1,-1,6697,-1,0,0,-1
200000,"共鳴する小さな鐘",205,1,-1,6610,6622,1,5,3,-1
200001,"共鳴する不吉な鐘",225,1,-1,6650,6610,1,5,3,-1
200002,"匂いたつ血の酒",1260,1,-1,-1,-1,-1,5,3,-1
200003,"発火ヤスリ",1300,1,-1,-1,12101005,-1,5,3,-1
200004,"獣血の丸薬",1110,1,-1,-1,12101009,-1,5,3,-1
200005,"青い秘薬",1120,2,-1,-1,12101009,-1,5,3,-1
200006,"雷光ヤスリ",1320,1,-1,-1,12101008,-1,5,3,-1
200007,"感覚麻痺の霧",1270,2,-1,-1,12101007,-1,5,3,-1
200008,"血石の欠片",3000,1,-1,-1,5901,-1,5,3,-1
200009,"鉛の秘薬",2030,2,-1,-1,5902,-1,5,3,-1
200010,"血石の二欠片",3010,2,-1,-1,5902,-1,5,3,-1
200011,"祭祀者の骨の刃",2090,1,-1,-1,5003,-1,5,3,-1
200012,"死血花の芽生え",7012,2,-1,-1,5006,-1,5,3,-1
200013,"死血花のつぼみ",7013,4,-1,-1,6603,-1,5,3,-1
200014,"大輪の死血花",7014,8,-1,-1,6603,-1,5,3,-1
200015,"真珠ナメクジ",7100,3,-1,-1,5009,-1,5,3,-1
200016,"レッドゼリー",7110,5,-1,-1,6192,-1,5,3,-1
200017,"聖者の手首",7120,1,-1,-1,6603,-1,5,3,-1
200018,"聖者の頭蓋",7121,2,-1,-1,6603,-1,5,3,-1
200019,"病巣の臓器",7130,2,-1,-1,6603,-1,5,3,-1
200020,"黄色い背骨",7131,3,-1,-1,6603,-1,5,3,-1
200021,"ローランの赤子",7140,7,-1,-1,6603,-1,5,3,-1
200022,"血走った目玉",7150,2,-1,-1,5911,-1,5,3,-1
200023,"生きているひも",7200,10,-1,-1,5913,-1,5,3,-1
200024,"血石の塊",3020,20,-1,-1,5903,-1,5,3,-1
200025,"血の岩",3030,60,-1,-1,5904,-1,5,3,-1
200030,"ヘンリックの狩帽子（上級ハンター_頭）",50000,1,-1,70009260,5912,1,5,1,-1
200031,"ヘンリックの狩装束（上級ハンター_胴）",51000,3,-1,70009270,5912,1,5,1,-1
200032,"ヘンリックの狩手袋（上級ハンター_腕）",52000,1,-1,70009280,5912,1,5,1,-1
200033,"ヘンリックの狩ズボン（上級ハンター_脚）",53000,1,-1,70009290,5912,1,5,1,-1
200040,"神父の狩帽子（ガスコイン神父_頭）",130000,1,-1,70009300,5910,1,5,1,-1
200041,"神父の狩装束（ガスコイン神父_胴）",131000,3,-1,70009310,5910,1,5,1,-1
200042,"神父の狩手袋（ガスコイン神父_腕）",132000,1,-1,70009320,5910,1,5,1,-1
200043,"神父の狩ズボン（ガスコイン神父_脚）",133000,1,-1,70009330,5910,1,5,1,-1
200050,"灰狼の帽子（狼の帽子）",10000,1,-1,70009340,5914,1,5,1,-1
200051,"灰の狩装束（隠密_胴）",241000,3,-1,70009350,5914,1,5,1,-1
200052,"灰の狩手袋（隠密_腕）",242000,1,-1,70009360,5914,1,5,1,-1
200053,"灰の狩ズボン（隠密_脚）",243000,1,-1,70009370,5914,1,5,1,-1
200060,"骨炭の仮面（滅びの炎の眷属_頭）",40000,2,-1,70009380,5090,1,5,1,-1
200061,"骨炭の鎧（滅びの炎の眷属_胴）",41000,4,-1,70009390,5090,1,5,1,-1
200062,"骨炭の手甲（滅びの炎の眷属_腕）",42000,2,-1,70009400,5090,1,5,1,-1
200063,"骨炭の足甲（滅びの炎の眷属_脚）",43000,2,-1,70009410,5090,1,5,1,-1
200064,"異常者のフード（狂った邪教徒_頭）",210000,1,-1,70009420,5091,1,5,1,-1
200065,"異常者の装束（狂った邪教徒_胴）",211000,3,-1,70009430,5091,1,5,1,-1
200066,"異常者の腕帯（狂った邪教徒_腕）",212000,1,-1,70009440,5091,1,5,1,-1
200067,"異常者の脚帯（狂った邪教徒_脚）",213000,1,-1,70009450,5091,1,5,1,-1
200070,"略式儀式の汎聖杯",4105,10,-1,6660,5001,1,5,3,-1
200090,"マリアの狩帽子（女性ハンター_頭）",370000,3,-1,70009460,6675,1,5,1,-1
200091,"マリアの狩装束（女性ハンター_胴）",371000,5,-1,70009470,6675,1,5,1,-1
200092,"マリアの狩手袋（女性ハンター_腕）",372000,3,-1,70009480,6675,1,5,1,-1
200093,"マリアの狩ズボン（女性ハンター_脚）",373000,3,-1,70009490,6675,1,5,1,-1
210000,"共鳴する小さな鐘",205,1,-1,6610,6622,1,5,3,-1
210001,"共鳴する不吉な鐘",225,1,-1,6650,6610,1,5,3,-1
210002,"匂いたつ血の酒",1260,1,-1,-1,-1,-1,5,3,-1
210003,"発火ヤスリ",1300,1,-1,-1,12101005,-1,5,3,-1
210004,"獣血の丸薬",1110,1,-1,-1,12101009,-1,5,3,-1
210005,"青い秘薬",1120,2,-1,-1,12101009,-1,5,3,-1
210006,"雷光ヤスリ",1320,1,-1,-1,12101008,-1,5,3,-1
210007,"感覚麻痺の霧",1270,2,-1,-1,12101007,-1,5,3,-1
210008,"血石の欠片",3000,1,-1,-1,5901,-1,5,3,-1
210009,"鉛の秘薬",2030,2,-1,-1,5902,-1,5,3,-1
210010,"血石の二欠片",3010,2,-1,-1,5902,-1,5,3,-1
210011,"祭祀者の骨の刃",2090,1,-1,-1,5003,-1,5,3,-1
210012,"死血花の芽生え",7012,2,-1,-1,5006,-1,5,3,-1
210013,"死血花のつぼみ",7013,4,-1,-1,6603,-1,5,3,-1
210014,"大輪の死血花",7014,8,-1,-1,6603,-1,5,3,-1
210015,"真珠ナメクジ",7100,3,-1,-1,5009,-1,5,3,-1
210016,"レッドゼリー",7110,5,-1,-1,6192,-1,5,3,-1
210017,"聖者の手首",7120,1,-1,-1,6603,-1,5,3,-1
210018,"聖者の頭蓋",7121,2,-1,-1,6603,-1,5,3,-1
210019,"病巣の臓器",7130,2,-1,-1,6603,-1,5,3,-1
210020,"黄色い背骨",7131,3,-1,-1,6603,-1,5,3,-1
210021,"ローランの赤子",7140,7,-1,-1,6603,-1,5,3,-1
210022,"血走った目玉",7150,2,-1,-1,5911,-1,5,3,-1
210023,"生きているひも",7200,10,-1,-1,5913,-1,5,3,-1
210024,"血石の塊",3020,20,-1,-1,5903,-1,5,3,-1
210025,"血の岩",3030,60,-1,-1,5904,-1,5,3,-1
210030,"ヘンリックの狩帽子（上級ハンター_頭）",50000,1,-1,70009260,5912,1,5,1,-1
210031,"ヘンリックの狩装束（上級ハンター_胴）",51000,3,-1,70009270,5912,1,5,1,-1
210032,"ヘンリックの狩手袋（上級ハンター_腕）",52000,1,-1,70009280,5912,1,5,1,-1
210033,"ヘンリックの狩ズボン（上級ハンター_脚）",53000,1,-1,70009290,5912,1,5,1,-1
210040,"神父の狩帽子（ガスコイン神父_頭）",130000,1,-1,70009300,5910,1,5,1,-1
210041,"神父の狩装束（ガスコイン神父_胴）",131000,3,-1,70009310,5910,1,5,1,-1
210042,"神父の狩手袋（ガスコイン神父_腕）",132000,1,-1,70009320,5910,1,5,1,-1
210043,"神父の狩ズボン（ガスコイン神父_脚）",133000,1,-1,70009330,5910,1,5,1,-1
210050,"灰狼の帽子（狼の帽子）",10000,1,-1,70009340,5914,1,5,1,-1
210051,"灰の狩装束（隠密_胴）",241000,3,-1,70009350,5914,1,5,1,-1
210052,"灰の狩手袋（隠密_腕）",242000,1,-1,70009360,5914,1,5,1,-1
210053,"灰の狩ズボン（隠密_脚）",243000,1,-1,70009370,5914,1,5,1,-1
210060,"骨炭の仮面（滅びの炎の眷属_頭）",40000,2,-1,70009380,5090,1,5,1,-1
210061,"骨炭の鎧（滅びの炎の眷属_胴）",41000,4,-1,70009390,5090,1,5,1,-1
210062,"骨炭の手甲（滅びの炎の眷属_腕）",42000,2,-1,70009400,5090,1,5,1,-1
210063,"骨炭の足甲（滅びの炎の眷属_脚）",43000,2,-1,70009410,5090,1,5,1,-1
210064,"異常者のフード（狂った邪教徒_頭）",210000,1,-1,70009420,5091,1,5,1,-1
210065,"異常者の装束（狂った邪教徒_胴）",211000,3,-1,70009430,5091,1,5,1,-1
210066,"異常者の腕帯（狂った邪教徒_腕）",212000,1,-1,70009440,5091,1,5,1,-1
210067,"異常者の脚帯（狂った邪教徒_脚）",213000,1,-1,70009450,5091,1,5,1,-1
210070,"略式儀式の汎聖杯",4105,10,-1,6660,5001,1,5,3,-1
210090,"マリアの狩帽子（女性ハンター_頭）",370000,3,-1,70009460,6675,1,5,1,-1
210091,"マリアの狩装束（女性ハンター_胴）",371000,5,-1,70009470,6675,1,5,1,-1
210092,"マリアの狩手袋（女性ハンター_腕）",372000,3,-1,70009480,6675,1,5,1,-1
210093,"マリアの狩ズボン（女性ハンター_脚）",373000,3,-1,70009490,6675,1,5,1,-1
220000,"共鳴する小さな鐘",205,1,-1,6610,6622,1,5,3,-1
220001,"共鳴する不吉な鐘",225,1,-1,6650,6610,1,5,3,-1
220002,"匂いたつ血の酒",1260,1,-1,-1,-1,-1,5,3,-1
220003,"発火ヤスリ",1300,1,-1,-1,12101005,-1,5,3,-1
220004,"獣血の丸薬",1110,1,-1,-1,12101009,-1,5,3,-1
220005,"青い秘薬",1120,2,-1,-1,12101009,-1,5,3,-1
220006,"雷光ヤスリ",1320,1,-1,-1,12101008,-1,5,3,-1
220007,"感覚麻痺の霧",1270,2,-1,-1,12101007,-1,5,3,-1
220008,"血石の欠片",3000,1,-1,-1,5901,-1,5,3,-1
220009,"鉛の秘薬",2030,2,-1,-1,5902,-1,5,3,-1
220010,"血石の二欠片",3010,2,-1,-1,5902,-1,5,3,-1
220011,"祭祀者の骨の刃",2090,1,-1,-1,5003,-1,5,3,-1
220012,"死血花の芽生え",7012,2,-1,-1,5006,-1,5,3,-1
220013,"死血花のつぼみ",7013,4,-1,-1,6603,-1,5,3,-1
220014,"大輪の死血花",7014,8,-1,-1,6603,-1,5,3,-1
220015,"真珠ナメクジ",7100,3,-1,-1,5009,-1,5,3,-1
220016,"レッドゼリー",7110,5,-1,-1,6192,-1,5,3,-1
220017,"聖者の手首",7120,1,-1,-1,6603,-1,5,3,-1
220018,"聖者の頭蓋",7121,2,-1,-1,6603,-1,5,3,-1
220019,"病巣の臓器",7130,2,-1,-1,6603,-1,5,3,-1
220020,"黄色い背骨",7131,3,-1,-1,6603,-1,5,3,-1
220021,"ローランの赤子",7140,7,-1,-1,6603,-1,5,3,-1
220022,"血走った目玉",7150,2,-1,-1,5911,-1,5,3,-1
220023,"生きているひも",7200,10,-1,-1,5913,-1,5,3,-1
220024,"血石の塊",3020,20,-1,-1,5903,-1,5,3,-1
220025,"血の岩",3030,60,-1,-1,5904,-1,5,3,-1
220030,"上級ハンター_頭",50000,1,-1,70009260,5912,1,5,1,-1
220031,"上級ハンター_胴",51000,3,-1,70009270,5912,1,5,1,-1
220032,"上級ハンター_腕",52000,1,-1,70009280,5912,1,5,1,-1
220033,"上級ハンター_脚",53000,1,-1,70009290,5912,1,5,1,-1
220040,"ガスコイン神父_頭",130000,1,-1,70009300,5910,1,5,1,-1
220041,"ガスコイン神父_胴",131000,3,-1,70009310,5910,1,5,1,-1
220042,"ガスコイン神父_腕",132000,1,-1,70009320,5910,1,5,1,-1
220043,"ガスコイン神父_脚",133000,1,-1,70009330,5910,1,5,1,-1
220050,"狼の帽子",10000,1,-1,70009340,5914,1,5,1,-1
220051,"隠密_胴",241000,3,-1,70009350,5914,1,5,1,-1
220052,"隠密_腕",242000,1,-1,70009360,5914,1,5,1,-1
220053,"隠密_脚",243000,1,-1,70009370,5914,1,5,1,-1
220060,"滅びの炎の眷属_頭",40000,2,-1,70009380,5090,1,5,1,-1
220061,"滅びの炎の眷属_胴",41000,4,-1,70009390,5090,1,5,1,-1
220062,"滅びの炎の眷属_腕",42000,2,-1,70009400,5090,1,5,1,-1
220063,"滅びの炎の眷属_脚",43000,2,-1,70009410,5090,1,5,1,-1
220064,"狂った邪教徒_頭",210000,1,-1,70009420,5091,1,5,1,-1
220065,"狂った邪教徒_胴",211000,3,-1,70009430,5091,1,5,1,-1
220066,"狂った邪教徒_腕",212000,1,-1,70009440,5091,1,5,1,-1
220067,"狂った邪教徒_脚",213000,1,-1,70009450,5091,1,5,1,-1
220070,"略式儀式の汎聖杯",4105,10,-1,6660,5001,1,5,3,-1
220090,"女性ハンター_頭",370000,3,-1,70009460,6675,1,5,1,-1
220091,"女性ハンター_胴",371000,5,-1,70009470,6675,1,5,1,-1
220092,"女性ハンター_腕",372000,3,-1,70009480,6675,1,5,1,-1
220093,"女性ハンター_脚",373000,3,-1,70009490,6675,1,5,1,-1
230000,"共鳴する小さな鐘",205,1,-1,6610,6622,1,5,3,-1
230001,"共鳴する不吉な鐘",225,1,-1,6650,6610,1,5,3,-1
230002,"匂いたつ血の酒",1260,1,-1,-1,-1,-1,5,3,-1
230003,"発火ヤスリ",1300,1,-1,-1,12101005,-1,5,3,-1
230004,"獣血の丸薬",1110,1,-1,-1,12101009,-1,5,3,-1
230005,"青い秘薬",1120,2,-1,-1,12101009,-1,5,3,-1
230006,"雷光ヤスリ",1320,1,-1,-1,12101008,-1,5,3,-1
230007,"感覚麻痺の霧",1270,2,-1,-1,12101007,-1,5,3,-1
230008,"血石の欠片",3000,1,-1,-1,5901,-1,5,3,-1
230009,"鉛の秘薬",2030,2,-1,-1,5902,-1,5,3,-1
230010,"血石の二欠片",3010,2,-1,-1,5902,-1,5,3,-1
230011,"祭祀者の骨の刃",2090,1,-1,-1,5003,-1,5,3,-1
230012,"死血花の芽生え",7012,2,-1,-1,5006,-1,5,3,-1
230013,"死血花のつぼみ",7013,4,-1,-1,6603,-1,5,3,-1
230014,"大輪の死血花",7014,8,-1,-1,6603,-1,5,3,-1
230015,"真珠ナメクジ",7100,3,-1,-1,5009,-1,5,3,-1
230016,"レッドゼリー",7110,5,-1,-1,6192,-1,5,3,-1
230017,"聖者の手首",7120,1,-1,-1,6603,-1,5,3,-1
230018,"聖者の頭蓋",7121,2,-1,-1,6603,-1,5,3,-1
230019,"病巣の臓器",7130,2,-1,-1,6603,-1,5,3,-1
230020,"黄色い背骨",7131,3,-1,-1,6603,-1,5,3,-1
230021,"ローランの赤子",7140,7,-1,-1,6603,-1,5,3,-1
230022,"血走った目玉",7150,2,-1,-1,5911,-1,5,3,-1
230023,"生きているひも",7200,10,-1,-1,5913,-1,5,3,-1
230024,"血石の塊",3020,20,-1,-1,5903,-1,5,3,-1
230025,"血の岩",3030,60,-1,-1,5904,-1,5,3,-1
230030,"上級ハンター_頭",50000,1,-1,70009260,5912,1,5,1,-1
230031,"上級ハンター_胴",51000,3,-1,70009270,5912,1,5,1,-1
230032,"上級ハンター_腕",52000,1,-1,70009280,5912,1,5,1,-1
230033,"上級ハンター_脚",53000,1,-1,70009290,5912,1,5,1,-1
230040,"ガスコイン神父_頭",130000,1,-1,70009300,5910,1,5,1,-1
230041,"ガスコイン神父_胴",131000,3,-1,70009310,5910,1,5,1,-1
230042,"ガスコイン神父_腕",132000,1,-1,70009320,5910,1,5,1,-1
230043,"ガスコイン神父_脚",133000,1,-1,70009330,5910,1,5,1,-1
230050,"狼の帽子",10000,1,-1,70009340,5914,1,5,1,-1
230051,"隠密_胴",241000,3,-1,70009350,5914,1,5,1,-1
230052,"隠密_腕",242000,1,-1,70009360,5914,1,5,1,-1
230053,"隠密_脚",243000,1,-1,70009370,5914,1,5,1,-1
230060,"滅びの炎の眷属_頭",40000,2,-1,70009380,5090,1,5,1,-1
230061,"滅びの炎の眷属_胴",41000,4,-1,70009390,5090,1,5,1,-1
230062,"滅びの炎の眷属_腕",42000,2,-1,70009400,5090,1,5,1,-1
230063,"滅びの炎の眷属_脚",43000,2,-1,70009410,5090,1,5,1,-1
230064,"狂った邪教徒_頭",210000,1,-1,70009420,5091,1,5,1,-1
230065,"狂った邪教徒_胴",211000,3,-1,70009430,5091,1,5,1,-1
230066,"狂った邪教徒_腕",212000,1,-1,70009440,5091,1,5,1,-1
230067,"狂った邪教徒_脚",213000,1,-1,70009450,5091,1,5,1,-1
230070,"略式儀式の汎聖杯",4105,10,-1,6660,5001,1,5,3,-1
230090,"女性ハンター_頭",370000,3,-1,70009460,6675,1,5,1,-1
230091,"女性ハンター_胴",371000,5,-1,70009470,6675,1,5,1,-1
230092,"女性ハンター_腕",372000,3,-1,70009480,6675,1,5,1,-1
230093,"女性ハンター_脚",373000,3,-1,70009490,6675,1,5,1,-1
240000,"共鳴する小さな鐘",205,1,-1,6610,6622,1,5,3,-1
240001,"共鳴する不吉な鐘",225,1,-1,6650,6610,1,5,3,-1
240002,"匂いたつ血の酒",1260,1,-1,-1,-1,-1,5,3,-1
240003,"発火ヤスリ",1300,1,-1,-1,12101005,-1,5,3,-1
240004,"獣血の丸薬",1110,1,-1,-1,12101009,-1,5,3,-1
240005,"青い秘薬",1120,2,-1,-1,12101009,-1,5,3,-1
240006,"雷光ヤスリ",1320,1,-1,-1,12101008,-1,5,3,-1
240007,"感覚麻痺の霧",1270,2,-1,-1,12101007,-1,5,3,-1
240008,"血石の欠片",3000,1,-1,-1,5901,-1,5,3,-1
240009,"鉛の秘薬",2030,2,-1,-1,5902,-1,5,3,-1
240010,"血石の二欠片",3010,2,-1,-1,5902,-1,5,3,-1
240011,"祭祀者の骨の刃",2090,1,-1,-1,5003,-1,5,3,-1
240012,"死血花の芽生え",7012,2,-1,-1,5006,-1,5,3,-1
240013,"死血花のつぼみ",7013,4,-1,-1,6603,-1,5,3,-1
240014,"大輪の死血花",7014,8,-1,-1,6603,-1,5,3,-1
240015,"真珠ナメクジ",7100,3,-1,-1,5009,-1,5,3,-1
240016,"レッドゼリー",7110,5,-1,-1,6192,-1,5,3,-1
240017,"聖者の手首",7120,1,-1,-1,6603,-1,5,3,-1
240018,"聖者の頭蓋",7121,2,-1,-1,6603,-1,5,3,-1
240019,"病巣の臓器",7130,2,-1,-1,6603,-1,5,3,-1
240020,"黄色い背骨",7131,3,-1,-1,6603,-1,5,3,-1
240021,"ローランの赤子",7140,7,-1,-1,6603,-1,5,3,-1
240022,"血走った目玉",7150,2,-1,-1,5911,-1,5,3,-1
240023,"生きているひも",7200,10,-1,-1,5913,-1,5,3,-1
240024,"血石の塊",3020,20,-1,-1,5903,-1,5,3,-1
240025,"血の岩",3030,60,-1,-1,5904,-1,5,3,-1
240030,"上級ハンター_頭",50000,1,-1,70009260,5912,1,5,1,-1
240031,"上級ハンター_胴",51000,3,-1,70009270,5912,1,5,1,-1
240032,"上級ハンター_腕",52000,1,-1,70009280,5912,1,5,1,-1
240033,"上級ハンター_脚",53000,1,-1,70009290,5912,1,5,1,-1
240040,"ガスコイン神父_頭",130000,1,-1,70009300,5910,1,5,1,-1
240041,"ガスコイン神父_胴",131000,3,-1,70009310,5910,1,5,1,-1
240042,"ガスコイン神父_腕",132000,1,-1,70009320,5910,1,5,1,-1
240043,"ガスコイン神父_脚",133000,1,-1,70009330,5910,1,5,1,-1
240050,"狼の帽子",10000,1,-1,70009340,5914,1,5,1,-1
240051,"隠密_胴",241000,3,-1,70009350,5914,1,5,1,-1
240052,"隠密_腕",242000,1,-1,70009360,5914,1,5,1,-1
240053,"隠密_脚",243000,1,-1,70009370,5914,1,5,1,-1
240060,"滅びの炎の眷属_頭",40000,2,-1,70009380,5090,1,5,1,-1
240061,"滅びの炎の眷属_胴",41000,4,-1,70009390,5090,1,5,1,-1
240062,"滅びの炎の眷属_腕",42000,2,-1,70009400,5090,1,5,1,-1
240063,"滅びの炎の眷属_脚",43000,2,-1,70009410,5090,1,5,1,-1
240064,"狂った邪教徒_頭",210000,1,-1,70009420,5091,1,5,1,-1
240065,"狂った邪教徒_胴",211000,3,-1,70009430,5091,1,5,1,-1
240066,"狂った邪教徒_腕",212000,1,-1,70009440,5091,1,5,1,-1
240067,"狂った邪教徒_脚",213000,1,-1,70009450,5091,1,5,1,-1
240070,"略式儀式の汎聖杯",4105,10,-1,6660,5001,1,5,3,-1
240090,"女性ハンター_頭",370000,3,-1,70009460,6675,1,5,1,-1
240091,"女性ハンター_胴",371000,5,-1,70009470,6675,1,5,1,-1
240092,"女性ハンター_腕",372000,3,-1,70009480,6675,1,5,1,-1
240093,"女性ハンター_脚",373000,3,-1,70009490,6675,1,5,1,-1
510000,"輸血液",1000,690,-1,-1,-1,-1,0,3,-1
510001,"銃弾",900,600,-1,-1,-1,-1,0,3,-1
510002,"解毒薬",1100,870,-1,-1,-1,-1,0,3,-1
510003,"火炎瓶",1200,550,-1,-1,-1,-1,0,3,-1
510004,"油壺",1220,960,-1,-1,-1,-1,0,3,-1
510005,"背後火炎瓶",1250,580,-1,-1,-1,-1,0,3,-1
510006,"投げナイフ",1240,290,-1,-1,-1,-1,0,3,-1
510007,"毒ナイフ",1210,870,-1,-1,-1,-1,0,3,-1
510008,"石ころ",1230,2,-1,-1,-1,-1,0,3,-1
510009,"帰還",1400,1200,-1,-1,-1,-1,0,3,-1
510010,"道標",1410,40,-1,-1,-1,-1,0,3,-1
510011,"不吉なトゥメルの汎聖杯（３）",6302,9000,-1,70009200,92905385,1,0,3,-1
510012,"不吉な僻墓の汎聖杯（３）",6312,10000,-1,70009210,92905386,1,0,3,-1
510013,"不吉なトゥメル＝イルの汎聖杯（５）",6502,16000,-1,70009220,92905387,1,0,3,-1
510014,"不吉な病めるローランの汎聖杯（５）",6522,18000,-1,70009230,92905388,1,0,3,-1
510015,"不吉なイズの汎聖杯（５）",6532,20000,-1,70009240,92905389,1,0,3,-1
510100,"異質の獣狩り曲刀",23010000,16000,-1,-1,6683,-1,0,0,-1
510101,"失われた獣狩り曲刀",23020000,16000,-1,-1,6683,-1,0,0,-1
510102,"異質の獣肉断ち",24010000,20000,-1,-1,6684,-1,0,0,-1
510103,"失われた獣肉断ち",24020000,20000,-1,-1,6684,-1,0,0,-1
510104,"異質の教会杭",30010000,16000,-1,-1,6685,-1,0,0,-1
510105,"失われた教会杭",30020000,16000,-1,-1,6685,-1,0,0,-1
510106,"異質の弓剣",32010000,24000,-1,-1,6686,-1,0,0,-1
510107,"失われた弓剣",32020000,24000,-1,-1,6686,-1,0,0,-1
510108,"異質の月光聖剣",26010000,80000,-1,-1,6687,-1,0,0,-1
510109,"失われた月光聖剣",26020000,80000,-1,-1,6687,-1,0,0,-1
510110,"異質の落葉",27010000,50000,-1,-1,6688,-1,0,0,-1
510111,"失われた落葉",27020000,50000,-1,-1,6688,-1,0,0,-1
510112,"異質の回転ノコギリ",31010000,30000,-1,-1,6689,-1,0,0,-1
510113,"失われた回転ノコギリ",31020000,30000,-1,-1,6689,-1,0,0,-1
510114,"異質の爆発金槌",28010000,28000,-1,-1,6690,-1,0,0,-1
510115,"失われた爆発金槌",28020000,28000,-1,-1,6690,-1,0,0,-1
510116,"異質の瀉血槌",29010000,44000,-1,-1,6691,-1,0,0,-1
510117,"失われた瀉血槌",29020000,44000,-1,-1,6691,-1,0,0,-1
510118,"異質の小アメン腕",25010000,66000,-1,-1,6692,-1,0,0,-1
510119,"失われた小アメン腕",25020000,66000,-1,-1,6692,-1,0,0,-1
510120,"異質の寄生虫",38010000,60000,-1,-1,6693,-1,0,0,-1
510121,"失われた寄生虫",38020000,60000,-1,-1,6693,-1,0,0,-1
520000,"輸血液",1000,1700,-1,-1,-1,-1,0,3,-1
520001,"銃弾",900,1500,-1,-1,-1,-1,0,3,-1
520002,"解毒薬",1100,1900,-1,-1,-1,-1,0,3,-1
520003,"火炎瓶",1200,1200,-1,-1,-1,-1,0,3,-1
520004,"油壺",1220,2000,-1,-1,-1,-1,0,3,-1
520005,"背後火炎瓶",1250,1300,-1,-1,-1,-1,0,3,-1
520006,"投げナイフ",1240,700,-1,-1,-1,-1,0,3,-1
520007,"毒ナイフ",1210,1900,-1,-1,-1,-1,0,3,-1
520008,"石ころ",1230,2,-1,-1,-1,-1,0,3,-1
520009,"帰還",1400,1700,-1,-1,-1,-1,0,3,-1
520010,"道標",1410,40,-1,-1,-1,-1,0,3,-1
520011,"不吉なトゥメルの汎聖杯（３）",6302,9000,-1,70009200,92905385,1,0,3,-1
520012,"不吉な僻墓の汎聖杯（３）",6312,10000,-1,70009210,92905386,1,0,3,-1
520013,"不吉なトゥメル＝イルの汎聖杯（５）",6502,16000,-1,70009220,92905387,1,0,3,-1
520014,"不吉な病めるローランの汎聖杯（５）",6522,18000,-1,70009230,92905388,1,0,3,-1
520015,"不吉なイズの汎聖杯（５）",6532,20000,-1,70009240,92905389,1,0,3,-1
520100,"異質の獣狩り曲刀",23010000,16000,-1,-1,6683,-1,0,0,-1
520101,"失われた獣狩り曲刀",23020000,16000,-1,-1,6683,-1,0,0,-1
520102,"異質の獣肉断ち",24010000,20000,-1,-1,6684,-1,0,0,-1
520103,"失われた獣肉断ち",24020000,20000,-1,-1,6684,-1,0,0,-1
520104,"異質の教会杭",30010000,16000,-1,-1,6685,-1,0,0,-1
520105,"失われた教会杭",30020000,16000,-1,-1,6685,-1,0,0,-1
520106,"異質の弓剣",32010000,24000,-1,-1,6686,-1,0,0,-1
520107,"失われた弓剣",32020000,24000,-1,-1,6686,-1,0,0,-1
520108,"異質の月光聖剣",26010000,80000,-1,-1,6687,-1,0,0,-1
520109,"失われた月光聖剣",26020000,80000,-1,-1,6687,-1,0,0,-1
520110,"異質の落葉",27010000,50000,-1,-1,6688,-1,0,0,-1
520111,"失われた落葉",27020000,50000,-1,-1,6688,-1,0,0,-1
520112,"異質の回転ノコギリ",31010000,30000,-1,-1,6689,-1,0,0,-1
520113,"失われた回転ノコギリ",31020000,30000,-1,-1,6689,-1,0,0,-1
520114,"異質の爆発金槌",28010000,28000,-1,-1,6690,-1,0,0,-1
520115,"失われた爆発金槌",28020000,28000,-1,-1,6690,-1,0,0,-1
520116,"異質の瀉血槌",29010000,44000,-1,-1,6691,-1,0,0,-1
520117,"失われた瀉血槌",29020000,44000,-1,-1,6691,-1,0,0,-1
520118,"異質の小アメン腕",25010000,66000,-1,-1,6692,-1,0,0,-1
520119,"失われた小アメン腕",25020000,66000,-1,-1,6692,-1,0,0,-1
520120,"異質の寄生虫",38010000,60000,-1,-1,6693,-1,0,0,-1
520121,"失われた寄生虫",38020000,60000,-1,-1,6693,-1,0,0,-1
530000,"輸血液",1000,3500,-1,-1,-1,-1,0,3,-1
530001,"銃弾",900,3000,-1,-1,-1,-1,0,3,-1
530002,"解毒薬",1100,3300,-1,-1,-1,-1,0,3,-1
530003,"火炎瓶",1200,2300,-1,-1,-1,-1,0,3,-1
530004,"油壺",1220,3500,-1,-1,-1,-1,0,3,-1
530005,"背後火炎瓶",1250,2400,-1,-1,-1,-1,0,3,-1
530006,"投げナイフ",1240,1200,-1,-1,-1,-1,0,3,-1
530007,"毒ナイフ",1210,3300,-1,-1,-1,-1,0,3,-1
530008,"石ころ",1230,2,-1,-1,-1,-1,0,3,-1
530009,"帰還",1400,1700,-1,-1,-1,-1,0,3,-1
530010,"道標",1410,40,-1,-1,-1,-1,0,3,-1
530011,"不吉なトゥメルの汎聖杯（３）",6302,9000,-1,70009200,92905385,1,0,3,-1
530012,"不吉な僻墓の汎聖杯（３）",6312,10000,-1,70009210,92905386,1,0,3,-1
530013,"不吉なトゥメル＝イルの汎聖杯（５）",6502,16000,-1,70009220,92905387,1,0,3,-1
530014,"不吉な病めるローランの汎聖杯（５）",6522,18000,-1,70009230,92905388,1,0,3,-1
530015,"不吉なイズの汎聖杯（５）",6532,20000,-1,70009240,92905389,1,0,3,-1
530100,"異質の獣狩り曲刀",23010000,16000,-1,-1,6683,-1,0,0,-1
530101,"失われた獣狩り曲刀",23020000,16000,-1,-1,6683,-1,0,0,-1
530102,"異質の獣肉断ち",24010000,20000,-1,-1,6684,-1,0,0,-1
530103,"失われた獣肉断ち",24020000,20000,-1,-1,6684,-1,0,0,-1
530104,"異質の教会杭",30010000,16000,-1,-1,6685,-1,0,0,-1
530105,"失われた教会杭",30020000,16000,-1,-1,6685,-1,0,0,-1
530106,"異質の弓剣",32010000,24000,-1,-1,6686,-1,0,0,-1
530107,"失われた弓剣",32020000,24000,-1,-1,6686,-1,0,0,-1
530108,"異質の月光聖剣",26010000,80000,-1,-1,6687,-1,0,0,-1
530109,"失われた月光聖剣",26020000,80000,-1,-1,6687,-1,0,0,-1
530110,"異質の落葉",27010000,50000,-1,-1,6688,-1,0,0,-1
530111,"失われた落葉",27020000,50000,-1,-1,6688,-1,0,0,-1
530112,"異質の回転ノコギリ",31010000,30000,-1,-1,6689,-1,0,0,-1
530113,"失われた回転ノコギリ",31020000,30000,-1,-1,6689,-1,0,0,-1
530114,"異質の爆発金槌",28010000,28000,-1,-1,6690,-1,0,0,-1
530115,"失われた爆発金槌",28020000,28000,-1,-1,6690,-1,0,0,-1
530116,"異質の瀉血槌",29010000,44000,-1,-1,6691,-1,0,0,-1
530117,"失われた瀉血槌",29020000,44000,-1,-1,6691,-1,0,0,-1
530118,"異質の小アメン腕",25010000,66000,-1,-1,6692,-1,0,0,-1
530119,"失われた小アメン腕",25020000,66000,-1,-1,6692,-1,0,0,-1
530120,"異質の寄生虫",38010000,60000,-1,-1,6693,-1,0,0,-1
530121,"失われた寄生虫",38020000,60000,-1,-1,6693,-1,0,0,-1
540000,"輸血液",1000,5200,-1,-1,-1,-1,0,3,-1
540001,"銃弾",900,4500,-1,-1,-1,-1,0,3,-1
540002,"解毒薬",1100,4000,-1,-1,-1,-1,0,3,-1
540003,"火炎瓶",1200,2900,-1,-1,-1,-1,0,3,-1
540004,"油壺",1220,4400,-1,-1,-1,-1,0,3,-1
540005,"背後火炎瓶",1250,3000,-1,-1,-1,-1,0,3,-1
540006,"投げナイフ",1240,1500,-1,-1,-1,-1,0,3,-1
540007,"毒ナイフ",1210,4000,-1,-1,-1,-1,0,3,-1
540008,"石ころ",1230,2,-1,-1,-1,-1,0,3,-1
540009,"帰還",1400,1700,-1,-1,-1,-1,0,3,-1
540010,"道標",1410,40,-1,-1,-1,-1,0,3,-1
540011,"不吉なトゥメルの汎聖杯（３）",6302,9000,-1,70009200,92905385,1,0,3,-1
540012,"不吉な僻墓の汎聖杯（３）",6312,10000,-1,70009210,92905386,1,0,3,-1
540013,"不吉なトゥメル＝イルの汎聖杯（５）",6502,16000,-1,70009220,92905387,1,0,3,-1
540014,"不吉な病めるローランの汎聖杯（５）",6522,18000,-1,70009230,92905388,1,0,3,-1
540015,"不吉なイズの汎聖杯（５）",6532,20000,-1,70009240,92905389,1,0,3,-1
540100,"異質の獣狩り曲刀",23010000,16000,-1,-1,6683,-1,0,0,-1
540101,"失われた獣狩り曲刀",23020000,16000,-1,-1,6683,-1,0,0,-1
540102,"異質の獣肉断ち",24010000,20000,-1,-1,6684,-1,0,0,-1
540103,"失われた獣肉断ち",24020000,20000,-1,-1,6684,-1,0,0,-1
540104,"異質の教会杭",30010000,16000,-1,-1,6685,-1,0,0,-1
540105,"失われた教会杭",30020000,16000,-1,-1,6685,-1,0,0,-1
540106,"異質の弓剣",32010000,24000,-1,-1,6686,-1,0,0,-1
540107,"失われた弓剣",32020000,24000,-1,-1,6686,-1,0,0,-1
540108,"異質の月光聖剣",26010000,80000,-1,-1,6687,-1,0,0,-1
540109,"失われた月光聖剣",26020000,80000,-1,-1,6687,-1,0,0,-1
540110,"異質の落葉",27010000,50000,-1,-1,6688,-1,0,0,-1
540111,"失われた落葉",27020000,50000,-1,-1,6688,-1,0,0,-1
540112,"異質の回転ノコギリ",31010000,30000,-1,-1,6689,-1,0,0,-1
540113,"失われた回転ノコギリ",31020000,30000,-1,-1,6689,-1,0,0,-1
540114,"異質の爆発金槌",28010000,28000,-1,-1,6690,-1,0,0,-1
540115,"失われた爆発金槌",28020000,28000,-1,-1,6690,-1,0,0,-1
540116,"異質の瀉血槌",29010000,44000,-1,-1,6691,-1,0,0,-1
540117,"失われた瀉血槌",29020000,44000,-1,-1,6691,-1,0,0,-1
540118,"異質の小アメン腕",25010000,66000,-1,-1,6692,-1,0,0,-1
540119,"失われた小アメン腕",25020000,66000,-1,-1,6692,-1,0,0,-1
540120,"異質の寄生虫",38010000,60000,-1,-1,6693,-1,0,0,-1
540121,"失われた寄生虫",38020000,60000,-1,-1,6693,-1,0,0,-1
610000,"輸血液",1000,860,-1,-1,-1,-1,0,3,-1
610001,"銃弾",900,750,-1,-1,-1,-1,0,3,-1
610002,"解毒薬",1100,1080,-1,-1,-1,-1,0,3,-1
610003,"火炎瓶",1200,680,-1,-1,-1,-1,0,3,-1
610004,"油壺",1220,1200,-1,-1,-1,-1,0,3,-1
610005,"背後火炎瓶",1250,720,-1,-1,-1,-1,0,3,-1
610006,"投げナイフ",1240,360,-1,-1,-1,-1,0,3,-1
610007,"毒ナイフ",1210,1080,-1,-1,-1,-1,0,3,-1
610008,"狂気回復",1101,1300,-1,-1,-1,-1,0,3,-1
610009,"石ころ",1230,20,-1,-1,-1,-1,0,3,-1
610010,"帰還",1400,1400,-1,-1,-1,-1,0,3,-1
610011,"道標",1410,100,-1,-1,-1,-1,0,3,-1
610012,"エンチャント【炎】",1300,3000,-1,-1,-1,-1,0,3,-1
610013,"エンチャント【雷】",1320,3800,-1,-1,-1,-1,0,3,-1
610014,"銃威力アップ",1330,1300,-1,-1,-1,-1,0,3,-1
610015,"獣誘い",1260,3600,-1,-1,-1,-1,0,3,-1
610100,"異質の獣狩り曲刀",23010000,16000,-1,-1,6683,-1,0,0,-1
610101,"失われた獣狩り曲刀",23020000,16000,-1,-1,6683,-1,0,0,-1
610102,"異質の獣肉断ち",24010000,20000,-1,-1,6684,-1,0,0,-1
610103,"失われた獣肉断ち",24020000,20000,-1,-1,6684,-1,0,0,-1
610104,"異質の教会杭",30010000,16000,-1,-1,6685,-1,0,0,-1
610105,"失われた教会杭",30020000,16000,-1,-1,6685,-1,0,0,-1
610106,"異質の弓剣",32010000,24000,-1,-1,6686,-1,0,0,-1
610107,"失われた弓剣",32020000,24000,-1,-1,6686,-1,0,0,-1
610108,"異質の月光聖剣",26010000,80000,-1,-1,6687,-1,0,0,-1
610109,"失われた月光聖剣",26020000,80000,-1,-1,6687,-1,0,0,-1
610110,"異質の落葉",27010000,50000,-1,-1,6688,-1,0,0,-1
610111,"失われた落葉",27020000,50000,-1,-1,6688,-1,0,0,-1
610112,"異質の回転ノコギリ",31010000,30000,-1,-1,6689,-1,0,0,-1
610113,"失われた回転ノコギリ",31020000,30000,-1,-1,6689,-1,0,0,-1
610114,"異質の爆発金槌",28010000,28000,-1,-1,6690,-1,0,0,-1
610115,"失われた爆発金槌",28020000,28000,-1,-1,6690,-1,0,0,-1
610116,"異質の瀉血槌",29010000,44000,-1,-1,6691,-1,0,0,-1
610117,"失われた瀉血槌",29020000,44000,-1,-1,6691,-1,0,0,-1
610118,"異質の小アメン腕",25010000,66000,-1,-1,6692,-1,0,0,-1
610119,"失われた小アメン腕",25020000,66000,-1,-1,6692,-1,0,0,-1
610120,"異質の寄生虫",38010000,60000,-1,-1,6693,-1,0,0,-1
610121,"失われた寄生虫",38020000,60000,-1,-1,6693,-1,0,0,-1
620000,"輸血液",1000,2100,-1,-1,-1,-1,0,3,-1
620001,"銃弾",900,1800,-1,-1,-1,-1,0,3,-1
620002,"解毒薬",1100,2300,-1,-1,-1,-1,0,3,-1
620003,"火炎瓶",1200,1500,-1,-1,-1,-1,0,3,-1
620004,"油壺",1220,2400,-1,-1,-1,-1,0,3,-1
620005,"背後火炎瓶",1250,1600,-1,-1,-1,-1,0,3,-1
620006,"投げナイフ",1240,800,-1,-1,-1,-1,0,3,-1
620007,"毒ナイフ",1210,2300,-1,-1,-1,-1,0,3,-1
620008,"狂気回復",1101,2800,-1,-1,-1,-1,0,3,-1
620009,"石ころ",1230,20,-1,-1,-1,-1,0,3,-1
620010,"帰還",1400,2100,-1,-1,-1,-1,0,3,-1
620011,"道標",1410,100,-1,-1,-1,-1,0,3,-1
620012,"エンチャント【炎】",1300,7500,-1,-1,-1,-1,0,3,-1
620013,"エンチャント【雷】",1320,9000,-1,-1,-1,-1,0,3,-1
620014,"銃威力アップ",1330,3200,-1,-1,-1,-1,0,3,-1
620015,"獣誘い",1260,9000,-1,-1,-1,-1,0,3,-1
620100,"異質の獣狩り曲刀",23010000,16000,-1,-1,6683,-1,0,0,-1
620101,"失われた獣狩り曲刀",23020000,16000,-1,-1,6683,-1,0,0,-1
620102,"異質の獣肉断ち",24010000,20000,-1,-1,6684,-1,0,0,-1
620103,"失われた獣肉断ち",24020000,20000,-1,-1,6684,-1,0,0,-1
620104,"異質の教会杭",30010000,16000,-1,-1,6685,-1,0,0,-1
620105,"失われた教会杭",30020000,16000,-1,-1,6685,-1,0,0,-1
620106,"異質の弓剣",32010000,24000,-1,-1,6686,-1,0,0,-1
620107,"失われた弓剣",32020000,24000,-1,-1,6686,-1,0,0,-1
620108,"異質の月光聖剣",26010000,80000,-1,-1,6687,-1,0,0,-1
620109,"失われた月光聖剣",26020000,80000,-1,-1,6687,-1,0,0,-1
620110,"異質の落葉",27010000,50000,-1,-1,6688,-1,0,0,-1
620111,"失われた落葉",27020000,50000,-1,-1,6688,-1,0,0,-1
620112,"異質の回転ノコギリ",31010000,30000,-1,-1,6689,-1,0,0,-1
620113,"失われた回転ノコギリ",31020000,30000,-1,-1,6689,-1,0,0,-1
620114,"異質の爆発金槌",28010000,28000,-1,-1,6690,-1,0,0,-1
620115,"失われた爆発金槌",28020000,28000,-1,-1,6690,-1,0,0,-1
620116,"異質の瀉血槌",29010000,44000,-1,-1,6691,-1,0,0,-1
620117,"失われた瀉血槌",29020000,44000,-1,-1,6691,-1,0,0,-1
620118,"異質の小アメン腕",25010000,66000,-1,-1,6692,-1,0,0,-1
620119,"失われた小アメン腕",25020000,66000,-1,-1,6692,-1,0,0,-1
620120,"異質の寄生虫",38010000,60000,-1,-1,6693,-1,0,0,-1
620121,"失われた寄生虫",38020000,60000,-1,-1,6693,-1,0,0,-1
630000,"輸血液",1000,4300,-1,-1,-1,-1,0,3,-1
630001,"銃弾",900,3700,-1,-1,-1,-1,0,3,-1
630002,"解毒薬",1100,4100,-1,-1,-1,-1,0,3,-1
630003,"火炎瓶",1200,2800,-1,-1,-1,-1,0,3,-1
630004,"油壺",1220,4300,-1,-1,-1,-1,0,3,-1
630005,"背後火炎瓶",1250,3000,-1,-1,-1,-1,0,3,-1
630006,"投げナイフ",1240,1400,-1,-1,-1,-1,0,3,-1
630007,"毒ナイフ",1210,4100,-1,-1,-1,-1,0,3,-1
630008,"狂気回復",1101,5000,-1,-1,-1,-1,0,3,-1
630009,"石ころ",1230,20,-1,-1,-1,-1,0,3,-1
630010,"帰還",1400,2100,-1,-1,-1,-1,0,3,-1
630011,"道標",1410,100,-1,-1,-1,-1,0,3,-1
630012,"エンチャント【炎】",1300,15000,-1,-1,-1,-1,0,3,-1
630013,"エンチャント【雷】",1320,17000,-1,-1,-1,-1,0,3,-1
630014,"銃威力アップ",1330,6500,-1,-1,-1,-1,0,3,-1
630015,"獣誘い",1260,18000,-1,-1,-1,-1,0,3,-1
630100,"異質の獣狩り曲刀",23010000,16000,-1,-1,6683,-1,0,0,-1
630101,"失われた獣狩り曲刀",23020000,16000,-1,-1,6683,-1,0,0,-1
630102,"異質の獣肉断ち",24010000,20000,-1,-1,6684,-1,0,0,-1
630103,"失われた獣肉断ち",24020000,20000,-1,-1,6684,-1,0,0,-1
630104,"異質の教会杭",30010000,16000,-1,-1,6685,-1,0,0,-1
630105,"失われた教会杭",30020000,16000,-1,-1,6685,-1,0,0,-1
630106,"異質の弓剣",32010000,24000,-1,-1,6686,-1,0,0,-1
630107,"失われた弓剣",32020000,24000,-1,-1,6686,-1,0,0,-1
630108,"異質の月光聖剣",26010000,80000,-1,-1,6687,-1,0,0,-1
630109,"失われた月光聖剣",26020000,80000,-1,-1,6687,-1,0,0,-1
630110,"異質の落葉",27010000,50000,-1,-1,6688,-1,0,0,-1
630111,"失われた落葉",27020000,50000,-1,-1,6688,-1,0,0,-1
630112,"異質の回転ノコギリ",31010000,30000,-1,-1,6689,-1,0,0,-1
630113,"失われた回転ノコギリ",31020000,30000,-1,-1,6689,-1,0,0,-1
630114,"異質の爆発金槌",28010000,28000,-1,-1,6690,-1,0,0,-1
630115,"失われた爆発金槌",28020000,28000,-1,-1,6690,-1,0,0,-1
630116,"異質の瀉血槌",29010000,44000,-1,-1,6691,-1,0,0,-1
630117,"失われた瀉血槌",29020000,44000,-1,-1,6691,-1,0,0,-1
630118,"異質の小アメン腕",25010000,66000,-1,-1,6692,-1,0,0,-1
630119,"失われた小アメン腕",25020000,66000,-1,-1,6692,-1,0,0,-1
630120,"異質の寄生虫",38010000,60000,-1,-1,6693,-1,0,0,-1
630121,"失われた寄生虫",38020000,60000,-1,-1,6693,-1,0,0,-1
640000,"輸血液",1000,6400,-1,-1,-1,-1,0,3,-1
640001,"銃弾",900,5600,-1,-1,-1,-1,0,3,-1
640002,"解毒薬",1100,5000,-1,-1,-1,-1,0,3,-1
640003,"火炎瓶",1200,3600,-1,-1,-1,-1,0,3,-1
640004,"油壺",1220,5400,-1,-1,-1,-1,0,3,-1
640005,"背後火炎瓶",1250,3700,-1,-1,-1,-1,0,3,-1
640006,"投げナイフ",1240,1800,-1,-1,-1,-1,0,3,-1
640007,"毒ナイフ",1210,5000,-1,-1,-1,-1,0,3,-1
640008,"狂気回復",1101,6100,-1,-1,-1,-1,0,3,-1
640009,"石ころ",1230,20,-1,-1,-1,-1,0,3,-1
640010,"帰還",1400,2100,-1,-1,-1,-1,0,3,-1
640011,"道標",1410,100,-1,-1,-1,-1,0,3,-1
640012,"エンチャント【炎】",1300,23000,-1,-1,-1,-1,0,3,-1
640013,"エンチャント【雷】",1320,25000,-1,-1,-1,-1,0,3,-1
640014,"銃威力アップ",1330,10000,-1,-1,-1,-1,0,3,-1
640015,"獣誘い",1260,27000,-1,-1,-1,-1,0,3,-1
640100,"異質の獣狩り曲刀",23010000,16000,-1,-1,6683,-1,0,0,-1
640101,"失われた獣狩り曲刀",23020000,16000,-1,-1,6683,-1,0,0,-1
640102,"異質の獣肉断ち",24010000,20000,-1,-1,6684,-1,0,0,-1
640103,"失われた獣肉断ち",24020000,20000,-1,-1,6684,-1,0,0,-1
640104,"異質の教会杭",30010000,16000,-1,-1,6685,-1,0,0,-1
640105,"失われた教会杭",30020000,16000,-1,-1,6685,-1,0,0,-1
640106,"異質の弓剣",32010000,24000,-1,-1,6686,-1,0,0,-1
640107,"失われた弓剣",32020000,24000,-1,-1,6686,-1,0,0,-1
640108,"異質の月光聖剣",26010000,80000,-1,-1,6687,-1,0,0,-1
640109,"失われた月光聖剣",26020000,80000,-1,-1,6687,-1,0,0,-1
640110,"異質の落葉",27010000,50000,-1,-1,6688,-1,0,0,-1
640111,"失われた落葉",27020000,50000,-1,-1,6688,-1,0,0,-1
640112,"異質の回転ノコギリ",31010000,30000,-1,-1,6689,-1,0,0,-1
640113,"失われた回転ノコギリ",31020000,30000,-1,-1,6689,-1,0,0,-1
640114,"異質の爆発金槌",28010000,28000,-1,-1,6690,-1,0,0,-1
640115,"失われた爆発金槌",28020000,28000,-1,-1,6690,-1,0,0,-1
640116,"異質の瀉血槌",29010000,44000,-1,-1,6691,-1,0,0,-1
640117,"失われた瀉血槌",29020000,44000,-1,-1,6691,-1,0,0,-1
640118,"異質の小アメン腕",25010000,66000,-1,-1,6692,-1,0,0,-1
640119,"失われた小アメン腕",25020000,66000,-1,-1,6692,-1,0,0,-1
640120,"異質の寄生虫",38010000,60000,-1,-1,6693,-1,0,0,-1
640121,"失われた寄生虫",38020000,60000,-1,-1,6693,-1,0,0,-1
900000,"ノコナタ_スロットタイプ1",90100000,1,-1,-1,-1,-1,0,0,-1
900001,"ノコナタ_スロットタイプ2",90110000,1,-1,-1,-1,-1,0,0,-1
900002,"ノコナタ_スロットタイプ3",90120000,1,-1,-1,-1,-1,0,0,-1
